Manufacturer, Model, Capacity_TB, Speed (RPM), Price
Western Digital,Paper,6 TB,5400 RPM,445.92 RON
Western Digital,Inside,4 TB,5400 RPM,459.85 RON
ADATA,Radio,10 TB,5400 RPM,982.54 RON
Corsair,Health,5 TB,7200 RPM,377.6 RON
Corsair,Realize,2 TB,5400 RPM,252.99 RON
Western Digital,Ground,5 TB,5400 RPM,528.92 RON
Seagate,Large,8 TB,5400 RPM,964.34 RON
Seagate,Money,8 TB,5400 RPM,919.78 RON
ADATA,Dog,3 TB,5400 RPM,723.81 RON
Samsung,Despite,1 TB,5400 RPM,361.58 RON
ADATA,Listen,3 TB,7200 RPM,884.31 RON
Seagate,Catch,6 TB,7200 RPM,556.43 RON
Western Digital,Law,3 TB,5400 RPM,266.68 RON
Samsung,Gas,2 TB,7200 RPM,484.32 RON
Crucial,Force,5 TB,5400 RPM,715.55 RON
Samsung,Fear,10 TB,7200 RPM,522.01 RON
Seagate,Fast,10 TB,5400 RPM,958.65 RON
Western Digital,War,1 TB,5400 RPM,434.07 RON
Western Digital,A,2 TB,5400 RPM,254.25 RON
ADATA,Leave,2 TB,5400 RPM,432.81 RON
ADATA,Dream,2 TB,7200 RPM,611.11 RON
Seagate,Pm,6 TB,5400 RPM,499.39 RON
ADATA,Receive,3 TB,7200 RPM,266.65 RON
Western Digital,Price,8 TB,5400 RPM,311.11 RON
Western Digital,Adult,6 TB,7200 RPM,812.28 RON
ADATA,Those,5 TB,5400 RPM,830.82 RON
Samsung,Yourself,2 TB,7200 RPM,492.96 RON
Crucial,Trade,5 TB,5400 RPM,306.2 RON
Seagate,Like,8 TB,7200 RPM,528.86 RON
Corsair,Character,4 TB,5400 RPM,403.34 RON
ADATA,Husband,8 TB,5400 RPM,885.92 RON
Western Digital,Meet,4 TB,5400 RPM,639.34 RON
Samsung,Up,10 TB,5400 RPM,866.01 RON
Crucial,Unit,10 TB,7200 RPM,262.05 RON
Western Digital,Although,3 TB,5400 RPM,289.86 RON
ADATA,Continue,4 TB,7200 RPM,397.88 RON
Samsung,Reduce,5 TB,5400 RPM,489.29 RON
ADATA,Democrat,4 TB,5400 RPM,414.33 RON
Corsair,Administration,6 TB,7200 RPM,815.26 RON
Samsung,Floor,10 TB,5400 RPM,947.39 RON
Western Digital,Yard,2 TB,7200 RPM,738.27 RON
Western Digital,Game,4 TB,5400 RPM,429.4 RON
Western Digital,Season,10 TB,5400 RPM,702.41 RON
Western Digital,Information,10 TB,7200 RPM,933.09 RON
Corsair,Few,1 TB,7200 RPM,825.72 RON
Samsung,Threat,8 TB,5400 RPM,763.18 RON
Corsair,Its,10 TB,5400 RPM,260.36 RON
Crucial,A,1 TB,7200 RPM,855.69 RON
Seagate,Glass,4 TB,5400 RPM,532.64 RON
Western Digital,Billion,5 TB,7200 RPM,754.22 RON
Corsair,At,4 TB,5400 RPM,693.86 RON
Samsung,Coach,8 TB,5400 RPM,512.31 RON
Corsair,Most,10 TB,5400 RPM,660.72 RON
Western Digital,Something,6 TB,7200 RPM,615.41 RON
Crucial,Push,1 TB,7200 RPM,508.92 RON
Corsair,Level,5 TB,5400 RPM,623.12 RON
Seagate,Against,5 TB,7200 RPM,825.26 RON
Samsung,Since,5 TB,5400 RPM,402.67 RON
Crucial,You,6 TB,5400 RPM,519.37 RON
Western Digital,Budget,3 TB,7200 RPM,273.02 RON
ADATA,People,1 TB,7200 RPM,626.99 RON
Western Digital,Top,10 TB,7200 RPM,923.89 RON
Samsung,Range,10 TB,5400 RPM,609.13 RON
Crucial,Doctor,1 TB,5400 RPM,639.66 RON
Corsair,Author,5 TB,7200 RPM,479.02 RON
Western Digital,Skin,5 TB,7200 RPM,375.57 RON
Samsung,Person,8 TB,5400 RPM,378.08 RON
Seagate,Western,1 TB,5400 RPM,875.11 RON
ADATA,Take,8 TB,5400 RPM,778.59 RON
Crucial,Rich,2 TB,7200 RPM,554.65 RON
Corsair,Executive,10 TB,5400 RPM,417.12 RON
ADATA,Night,3 TB,7200 RPM,641.63 RON
Seagate,Everyone,10 TB,5400 RPM,683.87 RON
ADATA,Bank,6 TB,5400 RPM,718.23 RON
Crucial,Exist,10 TB,7200 RPM,504.59 RON
Samsung,Enter,8 TB,5400 RPM,738.81 RON
Samsung,Fill,6 TB,5400 RPM,558.43 RON
ADATA,Each,4 TB,7200 RPM,603.52 RON
ADATA,Structure,8 TB,5400 RPM,613.86 RON
Western Digital,Follow,3 TB,5400 RPM,254.93 RON
Crucial,Attorney,4 TB,5400 RPM,889.97 RON
ADATA,Half,6 TB,5400 RPM,765.22 RON
Corsair,Finish,4 TB,7200 RPM,240.59 RON
Seagate,Investment,2 TB,7200 RPM,537.77 RON
Samsung,Away,8 TB,7200 RPM,641.68 RON
Corsair,Thousand,3 TB,5400 RPM,823.85 RON
Corsair,Attack,1 TB,5400 RPM,834.02 RON
Corsair,Claim,5 TB,5400 RPM,346.58 RON
ADATA,Interview,8 TB,7200 RPM,475.08 RON
Crucial,Social,2 TB,5400 RPM,705.71 RON
Seagate,Role,1 TB,7200 RPM,384.16 RON
ADATA,Off,2 TB,7200 RPM,735.34 RON
Corsair,Trial,1 TB,7200 RPM,535.86 RON
Corsair,First,5 TB,5400 RPM,967.17 RON
Crucial,Must,5 TB,7200 RPM,976.83 RON
Samsung,International,4 TB,5400 RPM,802.98 RON
Samsung,Force,1 TB,5400 RPM,273.33 RON
Western Digital,Door,6 TB,7200 RPM,554.84 RON
Corsair,Officer,1 TB,5400 RPM,263.22 RON
Seagate,Financial,3 TB,7200 RPM,542.78 RON
Seagate,Affect,8 TB,7200 RPM,516.53 RON
Seagate,Remember,3 TB,5400 RPM,427.91 RON
Western Digital,Prepare,3 TB,5400 RPM,885.44 RON
Crucial,Treatment,5 TB,7200 RPM,367.72 RON
Seagate,Front,3 TB,7200 RPM,384.95 RON
Crucial,Anything,6 TB,5400 RPM,216.93 RON
Crucial,A,2 TB,5400 RPM,574.11 RON
Samsung,Wear,8 TB,7200 RPM,619.21 RON
Western Digital,Decide,2 TB,5400 RPM,897.74 RON
Seagate,Rest,2 TB,5400 RPM,731.46 RON
Western Digital,Tend,6 TB,5400 RPM,705.9 RON
Samsung,Door,1 TB,7200 RPM,374.2 RON
ADATA,Major,1 TB,7200 RPM,337.68 RON
Seagate,Rule,6 TB,7200 RPM,545.9 RON
ADATA,Fire,10 TB,5400 RPM,456.98 RON
Western Digital,Year,10 TB,5400 RPM,849.79 RON
Crucial,Style,2 TB,5400 RPM,971.33 RON
Western Digital,Wrong,3 TB,5400 RPM,328.85 RON
Corsair,Inside,2 TB,5400 RPM,215.79 RON
Corsair,Vote,4 TB,7200 RPM,897.28 RON
Crucial,South,10 TB,5400 RPM,704.2 RON
ADATA,Organization,10 TB,5400 RPM,753.67 RON
ADATA,Each,10 TB,7200 RPM,867.67 RON
Crucial,Stop,2 TB,5400 RPM,207.01 RON
ADATA,World,10 TB,5400 RPM,782.13 RON
Corsair,Notice,3 TB,7200 RPM,231.24 RON
Samsung,Ability,6 TB,7200 RPM,299.0 RON
Seagate,Interest,3 TB,7200 RPM,286.8 RON
Seagate,Business,4 TB,5400 RPM,355.05 RON
Western Digital,Fight,5 TB,7200 RPM,551.77 RON
Samsung,Thank,10 TB,5400 RPM,297.91 RON
Samsung,Subject,1 TB,5400 RPM,860.79 RON
Western Digital,A,8 TB,5400 RPM,517.61 RON
Western Digital,Step,6 TB,7200 RPM,663.49 RON
ADATA,Him,4 TB,7200 RPM,830.25 RON
ADATA,End,10 TB,5400 RPM,779.81 RON
Western Digital,Increase,6 TB,5400 RPM,746.41 RON
Western Digital,Movement,8 TB,5400 RPM,568.7 RON
Western Digital,Girl,8 TB,5400 RPM,829.62 RON
Corsair,Southern,5 TB,7200 RPM,643.06 RON
Crucial,Better,6 TB,5400 RPM,446.73 RON
Crucial,Move,1 TB,7200 RPM,553.28 RON
Samsung,Network,2 TB,7200 RPM,529.86 RON
Corsair,Forget,8 TB,7200 RPM,461.64 RON
Samsung,Hear,6 TB,7200 RPM,643.37 RON
Seagate,Final,2 TB,5400 RPM,524.32 RON
Seagate,Middle,4 TB,7200 RPM,911.59 RON
Crucial,Compare,5 TB,7200 RPM,323.72 RON
Seagate,Table,10 TB,7200 RPM,984.26 RON
ADATA,Listen,6 TB,5400 RPM,281.23 RON
Corsair,Scene,6 TB,5400 RPM,599.49 RON
Samsung,Record,6 TB,7200 RPM,524.58 RON
Western Digital,Wonder,10 TB,7200 RPM,465.99 RON
ADATA,Clearly,10 TB,7200 RPM,235.43 RON
ADATA,Foot,8 TB,5400 RPM,275.96 RON
Crucial,Party,6 TB,7200 RPM,429.99 RON
Samsung,Inside,4 TB,5400 RPM,309.52 RON
ADATA,Raise,10 TB,5400 RPM,594.86 RON
Corsair,Institution,5 TB,5400 RPM,458.05 RON
Samsung,Standard,8 TB,5400 RPM,621.14 RON
Seagate,Near,6 TB,5400 RPM,374.13 RON
Corsair,Behavior,1 TB,5400 RPM,972.07 RON
Crucial,Unit,3 TB,7200 RPM,826.32 RON
Crucial,Avoid,2 TB,5400 RPM,599.69 RON
Seagate,Do,4 TB,5400 RPM,936.48 RON
ADATA,Class,8 TB,7200 RPM,783.36 RON
Seagate,Force,10 TB,5400 RPM,824.69 RON
Seagate,Serve,10 TB,5400 RPM,745.03 RON
Samsung,Develop,6 TB,5400 RPM,282.66 RON
Seagate,He,2 TB,7200 RPM,481.98 RON
Samsung,Then,3 TB,5400 RPM,241.12 RON
ADATA,New,10 TB,5400 RPM,591.71 RON
Seagate,Pick,2 TB,5400 RPM,623.63 RON
Seagate,Rather,4 TB,5400 RPM,512.89 RON
Seagate,Million,4 TB,7200 RPM,910.11 RON
Crucial,Candidate,3 TB,7200 RPM,616.52 RON
Corsair,Together,3 TB,5400 RPM,224.59 RON
Seagate,Life,1 TB,5400 RPM,462.49 RON
Samsung,Member,6 TB,7200 RPM,653.18 RON
Western Digital,Trade,1 TB,5400 RPM,732.92 RON
ADATA,Address,6 TB,5400 RPM,833.46 RON
Samsung,Sea,1 TB,7200 RPM,596.27 RON
Crucial,White,10 TB,5400 RPM,847.84 RON
ADATA,Car,5 TB,5400 RPM,789.83 RON
Crucial,Wind,8 TB,7200 RPM,355.53 RON
ADATA,Standard,8 TB,7200 RPM,758.51 RON
Western Digital,Nice,10 TB,5400 RPM,947.28 RON
Samsung,Receive,1 TB,7200 RPM,882.45 RON
Western Digital,Cost,3 TB,7200 RPM,621.03 RON
Crucial,Town,3 TB,7200 RPM,939.86 RON
Western Digital,Challenge,10 TB,5400 RPM,528.26 RON
Western Digital,Respond,6 TB,5400 RPM,200.6 RON
Corsair,Sign,2 TB,7200 RPM,921.78 RON
Samsung,Reveal,6 TB,7200 RPM,822.9 RON
Corsair,Report,3 TB,5400 RPM,453.33 RON
ADATA,Increase,3 TB,7200 RPM,898.18 RON
Corsair,Mrs,4 TB,5400 RPM,545.95 RON
ADATA,Table,5 TB,5400 RPM,362.89 RON
ADATA,If,4 TB,5400 RPM,701.1 RON
Corsair,Door,10 TB,7200 RPM,678.67 RON
Seagate,Mrs,5 TB,5400 RPM,265.78 RON
ADATA,Forward,5 TB,5400 RPM,755.11 RON
Samsung,Seat,3 TB,7200 RPM,502.46 RON
ADATA,Hand,6 TB,5400 RPM,834.48 RON
Crucial,College,2 TB,7200 RPM,958.76 RON
Corsair,Physical,5 TB,5400 RPM,426.16 RON
Western Digital,Buy,2 TB,5400 RPM,959.99 RON
Samsung,Doctor,8 TB,7200 RPM,298.51 RON
Western Digital,Various,8 TB,5400 RPM,795.43 RON
Corsair,Wonder,8 TB,5400 RPM,495.79 RON
Corsair,Across,2 TB,5400 RPM,847.74 RON
Samsung,Evidence,3 TB,7200 RPM,281.93 RON
Seagate,Hospital,8 TB,7200 RPM,928.14 RON
Western Digital,Most,6 TB,5400 RPM,321.99 RON
Samsung,Thus,2 TB,5400 RPM,764.66 RON
Seagate,Contain,5 TB,7200 RPM,588.03 RON
Seagate,Fire,6 TB,5400 RPM,501.31 RON
Samsung,Most,6 TB,7200 RPM,496.19 RON
ADATA,Positive,4 TB,7200 RPM,285.42 RON
Crucial,Option,10 TB,7200 RPM,722.74 RON
Corsair,Discussion,3 TB,5400 RPM,514.08 RON
Crucial,Short,1 TB,7200 RPM,884.38 RON
Crucial,Explain,1 TB,7200 RPM,545.98 RON
Corsair,Practice,2 TB,5400 RPM,728.26 RON
Crucial,Usually,6 TB,7200 RPM,752.68 RON
Crucial,Else,8 TB,5400 RPM,949.95 RON
ADATA,Myself,6 TB,7200 RPM,648.73 RON
Samsung,Court,10 TB,5400 RPM,842.08 RON
Corsair,Middle,5 TB,5400 RPM,351.73 RON
Samsung,School,10 TB,5400 RPM,265.4 RON
Seagate,Professor,2 TB,7200 RPM,825.92 RON
Seagate,Book,10 TB,7200 RPM,672.68 RON
Samsung,Deep,2 TB,5400 RPM,838.8 RON
Corsair,Thank,5 TB,7200 RPM,544.21 RON
Corsair,Suffer,6 TB,5400 RPM,906.11 RON
ADATA,After,1 TB,7200 RPM,644.0 RON
Seagate,Bed,1 TB,7200 RPM,448.45 RON
Samsung,Either,2 TB,7200 RPM,460.1 RON
Seagate,Almost,4 TB,5400 RPM,302.28 RON
Western Digital,Budget,1 TB,7200 RPM,327.14 RON
Western Digital,State,10 TB,7200 RPM,554.94 RON
Western Digital,Morning,2 TB,7200 RPM,789.6 RON
ADATA,Hard,4 TB,5400 RPM,598.08 RON
Corsair,Film,4 TB,7200 RPM,889.67 RON
Samsung,First,4 TB,7200 RPM,442.25 RON
Seagate,Floor,1 TB,7200 RPM,304.99 RON
Western Digital,Table,10 TB,7200 RPM,495.15 RON
Samsung,Firm,5 TB,7200 RPM,505.37 RON
Western Digital,Entire,1 TB,7200 RPM,718.94 RON
Seagate,Think,8 TB,5400 RPM,810.31 RON
Seagate,Her,3 TB,5400 RPM,860.01 RON
Samsung,Seat,5 TB,7200 RPM,881.13 RON
Western Digital,So,6 TB,5400 RPM,419.29 RON
Western Digital,Down,1 TB,5400 RPM,837.9 RON
Samsung,Public,1 TB,5400 RPM,907.2 RON
Corsair,Spend,5 TB,7200 RPM,931.36 RON
Western Digital,Anyone,3 TB,7200 RPM,569.71 RON
Western Digital,Majority,3 TB,5400 RPM,921.96 RON
Crucial,Record,10 TB,7200 RPM,401.07 RON
ADATA,Maintain,6 TB,7200 RPM,726.44 RON
Corsair,Dark,4 TB,7200 RPM,202.45 RON
Corsair,Husband,2 TB,5400 RPM,626.17 RON
Seagate,Level,3 TB,5400 RPM,975.12 RON
Western Digital,Training,8 TB,7200 RPM,992.2 RON
ADATA,Between,10 TB,5400 RPM,783.78 RON
Western Digital,Fish,6 TB,5400 RPM,644.4 RON
ADATA,Money,8 TB,5400 RPM,878.74 RON
ADATA,Personal,4 TB,7200 RPM,815.23 RON
Seagate,Mean,6 TB,5400 RPM,706.34 RON
Samsung,Sister,3 TB,7200 RPM,390.65 RON
Seagate,Thought,2 TB,7200 RPM,672.27 RON
Corsair,Rise,5 TB,7200 RPM,619.94 RON
Crucial,Term,4 TB,7200 RPM,799.73 RON
Corsair,Figure,1 TB,5400 RPM,975.48 RON
Western Digital,Father,5 TB,5400 RPM,472.11 RON
Western Digital,Still,8 TB,5400 RPM,796.61 RON
Seagate,Him,10 TB,7200 RPM,531.45 RON
Samsung,Cell,4 TB,7200 RPM,298.34 RON
ADATA,Black,5 TB,5400 RPM,201.75 RON
Corsair,Middle,5 TB,7200 RPM,654.48 RON
Corsair,Off,8 TB,7200 RPM,511.79 RON
Crucial,Big,4 TB,7200 RPM,382.27 RON
Crucial,Seem,10 TB,7200 RPM,724.72 RON
Samsung,Believe,4 TB,5400 RPM,676.62 RON
Western Digital,Computer,8 TB,5400 RPM,338.45 RON
Samsung,Child,8 TB,7200 RPM,248.29 RON
Corsair,Result,6 TB,5400 RPM,650.73 RON
Crucial,Check,1 TB,7200 RPM,520.28 RON
ADATA,Field,6 TB,7200 RPM,807.28 RON
Seagate,Will,4 TB,7200 RPM,922.89 RON
Samsung,Bring,3 TB,5400 RPM,396.33 RON
Samsung,Win,8 TB,5400 RPM,770.38 RON
Corsair,Wish,5 TB,7200 RPM,822.74 RON
Crucial,Keep,1 TB,7200 RPM,259.27 RON
Samsung,Store,3 TB,7200 RPM,786.68 RON
Corsair,Through,10 TB,7200 RPM,344.81 RON
ADATA,Race,6 TB,5400 RPM,968.04 RON
Western Digital,Develop,3 TB,7200 RPM,903.13 RON
Seagate,Whom,6 TB,5400 RPM,755.78 RON
Western Digital,Next,5 TB,5400 RPM,368.04 RON
Corsair,Indicate,3 TB,7200 RPM,744.04 RON
ADATA,Sort,4 TB,5400 RPM,713.14 RON
Western Digital,Age,10 TB,5400 RPM,826.0 RON
ADATA,Apply,10 TB,5400 RPM,252.19 RON
ADATA,Break,4 TB,7200 RPM,865.36 RON
Western Digital,Player,10 TB,5400 RPM,459.94 RON
ADATA,Young,5 TB,5400 RPM,876.33 RON
Western Digital,Network,6 TB,5400 RPM,684.56 RON
ADATA,Art,2 TB,7200 RPM,967.85 RON
Crucial,Use,10 TB,5400 RPM,676.5 RON
ADATA,Magazine,5 TB,5400 RPM,416.4 RON
Corsair,Tax,4 TB,5400 RPM,888.93 RON
Crucial,Either,4 TB,7200 RPM,724.8 RON
Seagate,Point,10 TB,5400 RPM,405.3 RON
Seagate,Knowledge,3 TB,5400 RPM,786.86 RON
Samsung,Understand,4 TB,5400 RPM,740.21 RON
Crucial,No,6 TB,7200 RPM,927.8 RON
Crucial,Fill,4 TB,5400 RPM,824.21 RON
ADATA,Only,2 TB,5400 RPM,264.16 RON
Corsair,Seem,5 TB,7200 RPM,643.84 RON
Samsung,Truth,10 TB,7200 RPM,424.21 RON
Crucial,Couple,1 TB,5400 RPM,410.7 RON
Crucial,Throughout,8 TB,5400 RPM,279.07 RON
Samsung,Forward,8 TB,7200 RPM,309.88 RON
Samsung,Somebody,5 TB,5400 RPM,899.52 RON
ADATA,Kitchen,8 TB,5400 RPM,290.33 RON
Western Digital,Anyone,10 TB,7200 RPM,434.34 RON
Western Digital,Thank,10 TB,7200 RPM,902.91 RON
Crucial,Else,8 TB,7200 RPM,754.4 RON
Corsair,Tough,3 TB,5400 RPM,963.32 RON
Seagate,Hold,8 TB,7200 RPM,949.94 RON
Corsair,Experience,4 TB,5400 RPM,813.29 RON
Corsair,Others,5 TB,7200 RPM,638.28 RON
Western Digital,Ground,6 TB,7200 RPM,228.86 RON
Western Digital,Develop,2 TB,7200 RPM,286.42 RON
Western Digital,Off,10 TB,5400 RPM,505.36 RON
Western Digital,Sense,2 TB,5400 RPM,769.94 RON
ADATA,Visit,6 TB,7200 RPM,654.73 RON
Samsung,Individual,4 TB,7200 RPM,927.95 RON
Seagate,Professor,2 TB,7200 RPM,825.03 RON
Samsung,Should,8 TB,5400 RPM,808.61 RON
Corsair,Price,2 TB,7200 RPM,668.17 RON
Corsair,Series,2 TB,7200 RPM,404.92 RON
Western Digital,Concern,1 TB,5400 RPM,711.2 RON
Crucial,Safe,1 TB,5400 RPM,207.1 RON
Seagate,Ok,5 TB,5400 RPM,741.79 RON
Corsair,See,4 TB,5400 RPM,743.09 RON
Western Digital,Resource,8 TB,5400 RPM,800.9 RON
Corsair,Pattern,8 TB,7200 RPM,651.65 RON
Corsair,Billion,6 TB,5400 RPM,857.25 RON
Western Digital,Boy,6 TB,7200 RPM,654.93 RON
Western Digital,Medical,8 TB,5400 RPM,556.64 RON
Samsung,Artist,8 TB,7200 RPM,958.49 RON
Seagate,Only,1 TB,5400 RPM,642.59 RON
ADATA,Number,8 TB,7200 RPM,807.36 RON
ADATA,Exactly,10 TB,5400 RPM,434.1 RON
Seagate,Economic,3 TB,5400 RPM,224.89 RON
Samsung,Life,10 TB,7200 RPM,339.32 RON
Seagate,Something,6 TB,5400 RPM,353.88 RON
Western Digital,Western,1 TB,7200 RPM,886.1 RON
ADATA,Serve,10 TB,7200 RPM,658.37 RON
ADATA,Nothing,8 TB,5400 RPM,209.46 RON
Seagate,Similar,4 TB,5400 RPM,468.44 RON
Western Digital,Hold,10 TB,5400 RPM,374.49 RON
Seagate,Family,6 TB,5400 RPM,539.16 RON
Samsung,Important,3 TB,7200 RPM,513.8 RON
ADATA,Left,5 TB,7200 RPM,351.85 RON
Seagate,Drop,3 TB,7200 RPM,237.5 RON
Western Digital,Hot,6 TB,5400 RPM,816.86 RON
Seagate,Find,6 TB,5400 RPM,204.17 RON
Samsung,Owner,1 TB,7200 RPM,898.41 RON
Corsair,Tell,4 TB,5400 RPM,316.01 RON
Crucial,Admit,2 TB,7200 RPM,292.93 RON
Corsair,Find,3 TB,7200 RPM,413.29 RON
Crucial,Star,4 TB,5400 RPM,280.1 RON
Samsung,Actually,3 TB,5400 RPM,726.23 RON
Western Digital,Feel,6 TB,5400 RPM,854.13 RON
Seagate,Entire,4 TB,7200 RPM,376.72 RON
ADATA,From,2 TB,7200 RPM,624.45 RON
ADATA,Senior,10 TB,7200 RPM,271.77 RON
Corsair,Me,3 TB,7200 RPM,987.27 RON
Corsair,Still,8 TB,7200 RPM,692.36 RON
Corsair,Year,1 TB,7200 RPM,454.07 RON
Western Digital,Little,4 TB,5400 RPM,962.06 RON
Samsung,Instead,4 TB,5400 RPM,667.43 RON
Crucial,There,4 TB,7200 RPM,956.06 RON
Seagate,Page,2 TB,5400 RPM,675.52 RON
Western Digital,Police,8 TB,7200 RPM,264.05 RON
Samsung,Data,8 TB,5400 RPM,890.96 RON
Seagate,Evening,3 TB,5400 RPM,218.51 RON
Western Digital,Man,10 TB,7200 RPM,837.62 RON
ADATA,It,3 TB,7200 RPM,669.67 RON
Crucial,Figure,2 TB,7200 RPM,832.45 RON
Samsung,Suffer,3 TB,7200 RPM,298.56 RON
Western Digital,Middle,8 TB,7200 RPM,748.46 RON
Western Digital,Appear,1 TB,7200 RPM,234.93 RON
Samsung,Ask,2 TB,5400 RPM,606.93 RON
Crucial,Trade,10 TB,5400 RPM,906.37 RON
Samsung,Send,1 TB,7200 RPM,487.19 RON
Samsung,Along,6 TB,5400 RPM,888.48 RON
Seagate,Middle,1 TB,7200 RPM,582.6 RON
Seagate,Whom,1 TB,5400 RPM,562.23 RON
Samsung,Science,4 TB,5400 RPM,767.16 RON
Samsung,Commercial,8 TB,5400 RPM,989.57 RON
Western Digital,Election,10 TB,5400 RPM,726.16 RON
Crucial,Morning,2 TB,7200 RPM,480.98 RON
Western Digital,According,2 TB,5400 RPM,758.89 RON
Seagate,Performance,2 TB,7200 RPM,932.25 RON
Western Digital,Against,6 TB,7200 RPM,960.33 RON
Western Digital,Laugh,1 TB,5400 RPM,941.04 RON
Western Digital,Interest,1 TB,7200 RPM,325.19 RON
Crucial,Option,1 TB,5400 RPM,621.05 RON
Samsung,Foot,10 TB,5400 RPM,761.62 RON
Crucial,Interview,6 TB,7200 RPM,442.93 RON
ADATA,According,6 TB,7200 RPM,526.57 RON
ADATA,Her,6 TB,7200 RPM,554.18 RON
Western Digital,By,2 TB,5400 RPM,970.57 RON
ADATA,According,2 TB,5400 RPM,758.15 RON
Corsair,Evening,10 TB,7200 RPM,567.8 RON
Samsung,Long,6 TB,5400 RPM,757.84 RON
Western Digital,If,1 TB,5400 RPM,255.47 RON
ADATA,Series,2 TB,5400 RPM,784.25 RON
Western Digital,Understand,5 TB,7200 RPM,651.78 RON
Corsair,Agent,4 TB,5400 RPM,519.19 RON
Corsair,Movement,8 TB,5400 RPM,263.87 RON
Western Digital,Quality,10 TB,7200 RPM,872.72 RON
Seagate,Learn,3 TB,5400 RPM,871.54 RON
Samsung,Keep,6 TB,7200 RPM,959.72 RON
Samsung,Watch,3 TB,7200 RPM,548.22 RON
Western Digital,Consider,8 TB,5400 RPM,399.45 RON
Crucial,Resource,10 TB,7200 RPM,713.69 RON
Western Digital,Future,4 TB,7200 RPM,652.21 RON
Corsair,Man,2 TB,5400 RPM,208.55 RON
Western Digital,Design,6 TB,7200 RPM,845.16 RON
Corsair,Option,1 TB,7200 RPM,555.08 RON
Crucial,Woman,2 TB,5400 RPM,461.17 RON
Crucial,Me,2 TB,7200 RPM,960.56 RON
Crucial,Skill,2 TB,7200 RPM,677.09 RON
Corsair,Their,1 TB,7200 RPM,464.06 RON
Crucial,Site,2 TB,7200 RPM,673.72 RON
Samsung,Without,2 TB,5400 RPM,859.9 RON
ADATA,Appear,6 TB,7200 RPM,548.24 RON
Seagate,Join,5 TB,7200 RPM,693.36 RON
Seagate,Reflect,2 TB,7200 RPM,913.62 RON
Corsair,Least,2 TB,7200 RPM,873.93 RON
Western Digital,Improve,5 TB,7200 RPM,336.89 RON
Corsair,Discover,1 TB,5400 RPM,523.53 RON
Crucial,Friend,8 TB,5400 RPM,698.53 RON
Crucial,Current,2 TB,7200 RPM,506.56 RON
Crucial,Song,6 TB,7200 RPM,433.68 RON
Crucial,List,6 TB,7200 RPM,345.06 RON
Crucial,Over,5 TB,5400 RPM,744.67 RON
Corsair,Back,4 TB,7200 RPM,742.62 RON
Western Digital,Report,4 TB,7200 RPM,580.85 RON
Western Digital,Them,8 TB,7200 RPM,376.19 RON
Seagate,Could,4 TB,7200 RPM,601.11 RON
Seagate,International,10 TB,5400 RPM,784.11 RON
ADATA,Month,8 TB,5400 RPM,770.83 RON
ADATA,Information,2 TB,7200 RPM,951.26 RON
ADATA,Note,8 TB,5400 RPM,763.7 RON
Western Digital,Perhaps,10 TB,5400 RPM,958.86 RON
Western Digital,Suggest,5 TB,5400 RPM,465.74 RON
Crucial,Line,1 TB,7200 RPM,908.08 RON
Samsung,Range,10 TB,7200 RPM,289.97 RON
Samsung,View,1 TB,7200 RPM,755.8 RON
Samsung,Degree,4 TB,5400 RPM,538.63 RON
Seagate,Field,3 TB,5400 RPM,672.34 RON
Crucial,Why,2 TB,7200 RPM,487.68 RON
ADATA,Include,3 TB,5400 RPM,531.73 RON
Samsung,Similar,2 TB,5400 RPM,437.39 RON
Crucial,Design,3 TB,5400 RPM,765.26 RON
Western Digital,Their,2 TB,7200 RPM,857.89 RON
Seagate,Financial,8 TB,7200 RPM,663.65 RON
Seagate,Middle,2 TB,7200 RPM,808.06 RON
Western Digital,Do,6 TB,7200 RPM,361.13 RON
ADATA,Agreement,5 TB,7200 RPM,881.63 RON
Seagate,Republican,6 TB,7200 RPM,306.78 RON
Western Digital,Stage,1 TB,7200 RPM,662.34 RON
Samsung,Now,3 TB,7200 RPM,805.33 RON
Seagate,Example,6 TB,7200 RPM,237.16 RON
Western Digital,Beyond,8 TB,5400 RPM,858.69 RON
Seagate,True,2 TB,7200 RPM,515.81 RON
Western Digital,Cause,4 TB,5400 RPM,492.83 RON
Crucial,Suffer,3 TB,7200 RPM,285.74 RON
Crucial,Particularly,10 TB,7200 RPM,484.69 RON
ADATA,Without,2 TB,7200 RPM,705.25 RON
ADATA,Consumer,1 TB,7200 RPM,947.36 RON
Crucial,Leg,1 TB,5400 RPM,419.48 RON
Seagate,Option,3 TB,5400 RPM,813.48 RON
Western Digital,Television,8 TB,5400 RPM,209.09 RON
Samsung,Prove,5 TB,7200 RPM,388.28 RON
ADATA,Animal,2 TB,7200 RPM,457.71 RON
Crucial,Second,4 TB,7200 RPM,868.47 RON
Seagate,Between,3 TB,7200 RPM,573.33 RON
Seagate,Important,2 TB,5400 RPM,472.53 RON
Corsair,Plan,3 TB,5400 RPM,884.98 RON
Western Digital,Miss,1 TB,5400 RPM,522.34 RON
Corsair,Sing,4 TB,7200 RPM,514.0 RON
Samsung,Security,2 TB,5400 RPM,440.28 RON
Seagate,Western,3 TB,5400 RPM,428.66 RON
Corsair,Cultural,10 TB,5400 RPM,787.26 RON
ADATA,Many,3 TB,5400 RPM,896.4 RON
Seagate,Customer,3 TB,7200 RPM,569.33 RON
Western Digital,Serious,10 TB,5400 RPM,269.48 RON
Western Digital,Together,10 TB,5400 RPM,999.18 RON
Western Digital,Husband,3 TB,7200 RPM,287.32 RON
Seagate,Begin,8 TB,5400 RPM,704.65 RON
Western Digital,Those,2 TB,5400 RPM,896.41 RON
Seagate,Republican,4 TB,7200 RPM,347.52 RON
Crucial,Field,2 TB,7200 RPM,370.49 RON
Western Digital,Individual,8 TB,5400 RPM,918.55 RON
Western Digital,Firm,4 TB,5400 RPM,814.42 RON
Seagate,Wide,6 TB,5400 RPM,661.68 RON
Corsair,Admit,3 TB,5400 RPM,747.88 RON
ADATA,Throughout,8 TB,5400 RPM,723.6 RON
ADATA,Number,8 TB,7200 RPM,647.76 RON
Western Digital,Thousand,10 TB,7200 RPM,478.13 RON
Western Digital,Every,6 TB,5400 RPM,290.78 RON
Seagate,Sense,4 TB,5400 RPM,247.58 RON
Samsung,Yes,8 TB,7200 RPM,855.56 RON
Corsair,Price,1 TB,7200 RPM,714.65 RON
Seagate,Force,1 TB,5400 RPM,201.14 RON
Samsung,Produce,10 TB,7200 RPM,911.1 RON
Samsung,Someone,3 TB,5400 RPM,511.56 RON
Corsair,Ground,1 TB,5400 RPM,432.42 RON
ADATA,Analysis,8 TB,5400 RPM,505.06 RON
Seagate,Movie,5 TB,5400 RPM,528.64 RON
ADATA,Television,3 TB,5400 RPM,439.95 RON
Corsair,Piece,5 TB,5400 RPM,493.43 RON
Samsung,Energy,2 TB,7200 RPM,237.95 RON
Corsair,Expect,10 TB,5400 RPM,901.72 RON
Corsair,Quite,10 TB,5400 RPM,732.6 RON
Crucial,Stay,1 TB,5400 RPM,371.83 RON
ADATA,Responsibility,4 TB,7200 RPM,203.6 RON
Corsair,May,2 TB,7200 RPM,200.27 RON
ADATA,History,4 TB,7200 RPM,610.71 RON
Samsung,Tell,4 TB,7200 RPM,847.23 RON
Corsair,Speak,5 TB,5400 RPM,347.67 RON
Western Digital,Official,3 TB,7200 RPM,720.68 RON
ADATA,Especially,2 TB,5400 RPM,263.19 RON
Seagate,Term,10 TB,5400 RPM,873.9 RON
Corsair,Continue,10 TB,5400 RPM,925.23 RON
Seagate,Chair,4 TB,5400 RPM,345.62 RON
ADATA,But,5 TB,5400 RPM,508.09 RON
Samsung,Plant,3 TB,5400 RPM,496.73 RON
Corsair,These,4 TB,7200 RPM,529.36 RON
Seagate,Media,6 TB,7200 RPM,492.58 RON
Seagate,Condition,3 TB,5400 RPM,348.85 RON
Seagate,Animal,6 TB,5400 RPM,776.15 RON
ADATA,Daughter,4 TB,7200 RPM,828.36 RON
Corsair,Generation,6 TB,5400 RPM,515.17 RON
ADATA,Often,8 TB,7200 RPM,651.01 RON
Western Digital,Use,4 TB,5400 RPM,907.79 RON
Crucial,Do,8 TB,7200 RPM,880.48 RON
Western Digital,Place,2 TB,7200 RPM,868.82 RON
Seagate,Within,5 TB,7200 RPM,521.13 RON
Corsair,Bag,4 TB,7200 RPM,910.96 RON
Seagate,More,10 TB,5400 RPM,799.6 RON
Corsair,Approach,2 TB,7200 RPM,306.87 RON
Western Digital,Manage,2 TB,5400 RPM,750.98 RON
ADATA,Appear,3 TB,7200 RPM,414.97 RON
Corsair,Society,6 TB,7200 RPM,323.98 RON
Crucial,Attack,8 TB,7200 RPM,466.63 RON
Corsair,Again,2 TB,7200 RPM,392.53 RON
Western Digital,Process,8 TB,5400 RPM,835.35 RON
Crucial,Question,3 TB,5400 RPM,288.12 RON
Corsair,Building,2 TB,7200 RPM,696.32 RON
Corsair,Government,6 TB,5400 RPM,868.03 RON
Western Digital,Run,4 TB,5400 RPM,720.4 RON
Corsair,Television,5 TB,7200 RPM,270.55 RON
Western Digital,Keep,1 TB,5400 RPM,731.93 RON
Seagate,Explain,10 TB,5400 RPM,244.89 RON
Seagate,Its,3 TB,7200 RPM,311.11 RON
Corsair,Tend,6 TB,5400 RPM,206.25 RON
Western Digital,Cultural,3 TB,7200 RPM,537.54 RON
Seagate,Wrong,1 TB,5400 RPM,787.59 RON
Crucial,Why,8 TB,5400 RPM,881.28 RON
Corsair,Last,10 TB,7200 RPM,881.02 RON
Corsair,Stay,5 TB,7200 RPM,993.58 RON
Samsung,Day,5 TB,7200 RPM,250.23 RON
ADATA,Beat,10 TB,7200 RPM,309.35 RON
Seagate,Between,1 TB,5400 RPM,349.83 RON
Samsung,Out,2 TB,7200 RPM,227.51 RON
Samsung,Seek,5 TB,7200 RPM,307.19 RON
Western Digital,Concern,10 TB,7200 RPM,632.69 RON
Samsung,Offer,10 TB,5400 RPM,216.06 RON
Samsung,Spend,1 TB,5400 RPM,448.81 RON
Crucial,News,10 TB,5400 RPM,238.75 RON
ADATA,Animal,6 TB,5400 RPM,953.37 RON
Corsair,Sell,2 TB,7200 RPM,598.53 RON
Western Digital,Check,8 TB,7200 RPM,455.22 RON
ADATA,Item,5 TB,5400 RPM,944.59 RON
Corsair,Although,4 TB,5400 RPM,593.47 RON
Crucial,Very,8 TB,7200 RPM,618.32 RON
Western Digital,Everyone,5 TB,7200 RPM,923.07 RON
Crucial,Several,3 TB,7200 RPM,557.75 RON
Crucial,Yes,8 TB,5400 RPM,652.13 RON
Crucial,Evening,3 TB,5400 RPM,871.97 RON
Seagate,Increase,2 TB,7200 RPM,765.07 RON
Samsung,Imagine,10 TB,7200 RPM,452.61 RON
ADATA,Allow,8 TB,5400 RPM,868.04 RON
Seagate,From,6 TB,7200 RPM,656.02 RON
Seagate,Various,2 TB,7200 RPM,224.46 RON
Seagate,Reveal,10 TB,7200 RPM,743.29 RON
Samsung,Level,10 TB,7200 RPM,547.69 RON
Samsung,Pressure,6 TB,7200 RPM,273.49 RON
Samsung,Laugh,2 TB,5400 RPM,732.32 RON
Western Digital,What,1 TB,5400 RPM,961.95 RON
Crucial,Message,10 TB,5400 RPM,373.2 RON
Crucial,Would,8 TB,7200 RPM,351.08 RON
Western Digital,Behavior,8 TB,5400 RPM,429.47 RON
Crucial,Hair,10 TB,7200 RPM,707.84 RON
Samsung,Truth,6 TB,5400 RPM,927.12 RON
Samsung,Long,5 TB,5400 RPM,483.25 RON
Crucial,Real,1 TB,5400 RPM,807.95 RON
Crucial,Direction,6 TB,5400 RPM,347.39 RON
Crucial,As,1 TB,7200 RPM,458.36 RON
Crucial,Inside,2 TB,5400 RPM,214.78 RON
Samsung,Eye,8 TB,7200 RPM,203.68 RON
Corsair,According,10 TB,5400 RPM,392.61 RON
Crucial,Size,10 TB,5400 RPM,298.56 RON
Samsung,Most,1 TB,5400 RPM,275.41 RON
Seagate,Television,4 TB,5400 RPM,453.46 RON
Corsair,Each,5 TB,7200 RPM,524.32 RON
Western Digital,Remember,4 TB,5400 RPM,740.11 RON
Samsung,Likely,6 TB,7200 RPM,395.85 RON
Seagate,Interest,6 TB,7200 RPM,815.34 RON
Corsair,Degree,8 TB,7200 RPM,556.97 RON
Western Digital,Hand,1 TB,5400 RPM,554.43 RON
Seagate,Religious,6 TB,5400 RPM,956.34 RON
Samsung,Break,6 TB,7200 RPM,710.62 RON
Western Digital,Campaign,1 TB,5400 RPM,235.23 RON
Seagate,High,8 TB,5400 RPM,694.56 RON
Corsair,Act,6 TB,7200 RPM,712.52 RON
ADATA,Better,3 TB,7200 RPM,554.57 RON
Samsung,Put,1 TB,5400 RPM,608.84 RON
Western Digital,Water,8 TB,5400 RPM,721.52 RON
Seagate,Could,4 TB,5400 RPM,841.23 RON
Seagate,Design,2 TB,7200 RPM,861.36 RON
Crucial,Question,10 TB,7200 RPM,738.52 RON
Corsair,Nothing,2 TB,5400 RPM,372.94 RON
Corsair,Computer,8 TB,5400 RPM,759.5 RON
ADATA,Mission,2 TB,7200 RPM,546.2 RON
Samsung,Whether,5 TB,5400 RPM,463.22 RON
Corsair,Magazine,6 TB,7200 RPM,261.58 RON
Seagate,Machine,8 TB,5400 RPM,876.67 RON
Western Digital,Green,5 TB,7200 RPM,729.11 RON
Samsung,Reach,3 TB,5400 RPM,305.22 RON
ADATA,Race,6 TB,5400 RPM,839.82 RON
Corsair,Own,8 TB,7200 RPM,879.93 RON
ADATA,Quality,5 TB,5400 RPM,849.69 RON
ADATA,Single,2 TB,7200 RPM,629.6 RON
Seagate,Also,3 TB,5400 RPM,502.89 RON
Samsung,Article,1 TB,7200 RPM,989.07 RON
Samsung,Party,3 TB,7200 RPM,395.38 RON
Seagate,Range,8 TB,5400 RPM,646.02 RON
Crucial,Yourself,2 TB,5400 RPM,628.69 RON
Samsung,Energy,4 TB,7200 RPM,658.63 RON
Western Digital,Center,10 TB,5400 RPM,285.98 RON
ADATA,Thought,1 TB,5400 RPM,259.86 RON
Samsung,Can,8 TB,7200 RPM,755.63 RON
Crucial,Your,5 TB,5400 RPM,590.3 RON
ADATA,Their,3 TB,5400 RPM,621.05 RON
ADATA,Tend,10 TB,7200 RPM,555.01 RON
Seagate,Institution,8 TB,7200 RPM,714.25 RON
Seagate,Send,10 TB,7200 RPM,418.06 RON
Corsair,Tend,3 TB,5400 RPM,241.61 RON
Corsair,Piece,5 TB,5400 RPM,702.9 RON
ADATA,Who,2 TB,5400 RPM,683.78 RON
Samsung,Much,10 TB,5400 RPM,235.15 RON
Seagate,Probably,6 TB,7200 RPM,787.14 RON
Samsung,Soon,6 TB,5400 RPM,684.59 RON
Samsung,Individual,8 TB,5400 RPM,288.32 RON
ADATA,Event,2 TB,5400 RPM,344.91 RON
Crucial,Value,6 TB,7200 RPM,609.75 RON
Corsair,My,6 TB,7200 RPM,460.4 RON
Crucial,Employee,1 TB,7200 RPM,799.4 RON
Western Digital,Need,5 TB,7200 RPM,250.94 RON
Western Digital,Financial,6 TB,7200 RPM,570.48 RON
Crucial,None,5 TB,5400 RPM,340.15 RON
Western Digital,Republican,5 TB,5400 RPM,954.12 RON
Samsung,Strong,6 TB,7200 RPM,434.54 RON
Corsair,Since,10 TB,5400 RPM,601.91 RON
Western Digital,Arm,10 TB,7200 RPM,360.98 RON
Western Digital,Training,4 TB,7200 RPM,205.26 RON
Crucial,Report,2 TB,7200 RPM,833.23 RON
Western Digital,He,3 TB,7200 RPM,309.4 RON
Western Digital,Fact,4 TB,5400 RPM,224.78 RON
Seagate,Clearly,6 TB,7200 RPM,215.3 RON
Seagate,Yet,1 TB,7200 RPM,730.27 RON
Western Digital,Policy,6 TB,5400 RPM,966.78 RON
ADATA,Particular,6 TB,5400 RPM,512.54 RON
Seagate,Cell,1 TB,7200 RPM,228.28 RON
ADATA,Floor,10 TB,7200 RPM,205.64 RON
ADATA,Good,8 TB,7200 RPM,228.01 RON
Corsair,Market,5 TB,5400 RPM,560.27 RON
Samsung,Such,1 TB,7200 RPM,840.07 RON
Seagate,Spring,2 TB,7200 RPM,639.48 RON
Crucial,Light,5 TB,7200 RPM,331.63 RON
ADATA,Detail,6 TB,5400 RPM,630.09 RON
ADATA,Appear,8 TB,5400 RPM,478.51 RON
Samsung,Whose,5 TB,5400 RPM,907.64 RON
Seagate,Various,6 TB,5400 RPM,268.89 RON
Corsair,Fine,3 TB,7200 RPM,274.01 RON
Seagate,Side,6 TB,5400 RPM,705.49 RON
Western Digital,Reason,2 TB,5400 RPM,948.98 RON
Samsung,Decision,3 TB,7200 RPM,920.52 RON
Western Digital,Condition,1 TB,5400 RPM,412.74 RON
Seagate,Partner,6 TB,5400 RPM,653.44 RON
Crucial,Their,3 TB,5400 RPM,736.65 RON
ADATA,Clear,3 TB,7200 RPM,602.91 RON
ADATA,Set,4 TB,7200 RPM,880.15 RON
Corsair,Image,6 TB,5400 RPM,230.29 RON
ADATA,Manage,6 TB,7200 RPM,699.4 RON
Corsair,Onto,10 TB,7200 RPM,275.65 RON
Western Digital,Hundred,10 TB,5400 RPM,990.9 RON
Crucial,Area,5 TB,5400 RPM,578.53 RON
Crucial,Majority,4 TB,5400 RPM,353.86 RON
Seagate,Leave,2 TB,7200 RPM,239.11 RON
Samsung,Career,8 TB,7200 RPM,315.14 RON
ADATA,Along,4 TB,7200 RPM,435.61 RON
Seagate,Turn,6 TB,7200 RPM,947.02 RON
Western Digital,Area,4 TB,7200 RPM,570.54 RON
Crucial,Wait,10 TB,5400 RPM,892.15 RON
Corsair,Television,4 TB,7200 RPM,772.72 RON
ADATA,Conference,6 TB,5400 RPM,559.63 RON
Corsair,Local,6 TB,7200 RPM,393.97 RON
Crucial,Various,6 TB,5400 RPM,749.81 RON
ADATA,Open,3 TB,7200 RPM,385.03 RON
ADATA,Especially,3 TB,5400 RPM,856.14 RON
Corsair,Drug,4 TB,7200 RPM,790.58 RON
Samsung,Choice,10 TB,7200 RPM,241.15 RON
Crucial,Single,2 TB,7200 RPM,501.45 RON
Samsung,Respond,1 TB,5400 RPM,412.92 RON
Western Digital,Special,8 TB,5400 RPM,401.74 RON
Samsung,Difference,1 TB,5400 RPM,341.22 RON
Western Digital,Short,10 TB,5400 RPM,670.18 RON
Crucial,President,6 TB,5400 RPM,739.41 RON
Corsair,View,10 TB,5400 RPM,380.8 RON
ADATA,Two,6 TB,7200 RPM,471.28 RON
Samsung,Within,5 TB,7200 RPM,607.2 RON
Western Digital,Project,10 TB,5400 RPM,738.19 RON
Seagate,Through,10 TB,7200 RPM,388.97 RON
Seagate,Office,5 TB,7200 RPM,477.74 RON
Corsair,Say,3 TB,7200 RPM,222.01 RON
ADATA,Lawyer,8 TB,5400 RPM,218.55 RON
Corsair,System,10 TB,7200 RPM,564.8 RON
Seagate,Challenge,3 TB,7200 RPM,443.62 RON
Seagate,Point,4 TB,7200 RPM,262.96 RON
ADATA,Black,1 TB,7200 RPM,281.06 RON
ADATA,Almost,5 TB,5400 RPM,663.12 RON
Western Digital,Consumer,1 TB,7200 RPM,663.82 RON
Western Digital,Age,6 TB,5400 RPM,759.86 RON
Samsung,Put,3 TB,5400 RPM,529.57 RON
Corsair,Sound,5 TB,5400 RPM,575.16 RON
Samsung,Interview,8 TB,5400 RPM,749.88 RON
Seagate,Edge,1 TB,5400 RPM,304.37 RON
Western Digital,News,6 TB,7200 RPM,429.87 RON
Corsair,Until,3 TB,5400 RPM,562.22 RON
Corsair,Admit,2 TB,5400 RPM,614.48 RON
Seagate,Commercial,5 TB,7200 RPM,314.11 RON
Corsair,Back,6 TB,7200 RPM,202.18 RON
Seagate,Establish,3 TB,7200 RPM,295.23 RON
Samsung,Power,4 TB,5400 RPM,234.57 RON
Corsair,Early,3 TB,7200 RPM,558.64 RON
Seagate,Half,8 TB,7200 RPM,231.69 RON
Corsair,Should,1 TB,5400 RPM,701.24 RON
Samsung,Final,10 TB,7200 RPM,869.86 RON
ADATA,Simple,10 TB,5400 RPM,522.22 RON
Crucial,Painting,3 TB,5400 RPM,388.39 RON
Crucial,Herself,6 TB,7200 RPM,564.21 RON
ADATA,Think,1 TB,5400 RPM,894.97 RON
Western Digital,Institution,1 TB,7200 RPM,654.03 RON
Corsair,Republican,8 TB,5400 RPM,455.44 RON
Seagate,Best,10 TB,7200 RPM,283.16 RON
Samsung,Open,4 TB,7200 RPM,680.06 RON
Seagate,Total,5 TB,7200 RPM,307.36 RON
Seagate,Leave,2 TB,7200 RPM,394.6 RON
Crucial,Although,1 TB,5400 RPM,321.1 RON
Samsung,Plan,1 TB,5400 RPM,693.46 RON
Corsair,Common,2 TB,5400 RPM,964.46 RON
Crucial,Two,4 TB,7200 RPM,569.41 RON
Western Digital,Very,3 TB,5400 RPM,510.5 RON
Western Digital,Free,6 TB,5400 RPM,835.37 RON
Seagate,Natural,3 TB,5400 RPM,237.39 RON
Seagate,Rest,1 TB,7200 RPM,235.73 RON
Crucial,Movie,3 TB,7200 RPM,634.16 RON
Samsung,Building,5 TB,5400 RPM,942.8 RON
Crucial,Strong,3 TB,7200 RPM,232.81 RON
Crucial,Maybe,10 TB,5400 RPM,720.26 RON
Western Digital,Authority,2 TB,5400 RPM,834.42 RON
Crucial,Deep,1 TB,5400 RPM,602.28 RON
Crucial,Light,8 TB,7200 RPM,394.88 RON
Corsair,Whether,1 TB,7200 RPM,346.71 RON
Western Digital,Return,1 TB,7200 RPM,949.15 RON
ADATA,Major,3 TB,7200 RPM,408.51 RON
ADATA,President,3 TB,7200 RPM,627.4 RON
Western Digital,Cover,1 TB,5400 RPM,266.69 RON
ADATA,Finish,3 TB,7200 RPM,808.0 RON
Western Digital,Claim,3 TB,7200 RPM,236.01 RON
Crucial,Natural,3 TB,5400 RPM,343.95 RON
ADATA,Cell,5 TB,5400 RPM,922.6 RON
Crucial,Yet,10 TB,7200 RPM,840.73 RON
ADATA,Position,3 TB,7200 RPM,813.87 RON
Western Digital,They,6 TB,5400 RPM,442.85 RON
Seagate,Test,3 TB,5400 RPM,601.76 RON
Crucial,Whom,10 TB,5400 RPM,581.49 RON
Western Digital,Three,6 TB,7200 RPM,649.37 RON
Seagate,Movie,1 TB,5400 RPM,975.6 RON
Samsung,Win,6 TB,5400 RPM,508.95 RON
Corsair,Art,8 TB,5400 RPM,233.73 RON
Samsung,Ok,2 TB,5400 RPM,613.12 RON
Western Digital,Expert,1 TB,7200 RPM,225.61 RON
Corsair,Along,10 TB,5400 RPM,497.67 RON
Corsair,Task,5 TB,5400 RPM,360.37 RON
Samsung,Would,10 TB,5400 RPM,770.61 RON
Western Digital,Test,2 TB,7200 RPM,826.44 RON
Western Digital,Rock,4 TB,7200 RPM,560.55 RON
Western Digital,Leader,4 TB,7200 RPM,876.07 RON
Crucial,Idea,3 TB,7200 RPM,949.52 RON
Seagate,Under,1 TB,5400 RPM,843.51 RON
Seagate,Spring,1 TB,7200 RPM,643.74 RON
Western Digital,Sea,2 TB,7200 RPM,848.6 RON
Western Digital,Out,6 TB,7200 RPM,309.3 RON
Western Digital,Pull,8 TB,5400 RPM,653.38 RON
Seagate,Wide,6 TB,5400 RPM,686.7 RON
Seagate,My,4 TB,7200 RPM,497.89 RON
Seagate,Pick,6 TB,5400 RPM,430.64 RON
Corsair,Its,8 TB,5400 RPM,472.16 RON
Seagate,Explain,6 TB,5400 RPM,925.21 RON
Western Digital,Stock,5 TB,7200 RPM,341.49 RON
Crucial,Strong,3 TB,7200 RPM,597.32 RON
Crucial,Produce,8 TB,7200 RPM,562.84 RON
Crucial,Course,5 TB,5400 RPM,723.74 RON
Corsair,Hard,8 TB,5400 RPM,311.2 RON
Seagate,Sometimes,6 TB,7200 RPM,309.54 RON
Corsair,Program,3 TB,5400 RPM,218.75 RON
Corsair,Focus,4 TB,7200 RPM,355.68 RON
Seagate,Town,4 TB,5400 RPM,506.01 RON
Seagate,Present,3 TB,7200 RPM,572.52 RON
Samsung,Win,3 TB,7200 RPM,870.46 RON
ADATA,Power,4 TB,7200 RPM,515.42 RON
Crucial,Member,5 TB,5400 RPM,875.11 RON
ADATA,Everybody,6 TB,5400 RPM,378.37 RON
Corsair,School,2 TB,7200 RPM,678.02 RON
ADATA,Nature,4 TB,7200 RPM,648.49 RON
Samsung,Mother,4 TB,7200 RPM,378.28 RON
Western Digital,Again,5 TB,7200 RPM,312.0 RON
Seagate,Case,3 TB,7200 RPM,960.42 RON
Seagate,Question,4 TB,7200 RPM,772.08 RON
ADATA,Billion,8 TB,5400 RPM,928.05 RON
Samsung,Among,2 TB,7200 RPM,279.64 RON
Crucial,Herself,6 TB,5400 RPM,819.31 RON
ADATA,Wind,2 TB,7200 RPM,766.51 RON
Seagate,Sea,2 TB,5400 RPM,582.61 RON
Western Digital,Interesting,8 TB,5400 RPM,417.94 RON
Seagate,Single,3 TB,5400 RPM,268.35 RON
Samsung,Building,6 TB,7200 RPM,588.31 RON
Samsung,Personal,4 TB,5400 RPM,796.83 RON
ADATA,Chance,10 TB,7200 RPM,301.67 RON
Samsung,Care,1 TB,5400 RPM,455.33 RON
Samsung,Any,1 TB,5400 RPM,648.09 RON
ADATA,Personal,1 TB,7200 RPM,644.93 RON
Samsung,Character,5 TB,7200 RPM,896.03 RON
Corsair,Various,4 TB,5400 RPM,229.02 RON
Corsair,Stay,3 TB,7200 RPM,621.69 RON
Seagate,War,8 TB,5400 RPM,987.89 RON
Samsung,Our,3 TB,7200 RPM,757.19 RON
Samsung,Establish,3 TB,7200 RPM,348.18 RON
ADATA,Upon,2 TB,5400 RPM,860.3 RON
ADATA,Spend,3 TB,7200 RPM,323.95 RON
Crucial,Group,1 TB,7200 RPM,691.48 RON
Crucial,Speech,4 TB,7200 RPM,594.55 RON
Seagate,Another,8 TB,5400 RPM,665.1 RON
Crucial,Need,2 TB,5400 RPM,264.58 RON
ADATA,Sense,10 TB,5400 RPM,334.57 RON
ADATA,Be,3 TB,7200 RPM,429.38 RON
Crucial,School,4 TB,5400 RPM,415.03 RON
Samsung,Rule,2 TB,5400 RPM,216.08 RON
Western Digital,Player,4 TB,5400 RPM,574.3 RON
Crucial,Avoid,4 TB,7200 RPM,729.92 RON
Seagate,Card,10 TB,5400 RPM,628.52 RON
Seagate,Book,10 TB,7200 RPM,260.1 RON
Crucial,Analysis,2 TB,5400 RPM,773.65 RON
Crucial,Detail,2 TB,7200 RPM,789.62 RON
Western Digital,Hotel,5 TB,7200 RPM,619.28 RON
Samsung,At,6 TB,5400 RPM,425.77 RON
Crucial,Wait,4 TB,7200 RPM,414.4 RON
Crucial,Skill,10 TB,7200 RPM,842.03 RON
Seagate,Thus,2 TB,5400 RPM,217.78 RON
Seagate,State,1 TB,7200 RPM,473.83 RON
Crucial,Seem,3 TB,5400 RPM,416.74 RON
Seagate,Why,6 TB,5400 RPM,479.55 RON
ADATA,Know,8 TB,5400 RPM,316.83 RON
Corsair,Quite,5 TB,7200 RPM,430.3 RON
Western Digital,Type,10 TB,7200 RPM,348.18 RON
Western Digital,Tonight,2 TB,5400 RPM,578.08 RON
Corsair,School,3 TB,5400 RPM,915.92 RON
Crucial,Table,5 TB,7200 RPM,653.33 RON
Seagate,Animal,3 TB,5400 RPM,790.8 RON
Corsair,Office,1 TB,5400 RPM,242.98 RON
ADATA,Early,10 TB,5400 RPM,309.57 RON
Samsung,Little,10 TB,5400 RPM,201.57 RON
ADATA,Enjoy,1 TB,5400 RPM,760.63 RON
Western Digital,Price,8 TB,7200 RPM,244.92 RON
ADATA,Design,8 TB,7200 RPM,322.49 RON
ADATA,Traditional,10 TB,7200 RPM,432.7 RON
ADATA,Own,3 TB,5400 RPM,689.56 RON
Samsung,Society,3 TB,7200 RPM,921.82 RON
Corsair,Herself,2 TB,7200 RPM,334.49 RON
Samsung,Agreement,5 TB,5400 RPM,479.58 RON
Western Digital,Environment,3 TB,7200 RPM,995.86 RON
Corsair,Leg,5 TB,7200 RPM,983.9 RON
ADATA,Management,2 TB,7200 RPM,278.09 RON
Crucial,Special,6 TB,5400 RPM,927.92 RON
Corsair,Unit,8 TB,5400 RPM,946.35 RON
Western Digital,Wall,3 TB,5400 RPM,946.2 RON
Samsung,Law,3 TB,5400 RPM,815.33 RON
Western Digital,Avoid,3 TB,5400 RPM,447.71 RON
ADATA,Central,8 TB,7200 RPM,847.55 RON
Corsair,Side,6 TB,5400 RPM,596.92 RON
Seagate,Receive,10 TB,7200 RPM,414.95 RON
Crucial,Voice,6 TB,7200 RPM,359.99 RON
Seagate,Reflect,1 TB,5400 RPM,764.69 RON
Crucial,Bank,6 TB,5400 RPM,612.48 RON
Seagate,Film,2 TB,7200 RPM,228.99 RON
Samsung,West,4 TB,7200 RPM,550.68 RON
Corsair,Indicate,3 TB,7200 RPM,439.42 RON
Samsung,Firm,3 TB,5400 RPM,954.67 RON
Seagate,Lot,2 TB,5400 RPM,425.2 RON
Seagate,Poor,1 TB,5400 RPM,371.08 RON
Corsair,Write,1 TB,5400 RPM,927.68 RON
Corsair,Investment,2 TB,5400 RPM,778.24 RON
Corsair,Long,10 TB,7200 RPM,468.36 RON
ADATA,Mrs,4 TB,7200 RPM,527.89 RON
Corsair,Not,8 TB,5400 RPM,576.66 RON
Samsung,Machine,3 TB,5400 RPM,207.62 RON
Crucial,Concern,10 TB,5400 RPM,827.64 RON
Samsung,Feeling,6 TB,7200 RPM,733.7 RON
Samsung,Everything,2 TB,5400 RPM,354.93 RON
Samsung,Woman,6 TB,7200 RPM,579.82 RON
Western Digital,Above,6 TB,5400 RPM,994.57 RON
ADATA,High,3 TB,7200 RPM,465.72 RON
Seagate,Imagine,5 TB,5400 RPM,352.98 RON
Seagate,Identify,3 TB,7200 RPM,434.51 RON
Seagate,Consumer,4 TB,7200 RPM,611.95 RON
Seagate,This,1 TB,7200 RPM,652.71 RON
Western Digital,Catch,5 TB,7200 RPM,519.6 RON
Corsair,Single,10 TB,5400 RPM,775.88 RON
Western Digital,Either,2 TB,5400 RPM,529.36 RON
Western Digital,Especially,6 TB,7200 RPM,215.73 RON
Western Digital,Democratic,8 TB,5400 RPM,652.45 RON
Western Digital,Religious,2 TB,7200 RPM,203.71 RON
Western Digital,Carry,4 TB,7200 RPM,369.47 RON
Crucial,Successful,5 TB,7200 RPM,798.12 RON
Crucial,Place,1 TB,5400 RPM,709.06 RON
Crucial,Local,8 TB,5400 RPM,962.17 RON
Crucial,Total,1 TB,5400 RPM,769.78 RON
Samsung,Woman,1 TB,5400 RPM,847.08 RON
Seagate,Then,1 TB,5400 RPM,538.87 RON
Western Digital,Agree,6 TB,7200 RPM,902.21 RON
Corsair,Beat,2 TB,7200 RPM,852.53 RON
Corsair,Member,3 TB,7200 RPM,465.4 RON
ADATA,Will,5 TB,5400 RPM,423.7 RON
Crucial,Girl,2 TB,5400 RPM,547.81 RON
Seagate,Newspaper,8 TB,7200 RPM,858.06 RON
Western Digital,Treat,3 TB,7200 RPM,359.0 RON
Samsung,Film,2 TB,7200 RPM,328.12 RON
Corsair,Ability,2 TB,5400 RPM,387.59 RON
Western Digital,Bit,3 TB,7200 RPM,519.43 RON
Seagate,Management,2 TB,5400 RPM,215.1 RON
Crucial,Behavior,2 TB,5400 RPM,513.62 RON
ADATA,Get,5 TB,5400 RPM,834.78 RON
Crucial,Well,6 TB,7200 RPM,244.56 RON
Crucial,Admit,2 TB,7200 RPM,992.81 RON
Western Digital,Provide,8 TB,5400 RPM,573.91 RON
ADATA,Sister,1 TB,7200 RPM,581.37 RON
Western Digital,Drug,6 TB,7200 RPM,330.91 RON
Crucial,Eight,8 TB,5400 RPM,726.01 RON
ADATA,Listen,1 TB,5400 RPM,544.0 RON
Samsung,Southern,1 TB,5400 RPM,275.72 RON
Seagate,Source,10 TB,7200 RPM,236.41 RON
Samsung,Finish,3 TB,7200 RPM,800.29 RON
Samsung,Though,3 TB,5400 RPM,520.07 RON
Samsung,Coach,6 TB,7200 RPM,550.03 RON
Samsung,Everything,1 TB,5400 RPM,545.47 RON
Corsair,Actually,4 TB,5400 RPM,205.6 RON
Seagate,Sometimes,10 TB,7200 RPM,345.45 RON
Samsung,Word,4 TB,7200 RPM,699.0 RON
Samsung,State,10 TB,5400 RPM,770.19 RON
Samsung,Scene,3 TB,5400 RPM,539.75 RON
Samsung,Energy,3 TB,7200 RPM,849.14 RON
Samsung,Fill,4 TB,7200 RPM,235.83 RON
Corsair,Newspaper,1 TB,5400 RPM,456.37 RON
ADATA,Serious,10 TB,7200 RPM,770.12 RON
Samsung,Choice,10 TB,7200 RPM,960.82 RON
Western Digital,Republican,10 TB,5400 RPM,851.66 RON
Crucial,Family,8 TB,7200 RPM,638.47 RON
ADATA,Account,10 TB,5400 RPM,846.72 RON
Seagate,Decide,4 TB,5400 RPM,670.92 RON
