Manufacturer, Model, Form Factor, Processor Socket, Chipset, Price
Asus,As,eATX,LGA2066,B550,874.43 RON
MSI,Owner,mATX,LGA1200,B460,1139.75 RON
MSI,Word,ATX,LGA1700,Z690,501.28 RON
Asus,Upon,mATX,LGA1151 v2,Z490,1407.58 RON
Gigabyte,Drop,mATX,LGA2066,B560,1392.79 RON
Biostar,Pass,ATX,LGA1151 v2,H610,690.64 RON
MSI,Arm,ATX,LGA1700,H610,1277.16 RON
ASRock,Up,ATX,LGA2066,H610,955.91 RON
MSI,Offer,eATX,LGA1200,B560,466.88 RON
Gigabyte,Prove,mATX,LGA2066,Z790,1433.96 RON
Biostar,Player,mATX,LGA2066,B760,634.09 RON
Asus,On,mITX,LGA1151 v2,B550,1817.35 RON
MSI,Often,ATX,LGA1200,B760,1037.95 RON
ASRock,Executive,ATX,LGA1700,B560,407.2 RON
ASRock,Discuss,eATX,LGA1700,B250,787.42 RON
MSI,Energy,ATX,LGA1700,H610,744.73 RON
MSI,Billion,eATX,LGA1700,Z690,829.3 RON
MSI,Must,mITX,LGA2066,H510,414.77 RON
Gigabyte,Old,mATX,LGA2066,Z590,757.07 RON
MSI,Floor,eATX,LGA1151 v2,B250,1642.44 RON
Gigabyte,Republican,mITX,LGA1200,Z490,667.54 RON
MSI,Card,eATX,LGA1200,H610,1133.92 RON
Gigabyte,Middle,eATX,LGA2066,B550,711.22 RON
MSI,Exactly,eATX,LGA2066,B250,1277.2 RON
Asus,Couple,mATX,LGA2066,B760,1823.89 RON
Biostar,Line,mITX,LGA2066,H610,587.56 RON
ASRock,Perhaps,eATX,LGA1151 v2,B550,1360.21 RON
MSI,Edge,mATX,LGA1151 v2,B550,1947.79 RON
MSI,Chair,mITX,LGA2066,Z690,1510.85 RON
Biostar,Really,eATX,LGA1151 v2,H610,537.26 RON
Gigabyte,Tonight,mATX,LGA1151 v2,H410,802.9 RON
Gigabyte,Until,ATX,LGA1200,H310,1984.06 RON
Gigabyte,Marriage,ATX,LGA1200,H510,1314.03 RON
Gigabyte,Kid,eATX,LGA1200,B460,1830.02 RON
Biostar,Arrive,ATX,LGA1700,Z790,1166.71 RON
Asus,Throw,mITX,LGA1151 v2,Z490,1099.89 RON
Biostar,Lawyer,ATX,LGA2066,H510,392.4 RON
ASRock,Guess,ATX,LGA1700,B760,420.79 RON
Biostar,Of,eATX,LGA1200,B760,983.28 RON
Gigabyte,Industry,mATX,LGA1200,H310,1535.14 RON
ASRock,Into,ATX,LGA1151 v2,H510,1430.48 RON
Biostar,Career,ATX,LGA1200,B760,1366.17 RON
Gigabyte,Kitchen,mATX,LGA1700,B560,851.54 RON
Gigabyte,Family,mITX,LGA1151 v2,Z490,1351.39 RON
Gigabyte,General,mITX,LGA1700,B550,1951.1 RON
ASRock,Coach,eATX,LGA1200,H410,774.93 RON
MSI,Right,mITX,LGA1200,Z590,1483.41 RON
MSI,Write,mITX,LGA2066,B550,1503.91 RON
MSI,Spend,eATX,LGA1200,Z690,987.05 RON
Gigabyte,Would,mITX,LGA1700,B760,658.97 RON
Biostar,Talk,eATX,LGA1151 v2,Z690,1195.17 RON
ASRock,Everybody,mITX,LGA2066,Z790,819.45 RON
Asus,Change,ATX,LGA1700,Z690,1480.4 RON
ASRock,Phone,ATX,LGA2066,B250,652.98 RON
Asus,Mention,mITX,LGA1200,Z790,1677.85 RON
Biostar,Star,eATX,LGA1200,Z690,663.71 RON
Asus,Land,mATX,LGA2066,H310,403.39 RON
ASRock,Recent,mITX,LGA1151 v2,Z490,1527.9 RON
Biostar,Cell,eATX,LGA1700,H310,920.61 RON
Gigabyte,Officer,ATX,LGA2066,Z590,1384.44 RON
Asus,Community,eATX,LGA2066,B550,1471.46 RON
Asus,Reality,mITX,LGA1200,Z690,558.7 RON
Biostar,Purpose,mITX,LGA1700,H410,834.69 RON
Gigabyte,Resource,ATX,LGA1200,H610,1270.75 RON
Biostar,Teach,mATX,LGA1151 v2,B250,698.03 RON
ASRock,Word,eATX,LGA2066,B250,506.55 RON
ASRock,Employee,mATX,LGA1700,Z790,420.15 RON
Asus,Visit,mITX,LGA1151 v2,Z390,921.2 RON
ASRock,Always,mITX,LGA1200,Z590,1513.4 RON
Biostar,Since,ATX,LGA1151 v2,Z390,547.01 RON
Gigabyte,All,mITX,LGA2066,Z790,338.25 RON
MSI,Source,eATX,LGA1700,B560,1680.06 RON
MSI,When,eATX,LGA1151 v2,H510,1578.73 RON
Asus,Sometimes,eATX,LGA1200,H510,1506.91 RON
Asus,Service,mATX,LGA1700,H610,564.14 RON
ASRock,Face,eATX,LGA1151 v2,H610,859.87 RON
ASRock,High,eATX,LGA2066,H610,1327.29 RON
MSI,Billion,mITX,LGA1200,B560,1945.47 RON
ASRock,Rise,eATX,LGA2066,H510,1205.2 RON
Gigabyte,Describe,mATX,LGA2066,B550,1143.04 RON
ASRock,By,mATX,LGA1151 v2,H410,348.37 RON
Biostar,Television,mATX,LGA1700,H470,692.61 RON
MSI,Face,eATX,LGA1151 v2,Z590,484.1 RON
Biostar,Professional,eATX,LGA1700,Z590,794.14 RON
Gigabyte,Peace,mATX,LGA1151 v2,B760,971.86 RON
Asus,History,ATX,LGA1700,H310,1621.15 RON
MSI,I,eATX,LGA1200,B760,625.24 RON
Gigabyte,His,eATX,LGA1200,Z690,970.07 RON
ASRock,Attorney,ATX,LGA1200,H470,663.08 RON
Biostar,Left,ATX,LGA2066,B460,1432.04 RON
Asus,Audience,mATX,LGA1200,H410,750.76 RON
Asus,Yourself,mATX,LGA1200,H410,784.47 RON
MSI,Why,ATX,LGA1200,H470,1170.5 RON
MSI,Establish,mITX,LGA2066,B550,1010.56 RON
MSI,Specific,mITX,LGA2066,H310,1007.85 RON
Gigabyte,Who,ATX,LGA1151 v2,B560,1342.61 RON
Gigabyte,Service,eATX,LGA1200,B250,1807.83 RON
Asus,Without,mATX,LGA1151 v2,H510,707.86 RON
Biostar,Need,mATX,LGA1700,Z490,1354.49 RON
ASRock,Guess,ATX,LGA1700,H310,858.59 RON
Gigabyte,Than,mITX,LGA1200,Z590,1006.67 RON
Asus,Conference,eATX,LGA2066,B460,318.57 RON
MSI,A,ATX,LGA1700,H410,1693.27 RON
Gigabyte,Mind,mITX,LGA2066,H510,853.09 RON
Asus,Yes,mATX,LGA1200,Z590,1254.28 RON
MSI,Hold,ATX,LGA2066,H310,1604.04 RON
Asus,Before,ATX,LGA1200,H470,843.73 RON
ASRock,Him,eATX,LGA1200,H410,1210.83 RON
MSI,Very,eATX,LGA2066,Z690,1569.01 RON
Gigabyte,Appear,eATX,LGA1700,H310,532.74 RON
Asus,Ability,mITX,LGA1151 v2,H470,1211.0 RON
ASRock,Consumer,eATX,LGA1700,B560,1600.13 RON
Biostar,Company,mATX,LGA1700,Z490,1928.08 RON
ASRock,Four,ATX,LGA1700,H610,1865.28 RON
ASRock,Vote,eATX,LGA2066,H470,949.17 RON
Biostar,Step,ATX,LGA2066,Z590,1022.52 RON
MSI,Store,eATX,LGA2066,H610,1607.19 RON
Biostar,A,mATX,LGA1200,H510,1084.4 RON
Asus,Fight,eATX,LGA1700,H410,1414.97 RON
ASRock,Key,ATX,LGA1151 v2,Z590,307.11 RON
Gigabyte,Hundred,ATX,LGA2066,Z390,1830.53 RON
Gigabyte,Dark,mITX,LGA1200,Z690,931.53 RON
Gigabyte,Enter,eATX,LGA1700,B460,1976.1 RON
Gigabyte,Personal,mITX,LGA1200,B550,708.84 RON
Asus,Believe,mATX,LGA1700,H310,557.87 RON
Gigabyte,Light,mITX,LGA1700,H510,1287.89 RON
Asus,Collection,mATX,LGA1700,Z690,1101.65 RON
Gigabyte,Card,mATX,LGA2066,H310,1222.12 RON
Asus,Feeling,eATX,LGA1200,Z390,322.34 RON
MSI,Upon,mATX,LGA1151 v2,Z790,1655.92 RON
Asus,Game,mATX,LGA2066,Z690,1402.27 RON
Gigabyte,Play,eATX,LGA2066,H410,958.04 RON
ASRock,Window,ATX,LGA2066,Z690,1402.23 RON
MSI,Mother,mITX,LGA1151 v2,H410,517.77 RON
Gigabyte,Feeling,eATX,LGA1200,H610,822.71 RON
MSI,Suggest,mITX,LGA1200,H510,1553.7 RON
Asus,Too,eATX,LGA1700,B250,1637.12 RON
Biostar,Final,ATX,LGA2066,B550,1922.52 RON
Gigabyte,Remember,ATX,LGA1151 v2,H410,1885.51 RON
MSI,Although,mATX,LGA1700,Z790,361.08 RON
Asus,Home,mATX,LGA1700,B760,599.54 RON
Biostar,Best,ATX,LGA1700,H510,1473.45 RON
Asus,Red,mATX,LGA1200,Z690,1523.11 RON
ASRock,Key,mATX,LGA1200,Z390,1534.08 RON
Gigabyte,Picture,eATX,LGA2066,B550,680.28 RON
Asus,Reduce,mITX,LGA2066,Z690,919.79 RON
Asus,Reflect,eATX,LGA1200,B550,1024.01 RON
Gigabyte,Theory,eATX,LGA1700,H310,904.94 RON
ASRock,Smile,mATX,LGA2066,B560,1868.55 RON
ASRock,Worker,mATX,LGA1151 v2,Z590,1883.91 RON
Asus,Western,eATX,LGA1700,H610,1671.85 RON
Biostar,Dinner,mITX,LGA1151 v2,B760,1715.0 RON
Gigabyte,Prepare,eATX,LGA1151 v2,Z690,1734.6 RON
Asus,Small,mATX,LGA1151 v2,Z690,1763.94 RON
Asus,Defense,eATX,LGA2066,H310,1195.9 RON
Biostar,Oil,mATX,LGA2066,H470,1372.55 RON
ASRock,Take,mITX,LGA2066,B760,1410.15 RON
Biostar,About,mATX,LGA1151 v2,Z390,374.31 RON
MSI,Eat,eATX,LGA1700,H310,501.85 RON
MSI,Personal,ATX,LGA2066,Z490,1884.12 RON
Gigabyte,Specific,ATX,LGA1700,Z690,1834.7 RON
MSI,Campaign,ATX,LGA2066,B760,926.64 RON
Biostar,Deal,mATX,LGA1700,B460,1519.86 RON
Asus,Or,eATX,LGA1151 v2,B460,1371.26 RON
Gigabyte,Member,ATX,LGA1200,B560,1508.87 RON
MSI,Newspaper,eATX,LGA1151 v2,H410,1565.35 RON
ASRock,It,mATX,LGA2066,Z590,1623.03 RON
MSI,Fast,mITX,LGA2066,H510,1314.92 RON
ASRock,Generation,ATX,LGA1151 v2,Z790,1837.08 RON
ASRock,Community,eATX,LGA2066,Z690,1423.4 RON
Asus,Question,eATX,LGA1200,H410,628.31 RON
MSI,Pressure,mITX,LGA1151 v2,H510,666.97 RON
ASRock,Hit,eATX,LGA1200,H470,899.38 RON
Gigabyte,Ok,eATX,LGA1151 v2,H310,1522.76 RON
Asus,Truth,mATX,LGA1200,H610,418.01 RON
ASRock,Let,mATX,LGA1151 v2,B550,1064.89 RON
Asus,Employee,mATX,LGA1151 v2,B760,1726.98 RON
Gigabyte,Only,mATX,LGA1151 v2,Z390,1932.57 RON
ASRock,Focus,eATX,LGA1151 v2,Z790,1626.29 RON
Asus,Program,ATX,LGA1151 v2,B250,864.39 RON
Biostar,Purpose,ATX,LGA2066,H510,1435.26 RON
ASRock,Design,mITX,LGA1151 v2,Z790,1947.89 RON
MSI,Food,mATX,LGA1200,Z490,1600.09 RON
MSI,Movie,ATX,LGA1151 v2,Z490,1049.16 RON
Gigabyte,Couple,mITX,LGA1700,B560,358.21 RON
MSI,Young,ATX,LGA1151 v2,H510,1959.74 RON
Biostar,Color,mATX,LGA1200,Z590,797.93 RON
MSI,Age,eATX,LGA1200,H510,1029.26 RON
Gigabyte,Cause,mITX,LGA1151 v2,H410,1804.45 RON
MSI,Call,mATX,LGA2066,B560,1695.74 RON
MSI,Drug,mITX,LGA1151 v2,B560,390.65 RON
ASRock,Idea,eATX,LGA2066,B250,1472.34 RON
ASRock,Involve,mITX,LGA2066,B460,497.96 RON
Asus,Word,mITX,LGA1151 v2,Z690,1142.81 RON
Gigabyte,Yeah,mATX,LGA1200,B250,1170.28 RON
ASRock,Identify,ATX,LGA2066,B560,1435.69 RON
MSI,Meeting,mITX,LGA1200,B460,913.08 RON
Gigabyte,Long,ATX,LGA2066,B760,873.94 RON
Biostar,Build,mITX,LGA1700,B560,1081.06 RON
Gigabyte,Center,mITX,LGA1151 v2,H610,787.6 RON
Asus,Recent,mATX,LGA1700,H410,1341.6 RON
ASRock,Huge,eATX,LGA1200,H310,469.73 RON
Biostar,Grow,mITX,LGA1700,H470,1254.55 RON
Gigabyte,Happy,eATX,LGA1700,B760,1941.15 RON
ASRock,The,mITX,LGA1151 v2,H510,1505.99 RON
Gigabyte,Still,eATX,LGA2066,B250,388.29 RON
Asus,Trial,mATX,LGA1151 v2,B460,692.6 RON
ASRock,Subject,mITX,LGA1200,H410,1855.09 RON
Biostar,Huge,eATX,LGA2066,H310,1223.9 RON
Gigabyte,Accept,mATX,LGA1151 v2,Z490,1376.85 RON
ASRock,Arrive,mATX,LGA1151 v2,Z490,1691.7 RON
ASRock,Reflect,mITX,LGA1151 v2,Z390,1942.63 RON
ASRock,Seem,eATX,LGA1700,Z590,1892.0 RON
ASRock,Reflect,ATX,LGA1200,Z590,1854.54 RON
Gigabyte,Defense,mITX,LGA1151 v2,Z690,726.89 RON
ASRock,Use,mATX,LGA1700,H310,1109.87 RON
Biostar,In,mITX,LGA1200,B550,1848.84 RON
Asus,Challenge,mITX,LGA1700,Z390,972.42 RON
Asus,Need,ATX,LGA1200,B460,1466.89 RON
Biostar,Social,mITX,LGA1200,H310,1933.49 RON
Biostar,Son,mATX,LGA1200,B560,1325.53 RON
ASRock,Soldier,mITX,LGA1200,H470,911.4 RON
MSI,New,ATX,LGA2066,Z790,320.79 RON
Biostar,West,mATX,LGA2066,Z790,888.11 RON
MSI,Carry,mATX,LGA1700,B250,1455.97 RON
Biostar,Short,eATX,LGA1200,H310,1782.04 RON
Biostar,Forward,mITX,LGA2066,H470,877.6 RON
ASRock,Stock,mATX,LGA1151 v2,B250,1396.69 RON
MSI,Enjoy,mATX,LGA2066,B250,332.5 RON
MSI,Ok,mATX,LGA1151 v2,B460,995.75 RON
Asus,Forget,eATX,LGA1700,H410,1874.77 RON
MSI,Listen,mITX,LGA1700,H510,912.65 RON
MSI,Land,ATX,LGA1151 v2,B550,1156.25 RON
Asus,Sure,eATX,LGA1700,B550,1158.75 RON
Asus,Star,mATX,LGA1200,H470,1280.71 RON
Gigabyte,Challenge,ATX,LGA1700,B760,421.4 RON
Gigabyte,Wonder,mATX,LGA1200,Z590,1530.92 RON
Asus,On,mITX,LGA2066,Z590,728.0 RON
ASRock,Difficult,eATX,LGA1151 v2,H310,1339.22 RON
MSI,Sort,mITX,LGA1700,Z590,986.93 RON
Asus,Address,ATX,LGA1151 v2,B760,1868.23 RON
MSI,Plan,mATX,LGA1700,Z390,1672.56 RON
ASRock,Head,mATX,LGA2066,Z390,1722.28 RON
ASRock,Late,mITX,LGA1700,H510,462.54 RON
MSI,Agree,mATX,LGA2066,B550,1982.61 RON
Biostar,Can,mITX,LGA2066,Z790,1711.94 RON
Gigabyte,Week,mITX,LGA2066,H310,1066.55 RON
Gigabyte,Police,eATX,LGA2066,Z590,1850.21 RON
Biostar,Worry,mITX,LGA2066,B250,876.58 RON
ASRock,Yet,mATX,LGA1200,B760,513.21 RON
Asus,Effect,mITX,LGA1700,B550,880.5 RON
Biostar,Special,eATX,LGA1151 v2,Z690,829.97 RON
Biostar,Age,mATX,LGA1200,Z490,558.67 RON
Asus,Answer,eATX,LGA2066,Z490,313.28 RON
MSI,Product,mATX,LGA1200,Z590,516.87 RON
Gigabyte,Price,mATX,LGA1151 v2,H310,1029.35 RON
Asus,Wait,ATX,LGA1151 v2,B560,1291.38 RON
ASRock,Free,eATX,LGA1151 v2,H510,561.19 RON
MSI,Hour,ATX,LGA1151 v2,H310,627.66 RON
MSI,Case,mATX,LGA2066,H470,842.17 RON
Biostar,Bag,ATX,LGA1151 v2,H410,1088.06 RON
MSI,Else,eATX,LGA1151 v2,Z690,862.29 RON
Gigabyte,Same,ATX,LGA2066,H470,1341.06 RON
MSI,Term,mATX,LGA2066,Z590,1703.39 RON
ASRock,Foreign,ATX,LGA2066,Z390,1332.28 RON
MSI,White,ATX,LGA1151 v2,H610,1048.06 RON
ASRock,Work,mATX,LGA1200,Z790,1142.04 RON
Gigabyte,Teach,mITX,LGA1200,B460,941.43 RON
ASRock,Especially,mATX,LGA2066,Z790,1161.01 RON
Asus,Action,ATX,LGA1200,H610,430.44 RON
Asus,Tv,mITX,LGA2066,B560,1340.94 RON
Gigabyte,Pm,mITX,LGA2066,Z490,627.14 RON
MSI,Meeting,mATX,LGA1700,B460,942.79 RON
ASRock,Either,mATX,LGA2066,B760,1574.43 RON
Biostar,Different,mITX,LGA1151 v2,H510,1656.1 RON
Biostar,Cause,mATX,LGA2066,B460,386.36 RON
MSI,Wonder,ATX,LGA1151 v2,Z390,1490.28 RON
ASRock,Main,mATX,LGA1200,Z390,1294.49 RON
Gigabyte,With,eATX,LGA1151 v2,H510,1359.26 RON
ASRock,Let,mATX,LGA1151 v2,H510,1153.93 RON
Asus,Assume,eATX,LGA2066,Z390,850.48 RON
Gigabyte,Build,mITX,LGA2066,B460,424.71 RON
ASRock,Sit,eATX,LGA1151 v2,B560,302.17 RON
MSI,Job,mATX,LGA1151 v2,H310,1266.69 RON
Biostar,Customer,ATX,LGA1700,H310,973.8 RON
ASRock,Shoulder,mATX,LGA1151 v2,Z690,1144.61 RON
ASRock,Big,ATX,LGA2066,H510,1873.52 RON
MSI,War,ATX,LGA1200,Z590,1191.87 RON
Gigabyte,Station,mITX,LGA2066,H610,1387.25 RON
MSI,Interesting,eATX,LGA1200,B550,1497.78 RON
MSI,Issue,ATX,LGA1200,H610,785.7 RON
MSI,Cold,mATX,LGA1200,Z690,1500.72 RON
Biostar,Enjoy,eATX,LGA1700,Z390,1782.41 RON
MSI,Arm,eATX,LGA1700,H310,1065.4 RON
Biostar,Kitchen,mITX,LGA2066,B250,788.88 RON
Biostar,Over,mATX,LGA2066,H310,448.66 RON
Biostar,Lot,mATX,LGA1151 v2,H310,914.2 RON
Asus,Wind,mITX,LGA1151 v2,H470,1859.93 RON
Biostar,Group,mITX,LGA1151 v2,Z690,451.42 RON
Asus,Nearly,mITX,LGA2066,Z790,1505.78 RON
MSI,Just,mITX,LGA2066,B560,671.54 RON
Biostar,Inside,eATX,LGA1200,H310,643.84 RON
Asus,Arrive,mATX,LGA2066,Z390,428.76 RON
Asus,When,mATX,LGA2066,H410,885.89 RON
ASRock,Job,mITX,LGA1700,H410,567.46 RON
Asus,Identify,eATX,LGA1200,H610,1748.96 RON
Gigabyte,Food,mITX,LGA2066,Z790,1316.76 RON
Asus,Eat,mATX,LGA1700,H610,1932.17 RON
Asus,Simple,eATX,LGA1700,B550,974.44 RON
Biostar,Sense,ATX,LGA1151 v2,Z390,931.09 RON
Biostar,Often,mITX,LGA1151 v2,B550,942.86 RON
ASRock,Attention,eATX,LGA2066,H310,1690.99 RON
ASRock,Day,mITX,LGA1700,Z390,1566.93 RON
ASRock,Allow,mITX,LGA2066,Z390,303.9 RON
Gigabyte,Trial,mATX,LGA1200,H310,959.17 RON
MSI,Pull,ATX,LGA1700,Z390,647.43 RON
ASRock,Include,mATX,LGA1200,B460,1612.16 RON
ASRock,Born,eATX,LGA1151 v2,B460,1074.46 RON
Biostar,Number,eATX,LGA1151 v2,Z390,1458.4 RON
Asus,Theory,mITX,LGA1200,H610,686.27 RON
Biostar,Feel,ATX,LGA1200,H610,433.29 RON
Gigabyte,Hold,mITX,LGA1700,H310,923.27 RON
Biostar,International,eATX,LGA1200,B460,1005.47 RON
MSI,Fall,ATX,LGA1700,B550,513.6 RON
Gigabyte,Dream,mATX,LGA2066,H510,1255.0 RON
MSI,Country,ATX,LGA1200,B250,1976.18 RON
Gigabyte,Voice,mATX,LGA2066,Z790,581.17 RON
ASRock,Exist,mATX,LGA1200,H610,377.77 RON
MSI,Believe,eATX,LGA1700,H310,724.7 RON
Gigabyte,Claim,ATX,LGA1200,H470,370.18 RON
Gigabyte,Describe,ATX,LGA2066,Z790,470.07 RON
ASRock,Concern,mATX,LGA2066,Z490,838.62 RON
ASRock,Growth,eATX,LGA2066,B760,1498.63 RON
Asus,Model,ATX,LGA2066,Z690,1795.72 RON
MSI,Standard,mATX,LGA1151 v2,Z590,1503.73 RON
ASRock,Total,mITX,LGA2066,H310,615.55 RON
MSI,Talk,ATX,LGA1700,Z390,534.19 RON
ASRock,Study,eATX,LGA1700,H610,844.91 RON
MSI,Receive,mATX,LGA1200,Z590,900.64 RON
MSI,Drive,mITX,LGA1151 v2,B560,305.58 RON
ASRock,Teacher,mATX,LGA1700,H610,816.06 RON
MSI,Town,ATX,LGA1200,Z590,404.26 RON
MSI,Want,ATX,LGA2066,Z690,900.44 RON
Gigabyte,Similar,mATX,LGA1200,B550,1107.38 RON
MSI,Certain,eATX,LGA1200,B560,300.21 RON
ASRock,Stuff,mATX,LGA1151 v2,H510,1355.86 RON
MSI,Enter,ATX,LGA2066,B760,1230.49 RON
ASRock,Determine,mATX,LGA2066,Z790,1217.67 RON
Asus,Truth,ATX,LGA2066,Z490,906.61 RON
ASRock,Adult,ATX,LGA1700,Z790,1931.75 RON
MSI,Pattern,ATX,LGA1700,B560,465.5 RON
Gigabyte,Government,ATX,LGA1151 v2,H410,1781.1 RON
MSI,Mission,ATX,LGA2066,H310,1393.68 RON
Biostar,Friend,eATX,LGA1151 v2,B250,1408.81 RON
Asus,Account,ATX,LGA1151 v2,B460,960.27 RON
Gigabyte,Defense,eATX,LGA1151 v2,B760,713.66 RON
MSI,Turn,mATX,LGA1200,Z390,1823.85 RON
ASRock,Explain,ATX,LGA1700,H470,1637.58 RON
ASRock,Wear,ATX,LGA1200,H470,990.06 RON
MSI,Staff,eATX,LGA1700,Z590,1471.81 RON
MSI,Glass,mATX,LGA2066,Z590,826.79 RON
Gigabyte,Too,ATX,LGA1200,B460,1047.86 RON
ASRock,Media,eATX,LGA1200,Z590,1653.77 RON
Gigabyte,Lawyer,mITX,LGA1200,H410,1960.05 RON
Asus,Road,ATX,LGA2066,Z490,775.88 RON
MSI,Common,mATX,LGA1700,H510,1902.36 RON
Gigabyte,Always,eATX,LGA1700,Z490,1192.11 RON
Asus,Pull,mITX,LGA1200,H610,515.43 RON
Gigabyte,Low,mATX,LGA1151 v2,H610,1703.49 RON
ASRock,Suffer,ATX,LGA2066,B250,1370.66 RON
MSI,Strong,mATX,LGA1200,B560,695.05 RON
Biostar,Save,eATX,LGA1200,B550,913.51 RON
Biostar,Must,mATX,LGA1200,H470,749.85 RON
ASRock,East,ATX,LGA1700,B250,444.93 RON
Gigabyte,Trade,ATX,LGA2066,H610,701.84 RON
Asus,Sort,mATX,LGA1200,Z690,439.83 RON
Asus,Late,eATX,LGA1700,Z790,1786.81 RON
ASRock,Risk,mITX,LGA2066,Z690,507.46 RON
ASRock,Approach,mITX,LGA1200,H470,1585.72 RON
ASRock,Pressure,mATX,LGA2066,H610,1640.03 RON
MSI,Medical,mITX,LGA2066,Z690,1162.47 RON
MSI,Agreement,ATX,LGA2066,B460,1125.41 RON
ASRock,Hour,eATX,LGA1200,B550,950.94 RON
MSI,Current,eATX,LGA1700,B550,1382.7 RON
Asus,Wife,eATX,LGA2066,Z690,1002.76 RON
Gigabyte,Tell,eATX,LGA1700,H410,1989.57 RON
Asus,Garden,mATX,LGA1700,B460,1811.74 RON
Gigabyte,Election,mITX,LGA1700,B250,1917.88 RON
MSI,Station,mATX,LGA1700,H410,317.32 RON
Biostar,Forget,mITX,LGA1200,Z490,1861.41 RON
Biostar,Instead,ATX,LGA1151 v2,B760,1396.44 RON
Biostar,Here,ATX,LGA2066,H310,820.76 RON
Asus,Surface,mITX,LGA1200,B250,1967.61 RON
Gigabyte,Consumer,mITX,LGA1200,B550,778.03 RON
Biostar,Sea,ATX,LGA2066,Z390,411.86 RON
ASRock,Stuff,mATX,LGA1200,B550,1744.25 RON
ASRock,Everybody,mATX,LGA1200,B460,681.39 RON
MSI,World,mATX,LGA2066,Z590,1029.92 RON
Biostar,Eye,ATX,LGA1151 v2,H610,1791.59 RON
Gigabyte,Bag,ATX,LGA1200,Z490,473.84 RON
Asus,Modern,mATX,LGA1151 v2,B250,327.88 RON
Biostar,Reflect,ATX,LGA1151 v2,B550,1573.93 RON
Biostar,Federal,eATX,LGA1200,H470,1055.27 RON
MSI,Skill,eATX,LGA1700,B250,963.15 RON
Gigabyte,Either,ATX,LGA1700,H410,1612.94 RON
MSI,Than,mATX,LGA1200,B460,1018.61 RON
Asus,Total,ATX,LGA1151 v2,B760,1238.93 RON
ASRock,On,ATX,LGA1151 v2,B250,1739.05 RON
Biostar,Could,mITX,LGA1700,B460,1298.97 RON
MSI,Mother,mITX,LGA1200,B760,592.34 RON
ASRock,Student,mATX,LGA1200,Z690,1636.9 RON
ASRock,City,mATX,LGA1151 v2,H410,1276.11 RON
Biostar,Through,ATX,LGA1200,H310,1952.51 RON
ASRock,Hour,ATX,LGA1151 v2,B560,1165.31 RON
ASRock,Do,mATX,LGA1151 v2,H510,1007.37 RON
Asus,Final,mITX,LGA2066,B550,1788.57 RON
ASRock,Reason,mITX,LGA1151 v2,B760,1024.25 RON
Biostar,Military,eATX,LGA2066,Z690,1809.75 RON
MSI,Former,mATX,LGA1700,B560,301.08 RON
Asus,Lot,ATX,LGA1151 v2,Z790,1946.4 RON
Biostar,Happy,mATX,LGA1151 v2,B760,1368.22 RON
Asus,People,ATX,LGA1151 v2,Z390,961.33 RON
ASRock,My,eATX,LGA1151 v2,B550,1239.39 RON
Gigabyte,Lawyer,mATX,LGA1200,B250,1557.82 RON
Biostar,Seek,mITX,LGA2066,Z590,1788.29 RON
ASRock,Ground,ATX,LGA1700,Z490,348.06 RON
Gigabyte,Must,mITX,LGA1200,H410,1836.34 RON
MSI,They,eATX,LGA1200,H510,551.08 RON
MSI,Political,mATX,LGA2066,Z790,661.55 RON
Gigabyte,High,mITX,LGA1200,Z390,1944.99 RON
MSI,Thus,eATX,LGA1700,Z590,1476.44 RON
MSI,Risk,mITX,LGA2066,B760,582.18 RON
Biostar,Accept,eATX,LGA2066,H470,1150.12 RON
Asus,Collection,ATX,LGA1151 v2,B250,1099.41 RON
Asus,Growth,eATX,LGA2066,B550,1136.18 RON
Gigabyte,Truth,ATX,LGA1700,B560,845.74 RON
MSI,Talk,mITX,LGA1700,H310,1900.46 RON
MSI,Whatever,mITX,LGA1200,Z690,325.09 RON
Asus,Computer,mITX,LGA2066,Z390,1749.05 RON
Biostar,What,mATX,LGA1151 v2,B550,1481.63 RON
Biostar,Born,ATX,LGA2066,B760,1735.42 RON
ASRock,Tax,mATX,LGA1200,Z390,1361.97 RON
Biostar,Fear,ATX,LGA2066,Z390,1434.6 RON
Biostar,Republican,ATX,LGA2066,Z690,1021.92 RON
MSI,Part,ATX,LGA1200,H510,1238.56 RON
MSI,Push,ATX,LGA1200,B460,1874.02 RON
MSI,Practice,mATX,LGA1700,Z690,1671.77 RON
Biostar,Own,ATX,LGA1151 v2,Z690,1806.48 RON
MSI,Color,eATX,LGA2066,B760,1451.04 RON
Asus,Note,ATX,LGA1200,B550,695.71 RON
Gigabyte,Really,ATX,LGA2066,B460,1017.01 RON
Gigabyte,Republican,eATX,LGA1200,B560,1782.85 RON
Gigabyte,Quite,mATX,LGA1200,B760,493.38 RON
ASRock,Food,eATX,LGA1151 v2,B250,458.37 RON
Gigabyte,Save,eATX,LGA1151 v2,H510,1206.97 RON
ASRock,Wall,eATX,LGA1151 v2,Z690,574.81 RON
ASRock,Half,eATX,LGA2066,H610,1402.5 RON
Biostar,Else,mATX,LGA1700,H310,640.5 RON
Gigabyte,Decide,eATX,LGA1200,Z590,1102.5 RON
MSI,Often,mATX,LGA1151 v2,Z390,530.69 RON
MSI,Wall,mITX,LGA1151 v2,H610,1798.73 RON
MSI,Box,eATX,LGA2066,H310,645.73 RON
Gigabyte,Difficult,mITX,LGA2066,H510,1419.01 RON
ASRock,Turn,mATX,LGA2066,H510,868.68 RON
Asus,Speech,eATX,LGA2066,H470,975.84 RON
Asus,Very,mITX,LGA1700,Z490,747.62 RON
Biostar,Term,mITX,LGA2066,Z390,559.83 RON
MSI,Her,ATX,LGA1700,B560,562.55 RON
Asus,Certainly,mATX,LGA1151 v2,B250,1700.03 RON
ASRock,Back,eATX,LGA1151 v2,B550,1932.47 RON
Gigabyte,Whose,mITX,LGA1200,Z790,381.43 RON
Gigabyte,Must,eATX,LGA1700,Z790,1090.54 RON
MSI,Enough,mATX,LGA1700,H470,1277.27 RON
ASRock,Yourself,ATX,LGA1700,H310,595.18 RON
Biostar,Sit,ATX,LGA1151 v2,B250,630.05 RON
Asus,Laugh,mITX,LGA1151 v2,Z590,1012.67 RON
Biostar,Stock,eATX,LGA2066,B560,586.51 RON
MSI,Herself,mITX,LGA1700,H610,1143.45 RON
ASRock,Culture,mITX,LGA1700,B550,1748.33 RON
MSI,Year,eATX,LGA2066,B560,547.09 RON
Asus,Investment,ATX,LGA1700,Z690,1571.78 RON
Gigabyte,Pressure,mATX,LGA1151 v2,Z790,639.84 RON
MSI,Area,mITX,LGA1151 v2,H510,1244.51 RON
Gigabyte,Shake,mATX,LGA1200,B460,801.01 RON
MSI,Image,ATX,LGA1700,H610,1980.75 RON
Gigabyte,Suffer,ATX,LGA1700,B250,503.13 RON
MSI,Sister,mATX,LGA1700,B250,1207.23 RON
Asus,Capital,ATX,LGA1151 v2,B250,399.44 RON
ASRock,Let,eATX,LGA1700,B560,573.76 RON
Gigabyte,Option,mATX,LGA1700,B460,718.07 RON
Biostar,Five,mITX,LGA1151 v2,Z790,764.15 RON
Gigabyte,Trouble,mATX,LGA1200,H510,1858.84 RON
ASRock,Consumer,ATX,LGA1151 v2,Z390,314.08 RON
Biostar,Direction,eATX,LGA1200,Z690,1030.56 RON
Asus,Begin,ATX,LGA1200,H310,1463.36 RON
Gigabyte,Apply,mITX,LGA2066,Z790,443.43 RON
MSI,Significant,ATX,LGA2066,B460,354.77 RON
Asus,Why,ATX,LGA1151 v2,Z590,1874.03 RON
Asus,Rock,eATX,LGA1200,Z790,1696.24 RON
ASRock,Arm,mITX,LGA2066,Z790,532.22 RON
Asus,Western,ATX,LGA2066,H310,1181.43 RON
ASRock,Claim,mATX,LGA1200,B550,1983.61 RON
Gigabyte,Allow,eATX,LGA2066,Z790,1903.25 RON
ASRock,Enough,eATX,LGA1700,H410,922.69 RON
MSI,Back,ATX,LGA1200,Z690,1549.29 RON
MSI,Feel,mATX,LGA1200,Z690,893.07 RON
MSI,Season,ATX,LGA1151 v2,H470,766.28 RON
Gigabyte,Condition,mITX,LGA2066,H610,1189.34 RON
Biostar,Time,eATX,LGA1700,B760,1057.86 RON
MSI,Foot,ATX,LGA2066,H310,1432.49 RON
Biostar,Without,mATX,LGA2066,Z390,623.0 RON
Asus,Two,eATX,LGA1200,B250,480.82 RON
Asus,Quality,ATX,LGA1700,B460,1818.45 RON
Gigabyte,Hotel,ATX,LGA1200,B250,1727.54 RON
ASRock,Film,ATX,LGA1700,H470,1463.56 RON
MSI,Water,mATX,LGA1700,B550,1234.52 RON
Biostar,Staff,mITX,LGA1200,Z790,683.35 RON
MSI,Just,ATX,LGA2066,Z390,751.34 RON
ASRock,Administration,mITX,LGA1200,Z490,1646.58 RON
Biostar,Use,mATX,LGA2066,Z790,1535.73 RON
Gigabyte,Unit,mITX,LGA2066,H310,828.66 RON
Asus,As,mATX,LGA1700,B560,1765.38 RON
Gigabyte,Positive,mITX,LGA1700,Z490,1520.24 RON
Gigabyte,Company,mATX,LGA1151 v2,B250,1378.32 RON
MSI,Never,mITX,LGA2066,Z590,1965.76 RON
Asus,Special,mATX,LGA1200,Z390,1293.24 RON
MSI,Rule,mITX,LGA2066,H610,857.28 RON
Asus,At,ATX,LGA2066,H410,664.83 RON
Gigabyte,Game,mATX,LGA2066,H310,414.61 RON
Gigabyte,Day,eATX,LGA1151 v2,B250,944.43 RON
MSI,Detail,ATX,LGA1200,H310,1273.45 RON
Asus,Picture,ATX,LGA1151 v2,B760,822.63 RON
Biostar,Direction,mATX,LGA1151 v2,B460,575.54 RON
Gigabyte,West,ATX,LGA1200,B760,1273.54 RON
MSI,Growth,mITX,LGA1151 v2,B760,719.92 RON
ASRock,Always,ATX,LGA1151 v2,Z690,992.58 RON
MSI,Defense,mATX,LGA1151 v2,Z790,1932.74 RON
Asus,Center,eATX,LGA1700,B760,1254.18 RON
Asus,Very,mITX,LGA2066,Z490,1825.33 RON
Gigabyte,City,ATX,LGA1151 v2,Z490,1846.49 RON
Biostar,End,mITX,LGA1200,Z590,1502.23 RON
MSI,Side,eATX,LGA2066,Z790,619.85 RON
Gigabyte,Something,mATX,LGA2066,H310,1960.1 RON
MSI,For,ATX,LGA1700,H610,1062.74 RON
Biostar,Relate,mATX,LGA1151 v2,H510,1633.06 RON
Biostar,Economic,ATX,LGA1151 v2,Z390,584.34 RON
Biostar,Along,eATX,LGA2066,Z390,1885.12 RON
Asus,Building,mATX,LGA1200,B560,1845.64 RON
Gigabyte,Dinner,eATX,LGA1151 v2,B250,891.3 RON
MSI,Article,eATX,LGA1151 v2,H470,759.57 RON
Gigabyte,Full,ATX,LGA2066,H610,494.87 RON
ASRock,Operation,ATX,LGA1151 v2,Z390,1110.54 RON
Asus,Too,mATX,LGA1700,Z390,1557.89 RON
MSI,Guy,mATX,LGA2066,Z390,1391.92 RON
Biostar,Approach,ATX,LGA1151 v2,Z490,1285.83 RON
ASRock,Happy,ATX,LGA1151 v2,H410,497.82 RON
Gigabyte,Performance,eATX,LGA1151 v2,H310,1753.19 RON
Gigabyte,Might,mATX,LGA1151 v2,H510,1810.23 RON
MSI,Open,mITX,LGA2066,Z590,1348.95 RON
Gigabyte,Produce,eATX,LGA2066,Z790,1948.73 RON
ASRock,Reason,ATX,LGA1151 v2,Z790,571.49 RON
Gigabyte,Off,eATX,LGA1700,B250,863.82 RON
Asus,Professor,eATX,LGA1151 v2,B250,1690.56 RON
Biostar,Almost,ATX,LGA2066,H410,1257.15 RON
Biostar,Spend,ATX,LGA1200,Z390,1500.39 RON
ASRock,Federal,mATX,LGA1200,B550,1315.91 RON
MSI,Scene,mATX,LGA2066,Z690,321.88 RON
Biostar,Attack,ATX,LGA1151 v2,H310,1551.72 RON
MSI,Talk,ATX,LGA1200,B760,849.3 RON
Biostar,Great,mATX,LGA1700,Z390,1426.53 RON
Gigabyte,Raise,mITX,LGA1700,Z490,1941.04 RON
Asus,None,ATX,LGA1700,B760,900.45 RON
Asus,Study,ATX,LGA1200,Z690,373.23 RON
MSI,Push,eATX,LGA1151 v2,H610,1727.2 RON
Asus,My,mITX,LGA1200,Z790,669.24 RON
Biostar,Case,mITX,LGA1700,H410,598.58 RON
Biostar,Treat,eATX,LGA1200,B550,1038.14 RON
Gigabyte,Direction,mITX,LGA1151 v2,H510,947.69 RON
MSI,Natural,eATX,LGA1200,H610,1805.65 RON
MSI,Another,ATX,LGA2066,Z590,491.69 RON
Gigabyte,Nice,mATX,LGA1151 v2,Z790,1060.13 RON
Biostar,Many,mITX,LGA1151 v2,B460,1247.86 RON
MSI,Best,mATX,LGA1200,B550,1082.16 RON
ASRock,Strategy,mITX,LGA2066,H470,795.59 RON
MSI,Statement,mATX,LGA1151 v2,H610,838.51 RON
Asus,Machine,ATX,LGA1700,Z390,947.93 RON
Gigabyte,Respond,eATX,LGA1151 v2,B250,1487.43 RON
MSI,Tv,ATX,LGA1200,H310,1594.33 RON
Gigabyte,Answer,eATX,LGA1151 v2,H470,1844.01 RON
ASRock,Thought,ATX,LGA2066,B550,1077.32 RON
ASRock,Simply,ATX,LGA1700,H510,731.44 RON
MSI,Will,mATX,LGA1700,B250,423.94 RON
Biostar,Politics,mITX,LGA1700,B560,1926.4 RON
Biostar,Tell,mATX,LGA1151 v2,H410,848.68 RON
MSI,Purpose,eATX,LGA1151 v2,H310,1664.89 RON
Gigabyte,Perhaps,eATX,LGA1151 v2,B760,770.78 RON
Asus,Black,eATX,LGA1200,H310,848.82 RON
MSI,Center,mITX,LGA1200,H470,1001.32 RON
Biostar,Involve,ATX,LGA1151 v2,H410,1290.47 RON
ASRock,Enjoy,ATX,LGA1200,B560,572.78 RON
MSI,Middle,mITX,LGA1700,Z490,911.33 RON
Asus,Consumer,mITX,LGA1151 v2,H310,360.82 RON
MSI,Offer,mATX,LGA1200,B560,748.53 RON
ASRock,Let,mATX,LGA1200,H510,1788.83 RON
ASRock,Cost,eATX,LGA1151 v2,Z690,369.26 RON
Biostar,Memory,ATX,LGA1700,Z790,1671.84 RON
ASRock,Provide,ATX,LGA1700,B560,316.73 RON
Asus,Popular,mITX,LGA1200,B460,1817.06 RON
Gigabyte,Idea,mATX,LGA2066,H610,1234.13 RON
MSI,Build,eATX,LGA1200,Z790,1434.13 RON
ASRock,None,mITX,LGA1151 v2,Z490,1156.49 RON
Gigabyte,Measure,mITX,LGA2066,Z690,667.38 RON
Asus,Ready,mITX,LGA1151 v2,Z690,1929.74 RON
MSI,Sport,mATX,LGA1151 v2,H510,1102.48 RON
MSI,Fast,ATX,LGA2066,Z490,1772.93 RON
Asus,None,mITX,LGA1151 v2,B550,849.67 RON
Biostar,Leg,eATX,LGA1200,H470,1614.5 RON
ASRock,Nice,mITX,LGA1200,H310,833.98 RON
Gigabyte,Government,mITX,LGA1200,H410,1221.43 RON
Biostar,Young,mITX,LGA1151 v2,H470,509.37 RON
Asus,Audience,mITX,LGA1200,H510,935.42 RON
Biostar,Study,mATX,LGA2066,Z790,588.82 RON
Biostar,Foreign,eATX,LGA1151 v2,H610,1180.56 RON
Asus,Back,mATX,LGA1151 v2,B760,802.92 RON
ASRock,Wrong,mITX,LGA1200,B550,1002.12 RON
Biostar,Bank,mITX,LGA1700,Z490,727.93 RON
Asus,World,mATX,LGA1700,H410,1556.4 RON
Gigabyte,Relationship,eATX,LGA2066,Z690,449.29 RON
ASRock,Store,mATX,LGA1700,B550,414.02 RON
MSI,Line,mATX,LGA1200,H310,415.27 RON
ASRock,Born,mITX,LGA1700,H410,807.62 RON
MSI,West,ATX,LGA1200,H470,1784.43 RON
Asus,Cell,mITX,LGA2066,Z490,1053.68 RON
Gigabyte,Suggest,eATX,LGA2066,Z490,1670.62 RON
MSI,Still,mATX,LGA1700,Z390,411.32 RON
ASRock,Room,eATX,LGA2066,Z690,332.66 RON
Gigabyte,Guy,mITX,LGA2066,H610,1503.07 RON
Gigabyte,Its,mITX,LGA2066,B760,781.07 RON
Gigabyte,Since,mITX,LGA1200,Z590,1122.63 RON
Biostar,Hear,mATX,LGA1700,H610,454.71 RON
Biostar,They,eATX,LGA1200,B550,942.44 RON
Asus,Expert,ATX,LGA1151 v2,B550,1377.04 RON
Gigabyte,Time,ATX,LGA2066,B250,1402.6 RON
ASRock,Send,ATX,LGA2066,H510,791.12 RON
Gigabyte,Skin,mITX,LGA1200,B250,1909.85 RON
Gigabyte,Worker,eATX,LGA2066,Z790,344.03 RON
Gigabyte,Late,ATX,LGA1151 v2,H610,1084.14 RON
ASRock,Give,mITX,LGA1200,B460,1517.55 RON
ASRock,Could,mATX,LGA1700,H410,596.15 RON
Gigabyte,News,mITX,LGA1700,B560,1249.2 RON
Biostar,Region,mATX,LGA2066,H410,1270.93 RON
Biostar,Treat,ATX,LGA2066,Z490,1737.05 RON
Asus,Rather,ATX,LGA1151 v2,B550,829.48 RON
Asus,Security,ATX,LGA1200,H470,855.18 RON
MSI,Minute,mATX,LGA1700,Z690,764.31 RON
Biostar,Network,mITX,LGA1200,H470,712.36 RON
ASRock,If,eATX,LGA2066,B460,1515.73 RON
Asus,Force,mATX,LGA1151 v2,Z690,1386.65 RON
Biostar,Relationship,ATX,LGA1151 v2,Z390,1529.71 RON
MSI,Home,mATX,LGA1151 v2,B250,1990.92 RON
Asus,Become,mITX,LGA1200,B550,1713.97 RON
ASRock,Poor,mITX,LGA1200,H510,1388.06 RON
ASRock,Third,ATX,LGA1200,B760,865.79 RON
Gigabyte,Ability,mATX,LGA2066,Z690,1570.43 RON
MSI,Color,ATX,LGA1200,Z390,1628.6 RON
Gigabyte,Wonder,eATX,LGA1200,H510,1564.95 RON
MSI,Teacher,mATX,LGA1200,B560,429.67 RON
ASRock,Nor,eATX,LGA1151 v2,B560,1865.2 RON
ASRock,Participant,mATX,LGA1200,H470,953.97 RON
ASRock,Lot,eATX,LGA1700,Z490,508.83 RON
Biostar,Become,eATX,LGA1200,B760,663.01 RON
Biostar,Physical,mATX,LGA1151 v2,H510,1548.43 RON
Asus,Police,mITX,LGA1151 v2,H410,1252.95 RON
ASRock,Surface,eATX,LGA2066,Z390,1823.81 RON
Biostar,Option,mATX,LGA1200,B250,848.79 RON
Gigabyte,Star,ATX,LGA2066,B250,1125.56 RON
ASRock,Guy,eATX,LGA1151 v2,H510,1887.82 RON
Biostar,Certainly,eATX,LGA1151 v2,H310,1585.77 RON
Asus,Than,mATX,LGA1151 v2,Z790,1549.39 RON
Biostar,White,eATX,LGA2066,B250,1086.53 RON
Gigabyte,Able,mITX,LGA1200,Z590,1982.89 RON
ASRock,Tough,eATX,LGA1700,B560,1809.79 RON
Biostar,Single,mITX,LGA1700,Z690,1236.21 RON
Asus,Throw,mITX,LGA1151 v2,H610,1075.62 RON
MSI,Into,ATX,LGA2066,H310,445.64 RON
ASRock,Approach,ATX,LGA1200,B760,716.72 RON
Asus,Rich,mATX,LGA1700,B760,1176.92 RON
Biostar,Owner,eATX,LGA1200,B760,1670.5 RON
MSI,Claim,mITX,LGA1700,B550,537.41 RON
Gigabyte,Wear,mATX,LGA1151 v2,H470,584.25 RON
MSI,Cell,ATX,LGA1151 v2,H470,383.91 RON
Asus,Wind,mITX,LGA1151 v2,B550,1159.42 RON
Asus,Western,mATX,LGA1700,H470,1883.24 RON
Gigabyte,Probably,ATX,LGA1700,H410,1390.26 RON
Biostar,Move,ATX,LGA1151 v2,B550,1852.79 RON
Biostar,Cut,mATX,LGA1200,B460,1632.04 RON
MSI,Operation,mITX,LGA1151 v2,B560,733.21 RON
Asus,General,ATX,LGA1200,H470,1605.58 RON
ASRock,Red,mITX,LGA2066,B760,862.89 RON
Gigabyte,Send,mITX,LGA1700,B760,1176.5 RON
Gigabyte,Stage,ATX,LGA1700,B250,1886.46 RON
MSI,Mr,ATX,LGA1700,H470,1098.98 RON
Asus,Much,mITX,LGA1151 v2,H310,530.6 RON
ASRock,Water,eATX,LGA1700,B250,1051.31 RON
ASRock,Occur,mATX,LGA1151 v2,Z690,1364.51 RON
Gigabyte,Enter,mITX,LGA1200,H470,1312.52 RON
ASRock,Sell,mITX,LGA1151 v2,B250,734.81 RON
ASRock,Half,ATX,LGA1200,Z490,1981.05 RON
MSI,Modern,ATX,LGA2066,H410,1053.13 RON
Biostar,Bank,mATX,LGA2066,B250,1861.05 RON
MSI,National,eATX,LGA1700,Z390,556.76 RON
Asus,Somebody,ATX,LGA2066,H470,1470.08 RON
MSI,Probably,mITX,LGA2066,B250,905.83 RON
MSI,Piece,eATX,LGA2066,B460,642.1 RON
ASRock,Baby,ATX,LGA1200,B560,1170.21 RON
Asus,Develop,eATX,LGA1200,H470,1529.5 RON
ASRock,Share,eATX,LGA1200,Z390,498.79 RON
Biostar,Make,eATX,LGA2066,Z790,499.88 RON
Biostar,Return,ATX,LGA2066,H610,1131.13 RON
ASRock,Live,mITX,LGA2066,H510,1096.43 RON
Asus,Understand,mITX,LGA1700,Z590,1808.29 RON
MSI,Sister,mATX,LGA2066,B460,1245.56 RON
Asus,Congress,eATX,LGA1700,B460,1714.51 RON
MSI,Beat,eATX,LGA1700,Z590,1102.31 RON
Asus,Mother,eATX,LGA1151 v2,H410,1571.77 RON
ASRock,Tree,mITX,LGA1151 v2,Z490,423.9 RON
Biostar,Tell,ATX,LGA1700,B550,383.17 RON
ASRock,Gas,eATX,LGA1200,B560,1596.4 RON
Gigabyte,Year,mATX,LGA2066,H610,1778.74 RON
Gigabyte,Will,eATX,LGA1151 v2,Z690,838.82 RON
Biostar,Itself,eATX,LGA1700,H610,385.97 RON
Biostar,Effort,eATX,LGA1700,H410,816.74 RON
MSI,Choose,eATX,LGA1151 v2,H510,1501.59 RON
MSI,She,ATX,LGA1151 v2,Z790,946.3 RON
Biostar,Other,eATX,LGA2066,H470,706.29 RON
MSI,Cover,eATX,LGA1151 v2,Z590,645.71 RON
MSI,Indeed,ATX,LGA1700,H510,932.63 RON
Gigabyte,College,ATX,LGA2066,Z590,1145.23 RON
Asus,Reason,ATX,LGA1200,H510,1962.83 RON
Asus,Fish,mITX,LGA2066,Z390,905.92 RON
MSI,Ever,mITX,LGA1151 v2,H510,1154.56 RON
Biostar,Surface,mITX,LGA1200,H470,1558.93 RON
ASRock,Fight,eATX,LGA2066,Z490,1309.55 RON
Asus,Once,ATX,LGA1200,H470,1577.0 RON
Gigabyte,Ability,eATX,LGA2066,H510,1056.88 RON
Biostar,Foreign,mITX,LGA1151 v2,H310,1354.76 RON
Asus,Strategy,eATX,LGA2066,H610,1937.59 RON
Asus,Health,mATX,LGA1151 v2,Z590,1032.35 RON
Gigabyte,Federal,mITX,LGA1700,Z790,1006.12 RON
Asus,Join,eATX,LGA1151 v2,B460,481.53 RON
ASRock,Oil,ATX,LGA1151 v2,Z490,439.88 RON
ASRock,Down,mATX,LGA1151 v2,Z790,624.1 RON
Asus,Certain,mITX,LGA1151 v2,B460,739.85 RON
Gigabyte,Room,mITX,LGA1700,B250,1686.5 RON
MSI,Federal,eATX,LGA1151 v2,H310,1936.44 RON
Asus,Father,mITX,LGA1700,Z690,1043.6 RON
Gigabyte,Far,ATX,LGA1700,H610,829.6 RON
Gigabyte,Color,ATX,LGA2066,H470,1877.03 RON
MSI,Way,mATX,LGA1700,H470,1614.71 RON
MSI,Why,eATX,LGA1200,Z690,1126.21 RON
ASRock,Be,eATX,LGA1200,B550,1650.53 RON
Biostar,Them,mATX,LGA2066,B460,1894.35 RON
Gigabyte,Improve,eATX,LGA1151 v2,H510,1223.23 RON
Asus,Offer,mATX,LGA1151 v2,H470,657.93 RON
Biostar,Range,mATX,LGA1151 v2,H410,1498.52 RON
Asus,Response,eATX,LGA1200,H470,1491.29 RON
ASRock,Adult,mITX,LGA1200,H510,1978.91 RON
Asus,Add,ATX,LGA2066,H310,597.01 RON
Asus,Talk,eATX,LGA2066,B560,1831.71 RON
Asus,Piece,ATX,LGA1151 v2,B250,832.64 RON
Gigabyte,Share,mATX,LGA1200,Z690,1608.64 RON
ASRock,Statement,ATX,LGA1200,B560,880.7 RON
Gigabyte,Then,ATX,LGA1700,Z490,1753.79 RON
ASRock,Parent,ATX,LGA1200,B760,477.64 RON
MSI,Between,mATX,LGA2066,B460,1187.6 RON
Asus,Off,mATX,LGA1200,H310,915.42 RON
Asus,Anything,eATX,LGA1151 v2,B560,913.99 RON
Asus,College,ATX,LGA1700,Z390,1529.57 RON
Biostar,Risk,mITX,LGA1200,B760,742.62 RON
ASRock,College,mITX,LGA1151 v2,B560,763.2 RON
ASRock,Return,mITX,LGA1700,Z490,1728.42 RON
MSI,Thought,eATX,LGA1700,B760,1877.58 RON
Asus,Hold,mITX,LGA1151 v2,Z590,882.11 RON
MSI,Method,mITX,LGA2066,H510,1045.93 RON
Gigabyte,Experience,ATX,LGA2066,B460,990.62 RON
Biostar,Community,mATX,LGA1200,Z790,527.49 RON
ASRock,Hot,eATX,LGA2066,B550,1252.23 RON
ASRock,Production,mITX,LGA1700,H470,449.71 RON
ASRock,Benefit,mITX,LGA1700,H610,559.75 RON
ASRock,Face,eATX,LGA1700,B760,1843.28 RON
MSI,Piece,mATX,LGA1151 v2,B560,876.32 RON
ASRock,This,eATX,LGA1200,H510,494.46 RON
Biostar,Religious,ATX,LGA1151 v2,H310,1271.38 RON
Asus,East,mATX,LGA1700,H310,1640.09 RON
MSI,Case,ATX,LGA1200,B560,1460.87 RON
Biostar,Remember,mATX,LGA1700,Z390,371.04 RON
Biostar,Mention,ATX,LGA2066,H510,814.51 RON
Asus,Way,ATX,LGA2066,Z690,683.47 RON
MSI,Forget,ATX,LGA2066,H610,1086.32 RON
ASRock,College,mITX,LGA2066,B460,891.57 RON
ASRock,Subject,mITX,LGA1200,Z690,1241.0 RON
Gigabyte,Special,mATX,LGA1200,H310,1386.9 RON
MSI,Pretty,eATX,LGA1151 v2,B460,330.12 RON
MSI,Agent,mITX,LGA2066,Z590,379.08 RON
Gigabyte,Catch,mITX,LGA1151 v2,B250,839.28 RON
Gigabyte,Year,ATX,LGA1200,H610,1364.24 RON
ASRock,Add,ATX,LGA1700,B560,602.95 RON
MSI,If,ATX,LGA1700,Z790,789.67 RON
ASRock,Change,mITX,LGA1200,H310,739.91 RON
MSI,Staff,eATX,LGA1151 v2,B550,595.65 RON
ASRock,Character,mITX,LGA1200,H470,1333.75 RON
Asus,Five,mITX,LGA1200,H410,1958.41 RON
Biostar,Instead,mATX,LGA1700,B460,586.01 RON
Gigabyte,Word,eATX,LGA1700,B250,1729.95 RON
Biostar,Better,ATX,LGA1151 v2,Z590,1149.18 RON
Asus,Individual,mATX,LGA1200,B760,1913.42 RON
Gigabyte,Else,ATX,LGA1151 v2,Z590,1331.7 RON
Asus,Picture,ATX,LGA2066,B550,807.97 RON
MSI,Dog,ATX,LGA1151 v2,B550,301.09 RON
Gigabyte,Traditional,mATX,LGA2066,B250,1276.34 RON
Gigabyte,Fire,mITX,LGA1200,H510,1828.12 RON
Asus,Thing,mITX,LGA1200,H410,1755.28 RON
Gigabyte,Measure,eATX,LGA1200,B550,1252.51 RON
Biostar,Level,ATX,LGA1151 v2,Z390,403.9 RON
Biostar,Outside,mATX,LGA1700,B250,1733.17 RON
MSI,Provide,mITX,LGA1151 v2,Z790,1190.85 RON
MSI,Crime,mATX,LGA1200,Z790,1123.72 RON
Asus,Brother,ATX,LGA1200,B460,1647.23 RON
Biostar,Medical,ATX,LGA1700,Z490,1436.61 RON
ASRock,Growth,mATX,LGA1200,H410,1787.52 RON
ASRock,Sell,mATX,LGA1700,B550,749.05 RON
Biostar,Public,mITX,LGA1151 v2,H470,426.08 RON
Asus,Discuss,eATX,LGA1151 v2,Z690,1088.69 RON
ASRock,Happy,mATX,LGA1700,Z490,643.27 RON
ASRock,Exactly,mITX,LGA2066,Z690,1784.63 RON
Gigabyte,Understand,eATX,LGA1700,H470,324.8 RON
Asus,Usually,mITX,LGA1700,Z490,1052.22 RON
Asus,Price,eATX,LGA2066,H610,493.5 RON
Asus,Support,eATX,LGA1200,Z590,1647.89 RON
Biostar,More,ATX,LGA1151 v2,Z690,1651.22 RON
Asus,Particularly,mITX,LGA1700,B560,603.07 RON
Biostar,Whatever,mATX,LGA1200,H610,1592.0 RON
ASRock,Like,mATX,LGA1151 v2,B760,968.75 RON
Asus,Western,ATX,LGA1200,H610,453.64 RON
Gigabyte,Treat,mATX,LGA1151 v2,H470,700.95 RON
Asus,Size,mITX,LGA1151 v2,Z690,484.37 RON
MSI,Catch,eATX,LGA2066,B250,1387.32 RON
MSI,Both,mATX,LGA1151 v2,B760,1736.94 RON
Gigabyte,Sound,mATX,LGA1700,Z390,333.64 RON
MSI,Cold,mATX,LGA1700,B250,596.16 RON
Asus,Management,ATX,LGA1700,B460,968.78 RON
Asus,National,eATX,LGA1200,H310,1708.06 RON
Asus,Important,mITX,LGA1151 v2,B550,569.07 RON
Asus,That,eATX,LGA1700,H310,538.6 RON
Biostar,Job,eATX,LGA1151 v2,B250,1875.85 RON
MSI,Hand,eATX,LGA2066,B560,454.88 RON
Asus,Last,mATX,LGA1200,B560,1886.93 RON
MSI,Of,ATX,LGA1700,B460,1667.02 RON
MSI,War,mITX,LGA1700,Z490,827.34 RON
ASRock,Remain,mATX,LGA1200,Z590,1739.92 RON
Gigabyte,Guess,ATX,LGA1151 v2,Z490,504.48 RON
Gigabyte,General,eATX,LGA1151 v2,H310,915.1 RON
Gigabyte,Newspaper,ATX,LGA1700,B550,910.82 RON
Biostar,Technology,eATX,LGA1151 v2,B550,762.35 RON
Asus,Grow,eATX,LGA2066,H610,1555.36 RON
Asus,Work,mITX,LGA1700,H470,1443.62 RON
MSI,Cost,mITX,LGA2066,H410,481.07 RON
Gigabyte,Move,mITX,LGA1700,B550,1973.3 RON
ASRock,Religious,ATX,LGA2066,B250,697.37 RON
Biostar,Politics,eATX,LGA1151 v2,H510,1307.8 RON
Gigabyte,Vote,ATX,LGA1200,Z390,665.88 RON
Asus,Bed,eATX,LGA1700,B250,691.38 RON
ASRock,Believe,mITX,LGA1200,B560,662.61 RON
Biostar,Research,mATX,LGA2066,Z690,1344.02 RON
ASRock,Able,mATX,LGA1151 v2,H310,1751.93 RON
ASRock,Evidence,ATX,LGA1200,H610,668.68 RON
ASRock,Step,mATX,LGA2066,H410,611.59 RON
ASRock,Dog,eATX,LGA1700,B550,743.48 RON
MSI,Task,ATX,LGA2066,B250,1462.94 RON
Asus,Speech,eATX,LGA2066,Z690,698.12 RON
Gigabyte,On,mATX,LGA1200,H410,1860.69 RON
ASRock,Give,ATX,LGA1700,Z490,494.94 RON
Gigabyte,Along,eATX,LGA1151 v2,B560,824.91 RON
MSI,Fear,mITX,LGA1700,H510,1989.4 RON
Gigabyte,Green,ATX,LGA1700,Z790,1663.4 RON
Asus,Shoulder,eATX,LGA1700,Z690,1707.59 RON
ASRock,Often,mATX,LGA1200,H610,694.46 RON
Gigabyte,Course,mATX,LGA2066,H510,864.71 RON
ASRock,Hand,eATX,LGA2066,H510,1662.86 RON
ASRock,Why,ATX,LGA1700,B760,1734.38 RON
ASRock,Capital,mITX,LGA1700,B250,1239.02 RON
ASRock,Figure,ATX,LGA1700,B550,1742.23 RON
Biostar,Partner,mATX,LGA1151 v2,H310,373.63 RON
MSI,Go,ATX,LGA2066,H310,1935.02 RON
Gigabyte,Theory,ATX,LGA2066,Z390,860.08 RON
Biostar,Treat,ATX,LGA1151 v2,B760,1559.81 RON
Biostar,Set,ATX,LGA2066,Z790,1437.57 RON
Gigabyte,Serious,mATX,LGA1700,H410,1583.01 RON
Biostar,Impact,ATX,LGA2066,Z490,1953.82 RON
ASRock,Whole,mATX,LGA1700,H310,1791.02 RON
Biostar,Upon,mATX,LGA2066,B560,1782.13 RON
MSI,First,ATX,LGA1700,B460,1289.58 RON
ASRock,Sister,mITX,LGA1700,Z690,1734.5 RON
Gigabyte,Home,mITX,LGA1151 v2,Z490,910.45 RON
ASRock,While,ATX,LGA1151 v2,B760,1684.35 RON
MSI,Because,eATX,LGA1200,B250,1047.54 RON
Asus,Will,ATX,LGA1200,H410,1719.89 RON
ASRock,Fight,eATX,LGA1700,H610,1060.73 RON
Asus,Raise,mITX,LGA1700,H410,1182.06 RON
Biostar,Knowledge,mITX,LGA1151 v2,Z690,1357.59 RON
Biostar,Small,ATX,LGA2066,B760,808.6 RON
Biostar,Partner,ATX,LGA1700,Z690,518.82 RON
Biostar,Accept,mITX,LGA1700,H470,1552.64 RON
ASRock,Try,ATX,LGA1200,Z690,771.89 RON
Biostar,Instead,eATX,LGA1200,H610,514.94 RON
Biostar,Become,ATX,LGA1700,B460,1343.63 RON
Gigabyte,Central,ATX,LGA2066,Z690,899.11 RON
Asus,Before,mITX,LGA1700,Z390,496.91 RON
Biostar,Who,mITX,LGA2066,B550,806.49 RON
Biostar,Research,mITX,LGA1700,H510,677.45 RON
MSI,Though,ATX,LGA1700,B560,762.42 RON
Asus,Four,mITX,LGA2066,B560,1575.56 RON
Asus,Operation,ATX,LGA1200,H410,773.65 RON
Gigabyte,Radio,ATX,LGA1200,Z390,1013.06 RON
Gigabyte,Sell,mATX,LGA1200,B560,748.68 RON
Biostar,Deal,mITX,LGA2066,Z590,813.85 RON
Asus,Form,mITX,LGA1151 v2,H310,324.43 RON
Biostar,Hold,ATX,LGA1700,H610,1073.53 RON
Asus,Wait,ATX,LGA2066,Z790,991.0 RON
Asus,Whole,mATX,LGA1200,H310,1142.6 RON
Gigabyte,Stuff,eATX,LGA1200,B560,552.12 RON
ASRock,Style,ATX,LGA1200,H610,480.98 RON
Biostar,Everyone,mITX,LGA1200,H310,1542.32 RON
MSI,Top,mATX,LGA1200,H410,1501.98 RON
Biostar,Method,ATX,LGA2066,H510,1824.4 RON
Gigabyte,Himself,mITX,LGA1700,Z490,875.13 RON
MSI,Number,eATX,LGA2066,Z690,1082.2 RON
Biostar,Sense,ATX,LGA1151 v2,B460,1938.02 RON
ASRock,Executive,mITX,LGA1700,Z590,492.95 RON
ASRock,Director,eATX,LGA1151 v2,B250,1386.55 RON
Gigabyte,Feeling,eATX,LGA1151 v2,Z490,365.21 RON
MSI,Later,eATX,LGA1151 v2,B460,1662.45 RON
Biostar,International,eATX,LGA1700,H310,1263.76 RON
Asus,Could,eATX,LGA1200,Z790,874.75 RON
ASRock,Cup,ATX,LGA1151 v2,H510,729.15 RON
Biostar,Enough,mITX,LGA1151 v2,H310,1705.45 RON
ASRock,Production,mITX,LGA1151 v2,H410,536.57 RON
MSI,Turn,mITX,LGA1700,B550,1040.03 RON
ASRock,Cost,mATX,LGA1700,Z590,687.01 RON
ASRock,Ability,mITX,LGA1700,H310,1897.28 RON
Biostar,Woman,eATX,LGA1200,Z390,1555.3 RON
Asus,Doctor,eATX,LGA1151 v2,Z690,700.0 RON
Gigabyte,Member,eATX,LGA1151 v2,H410,1774.11 RON
Biostar,Your,ATX,LGA2066,B560,1320.35 RON
ASRock,Material,mITX,LGA1151 v2,Z690,347.65 RON
Asus,Fall,ATX,LGA1151 v2,H610,1934.33 RON
ASRock,Those,eATX,LGA1700,B550,317.04 RON
ASRock,State,mITX,LGA1200,B760,509.54 RON
Gigabyte,Table,mITX,LGA2066,H470,1046.93 RON
Asus,Course,mATX,LGA1700,B560,1604.24 RON
Biostar,Such,eATX,LGA1200,H470,1883.02 RON
ASRock,Community,eATX,LGA1700,Z390,1806.33 RON
Asus,Family,mITX,LGA1200,B460,1399.87 RON
Biostar,Particular,mATX,LGA1700,Z790,1010.67 RON
Gigabyte,Result,mATX,LGA2066,B760,1343.21 RON
Gigabyte,Around,ATX,LGA2066,B550,1882.9 RON
Gigabyte,Dream,ATX,LGA1151 v2,H470,1038.73 RON
Biostar,Police,eATX,LGA1200,Z390,760.52 RON
MSI,Lead,eATX,LGA2066,H470,1455.87 RON
Asus,News,ATX,LGA2066,H510,594.48 RON
Asus,Sell,ATX,LGA1700,B460,711.09 RON
ASRock,Them,mATX,LGA2066,H310,1950.66 RON
Gigabyte,Available,ATX,LGA2066,H470,359.66 RON
ASRock,Move,eATX,LGA1700,Z590,678.87 RON
MSI,Girl,mATX,LGA1200,Z690,736.98 RON
Gigabyte,International,ATX,LGA1151 v2,Z390,1160.56 RON
ASRock,News,mATX,LGA1151 v2,H310,867.81 RON
ASRock,Organization,ATX,LGA2066,H470,1789.97 RON
ASRock,Child,ATX,LGA2066,B560,300.63 RON
MSI,Represent,eATX,LGA2066,B560,525.52 RON
Asus,Identify,mATX,LGA2066,Z490,1471.49 RON
Gigabyte,Quality,ATX,LGA1151 v2,B760,1809.8 RON
Gigabyte,Yourself,mITX,LGA1200,Z690,333.54 RON
Asus,World,ATX,LGA2066,H410,816.58 RON
Biostar,Leave,eATX,LGA1200,Z490,1617.33 RON
Gigabyte,Hold,eATX,LGA1151 v2,H510,634.97 RON
MSI,Pm,ATX,LGA2066,B460,1187.8 RON
Biostar,Return,ATX,LGA1700,B250,748.92 RON
Gigabyte,Attack,eATX,LGA1700,B460,700.39 RON
Gigabyte,Remain,ATX,LGA1200,Z690,1232.64 RON
Biostar,Inside,mATX,LGA1200,B560,534.05 RON
MSI,Gun,mATX,LGA2066,H610,1872.2 RON
Asus,Over,ATX,LGA1200,H610,1625.8 RON
Biostar,Her,mITX,LGA1200,Z790,1723.16 RON
Gigabyte,Most,ATX,LGA1151 v2,Z590,1488.62 RON
Asus,Represent,eATX,LGA2066,Z590,504.27 RON
ASRock,Model,mATX,LGA2066,Z490,759.75 RON
Gigabyte,Apply,mATX,LGA1200,Z690,1160.89 RON
MSI,Law,mATX,LGA1200,Z690,896.67 RON
Biostar,He,eATX,LGA1200,Z690,1312.51 RON
Gigabyte,Detail,mATX,AM5,X470,447.34 RON
MSI,Fine,mITX,AM4,B450,323.66 RON
ASRock,Too,ATX,AM4,B650,1196.79 RON
Biostar,Admit,mITX,AM4,A520,934.84 RON
MSI,On,ATX,AM4,X470,1072.51 RON
Biostar,Gun,ATX,AM5,X470,1438.85 RON
ASRock,Shake,mITX,AM4,B350,901.26 RON
Asus,Book,mITX,AM5,X470,1072.6 RON
Asus,Off,mITX,AM5,X570,1370.07 RON
Gigabyte,Early,mATX,AM5,A320,1482.37 RON
ASRock,Machine,mATX,AM5,A520,470.45 RON
ASRock,Shake,eATX,AM4,B650,353.23 RON
ASRock,Result,mITX,AM5,X570,1823.39 RON
MSI,Visit,eATX,AM5,A620,414.97 RON
ASRock,Message,mITX,AM4,A520,891.85 RON
Asus,Past,ATX,AM5,A620,1986.66 RON
MSI,Partner,ATX,AM5,A620,341.25 RON
ASRock,Explain,mATX,AM4,B550,480.91 RON
Gigabyte,Article,mATX,AM5,A320,1033.84 RON
MSI,North,mATX,AM5,X470,1393.5 RON
Gigabyte,Money,mATX,AM4,A520,1266.16 RON
Asus,Student,ATX,AM4,A620,902.77 RON
Biostar,Mean,mATX,AM5,X470,1610.15 RON
ASRock,Act,ATX,AM4,B650,1595.11 RON
Gigabyte,Enough,ATX,AM5,B450,1404.1 RON
Asus,Part,eATX,AM4,A620,1031.89 RON
Biostar,Fish,eATX,AM4,A520,1650.01 RON
Asus,Ball,ATX,AM5,A320,342.13 RON
Asus,Skin,eATX,AM5,A520,1960.92 RON
Asus,Weight,eATX,AM5,X470,1763.38 RON
ASRock,Pretty,mITX,AM4,B450,1339.7 RON
Biostar,Factor,mATX,AM5,A320,532.45 RON
Gigabyte,Then,ATX,AM4,A320,875.36 RON
Biostar,Number,mATX,AM4,B550,1159.3 RON
Biostar,Movement,mITX,AM4,X470,1086.96 RON
Biostar,Usually,ATX,AM5,B550,1027.88 RON
Asus,Pass,mITX,AM4,X570,1770.61 RON
MSI,Improve,mITX,AM4,B450,1486.43 RON
ASRock,Century,mATX,AM4,X570,1280.17 RON
ASRock,Forget,mITX,AM4,B450,1630.0 RON
MSI,Single,eATX,AM5,B350,738.96 RON
ASRock,Act,eATX,AM4,A620,945.42 RON
Biostar,Turn,eATX,AM4,A620,1159.7 RON
Asus,Seat,mATX,AM4,X470,363.53 RON
Asus,Nothing,mATX,AM5,X570,965.35 RON
ASRock,Manage,eATX,AM5,A620,1200.91 RON
ASRock,Interest,mATX,AM5,A520,1222.53 RON
ASRock,Leader,ATX,AM5,A320,1148.48 RON
ASRock,Window,ATX,AM4,A520,1944.55 RON
ASRock,Many,mITX,AM5,X670,751.63 RON
Gigabyte,Sure,mITX,AM4,B550,1549.98 RON
Biostar,Shake,mATX,AM4,X570,453.02 RON
MSI,Participant,mATX,AM4,B450,907.99 RON
Asus,Collection,eATX,AM5,A620,1987.37 RON
Biostar,Personal,ATX,AM5,B350,1619.93 RON
MSI,Up,mITX,AM5,A520,1207.61 RON
ASRock,Size,ATX,AM5,X470,1419.85 RON
Biostar,Pull,ATX,AM4,A320,910.06 RON
MSI,Police,ATX,AM5,B450,1503.16 RON
Gigabyte,Network,mATX,AM4,B450,1172.79 RON
Asus,Say,eATX,AM5,X670,1671.88 RON
Asus,Idea,mITX,AM5,B450,341.7 RON
Asus,Current,eATX,AM4,X670,1098.99 RON
Asus,Ten,ATX,AM5,B550,917.08 RON
Gigabyte,Early,eATX,AM4,B450,1736.3 RON
Biostar,Area,ATX,AM5,B550,1153.02 RON
Asus,Development,mITX,AM4,B650,762.21 RON
Gigabyte,Republican,mITX,AM4,A620,1630.01 RON
Biostar,Such,eATX,AM5,B450,1980.7 RON
Gigabyte,Best,mITX,AM5,A520,1528.55 RON
Asus,Arrive,eATX,AM5,B350,1496.34 RON
Asus,Both,ATX,AM5,B550,852.58 RON
MSI,Interest,ATX,AM4,A520,926.26 RON
ASRock,Wife,mATX,AM4,A620,1928.05 RON
Asus,Five,eATX,AM4,B450,1710.44 RON
Biostar,Tv,eATX,AM4,A620,1028.68 RON
ASRock,Simply,mATX,AM5,A520,1868.89 RON
Gigabyte,Now,ATX,AM4,B350,1187.17 RON
ASRock,Service,mATX,AM5,X470,418.7 RON
Biostar,Tend,mITX,AM4,X570,869.27 RON
Asus,Message,ATX,AM4,B550,907.98 RON
Biostar,Hour,mATX,AM5,A520,1098.18 RON
Gigabyte,Gun,eATX,AM5,A620,1410.67 RON
MSI,Company,ATX,AM5,A320,1781.89 RON
MSI,Remember,eATX,AM4,A620,912.59 RON
MSI,Foreign,mATX,AM4,A320,1414.02 RON
Asus,Its,eATX,AM4,B650,543.04 RON
ASRock,Its,eATX,AM5,A320,1861.84 RON
MSI,Ability,mITX,AM4,A620,764.49 RON
Biostar,Marriage,eATX,AM4,A520,1893.86 RON
Asus,Section,eATX,AM5,X470,1738.99 RON
Asus,Simple,mATX,AM5,B550,367.8 RON
Gigabyte,Bag,mITX,AM5,X570,711.85 RON
ASRock,Experience,ATX,AM4,X470,1962.07 RON
MSI,Entire,mITX,AM4,X570,971.49 RON
MSI,Level,eATX,AM4,X670,710.76 RON
Asus,Example,ATX,AM4,B550,952.26 RON
Gigabyte,Series,ATX,AM5,A620,580.25 RON
MSI,Next,mATX,AM4,X470,1597.55 RON
Gigabyte,Final,ATX,AM4,B450,423.5 RON
Biostar,Character,ATX,AM5,B350,1535.96 RON
Asus,Drug,mITX,AM4,A320,1152.79 RON
Asus,Lead,mATX,AM5,B350,1552.63 RON
Biostar,Thus,mITX,AM4,B550,1051.46 RON
Gigabyte,Mention,ATX,AM4,B650,724.39 RON
Gigabyte,Inside,ATX,AM5,B550,1176.23 RON
ASRock,Minute,ATX,AM5,B550,1099.53 RON
Biostar,These,mATX,AM5,B550,1686.98 RON
MSI,Base,ATX,AM5,B350,459.76 RON
Biostar,Or,mITX,AM5,X570,1805.03 RON
MSI,See,ATX,AM5,X470,1542.85 RON
MSI,Image,ATX,AM5,X570,1583.76 RON
ASRock,Born,mATX,AM5,X670,1467.48 RON
Asus,Full,ATX,AM5,X670,845.77 RON
ASRock,Law,ATX,AM4,X670,1616.64 RON
Biostar,Later,ATX,AM4,X470,987.68 RON
MSI,Knowledge,mATX,AM5,A320,533.96 RON
ASRock,Sometimes,eATX,AM4,A520,1629.91 RON
MSI,Event,ATX,AM5,B650,1859.62 RON
Biostar,Feel,ATX,AM5,B650,1061.55 RON
Gigabyte,Mrs,mITX,AM5,X670,1933.58 RON
Asus,Focus,ATX,AM4,B450,772.95 RON
Gigabyte,Author,eATX,AM4,B350,1502.93 RON
ASRock,Movie,mATX,AM5,B350,1679.16 RON
Biostar,Investment,ATX,AM4,B450,1015.46 RON
Biostar,Large,ATX,AM5,B550,907.19 RON
MSI,Thank,mITX,AM5,A320,799.07 RON
MSI,Along,ATX,AM4,A520,1353.47 RON
Biostar,Lead,ATX,AM4,B650,1601.63 RON
ASRock,That,mATX,AM5,B550,443.14 RON
Gigabyte,Woman,mITX,AM4,B450,830.43 RON
MSI,Amount,mITX,AM5,X670,1297.34 RON
Biostar,Mind,mITX,AM5,X570,510.06 RON
MSI,But,mITX,AM4,X570,1832.86 RON
Biostar,Perform,mATX,AM5,X470,844.72 RON
MSI,Government,mATX,AM4,X470,1641.94 RON
Biostar,Family,mATX,AM5,B550,1978.41 RON
Gigabyte,West,ATX,AM5,B350,1662.22 RON
MSI,Road,mATX,AM5,B350,731.96 RON
Gigabyte,Enough,ATX,AM4,A320,1488.38 RON
ASRock,Why,mITX,AM4,B350,723.55 RON
Biostar,Maybe,ATX,AM5,X470,540.56 RON
Asus,They,ATX,AM4,A620,1599.05 RON
Asus,Present,eATX,AM4,A520,468.03 RON
MSI,Guess,mITX,AM4,A320,398.47 RON
Asus,Hear,eATX,AM4,X470,1959.38 RON
ASRock,Series,ATX,AM4,A620,1674.75 RON
Gigabyte,Case,eATX,AM4,B550,1753.29 RON
ASRock,Sense,mITX,AM4,B350,1262.32 RON
ASRock,Main,mATX,AM4,B450,876.26 RON
Biostar,Light,mITX,AM4,A620,913.06 RON
Gigabyte,Agreement,eATX,AM5,X470,523.57 RON
Asus,Push,mATX,AM5,X470,568.43 RON
MSI,Appear,ATX,AM4,A320,1937.97 RON
Gigabyte,Way,eATX,AM5,B650,1678.48 RON
MSI,Great,mITX,AM4,A320,1025.43 RON
Biostar,Several,mITX,AM5,A620,1772.67 RON
MSI,Bar,mITX,AM5,A520,1686.46 RON
MSI,Sell,mITX,AM4,B350,729.44 RON
Asus,Responsibility,ATX,AM5,A320,1458.24 RON
Gigabyte,Defense,mITX,AM5,X670,905.69 RON
Gigabyte,Maybe,mATX,AM4,B450,798.22 RON
Asus,Whole,ATX,AM4,X670,332.94 RON
MSI,Return,mITX,AM4,A320,1830.9 RON
Biostar,Security,mATX,AM5,B350,779.21 RON
MSI,Teach,mITX,AM4,B650,498.71 RON
Asus,Rise,mATX,AM5,A520,1869.06 RON
Asus,But,mATX,AM5,B350,1371.61 RON
ASRock,Effect,mATX,AM4,A520,655.67 RON
Biostar,Real,mATX,AM5,X670,1572.82 RON
ASRock,Home,ATX,AM5,X570,1714.94 RON
MSI,Likely,ATX,AM5,X570,617.67 RON
MSI,She,ATX,AM5,X470,1628.52 RON
Asus,Never,mATX,AM5,B550,775.8 RON
Gigabyte,Receive,mATX,AM4,X670,1127.04 RON
ASRock,Support,mATX,AM5,B350,513.4 RON
ASRock,Detail,mITX,AM5,A320,363.54 RON
ASRock,Step,mITX,AM4,A320,339.72 RON
ASRock,Name,ATX,AM4,A320,1277.44 RON
Asus,Western,mITX,AM5,X670,817.74 RON
MSI,Trial,ATX,AM4,X670,539.07 RON
MSI,Would,eATX,AM5,X470,665.74 RON
Asus,Reality,mATX,AM5,X470,1716.31 RON
ASRock,Our,mATX,AM4,B350,779.28 RON
Biostar,Notice,eATX,AM4,B550,517.21 RON
MSI,Order,mITX,AM4,A620,1747.95 RON
Gigabyte,Able,ATX,AM5,B550,799.91 RON
MSI,Others,mATX,AM5,B350,1294.44 RON
Biostar,To,mATX,AM4,A320,599.04 RON
ASRock,It,eATX,AM5,A320,528.76 RON
ASRock,Third,mITX,AM4,X670,1119.93 RON
Biostar,Political,mITX,AM4,B550,676.65 RON
Gigabyte,Property,ATX,AM5,X570,1571.54 RON
MSI,Coach,mITX,AM4,X670,547.99 RON
Gigabyte,Author,eATX,AM4,B350,1136.52 RON
ASRock,Listen,ATX,AM5,A520,1023.35 RON
MSI,Trip,mATX,AM4,X570,1988.39 RON
ASRock,Democratic,mATX,AM4,X570,1282.33 RON
MSI,Couple,ATX,AM5,X670,423.69 RON
Asus,Voice,mITX,AM4,A320,808.1 RON
Gigabyte,View,mATX,AM4,X470,980.78 RON
MSI,Surface,eATX,AM5,X470,546.47 RON
Asus,Individual,ATX,AM5,A520,923.18 RON
MSI,Memory,mITX,AM4,B650,719.3 RON
Gigabyte,Alone,eATX,AM5,B650,384.2 RON
Asus,Dark,eATX,AM5,A320,1335.74 RON
Gigabyte,Music,mATX,AM5,A620,1952.72 RON
Biostar,Yet,eATX,AM4,B650,1424.56 RON
ASRock,Change,mATX,AM5,B450,564.28 RON
MSI,After,mATX,AM4,B350,1987.09 RON
Gigabyte,Carry,ATX,AM5,A320,1006.99 RON
Biostar,Why,mATX,AM4,A520,1390.66 RON
Biostar,Nice,ATX,AM5,B650,1214.3 RON
MSI,Suggest,ATX,AM4,A620,1535.75 RON
Asus,Agency,mATX,AM5,X470,1686.9 RON
ASRock,Actually,mITX,AM4,A320,1164.09 RON
ASRock,Know,mITX,AM4,B450,572.6 RON
MSI,Bill,ATX,AM5,X670,1490.18 RON
Gigabyte,Catch,ATX,AM4,A320,1524.61 RON
Asus,In,ATX,AM5,B450,1045.21 RON
Gigabyte,President,mITX,AM4,A520,1184.28 RON
ASRock,Site,eATX,AM4,B450,1702.69 RON
Asus,Well,ATX,AM5,A520,1192.67 RON
Biostar,Need,eATX,AM5,B650,1558.99 RON
Asus,Shoulder,ATX,AM4,X570,902.62 RON
ASRock,Ten,mITX,AM5,A620,1661.33 RON
Biostar,Involve,mATX,AM5,B550,1647.56 RON
Biostar,Suddenly,eATX,AM4,X670,784.94 RON
Biostar,Another,eATX,AM4,A320,497.03 RON
Biostar,Night,ATX,AM5,X570,1140.98 RON
ASRock,Capital,eATX,AM4,A520,1969.56 RON
ASRock,Many,eATX,AM4,X470,562.98 RON
Gigabyte,Speak,ATX,AM5,A620,1623.33 RON
Biostar,Give,mITX,AM4,B650,1942.77 RON
MSI,Something,mATX,AM5,A520,796.94 RON
Asus,Behind,mATX,AM5,X570,1673.02 RON
Gigabyte,Region,eATX,AM4,A320,757.39 RON
Asus,Friend,ATX,AM5,X670,356.96 RON
Biostar,Energy,eATX,AM5,A320,1949.91 RON
Asus,Notice,mITX,AM5,A520,1094.95 RON
MSI,Suggest,eATX,AM4,X570,1170.89 RON
MSI,Ok,mITX,AM4,B450,380.38 RON
ASRock,Light,mITX,AM4,X570,810.38 RON
Asus,Control,ATX,AM4,B550,1351.28 RON
Asus,West,mITX,AM5,X570,568.09 RON
Asus,Drive,eATX,AM4,A620,1484.67 RON
Gigabyte,Citizen,ATX,AM5,B650,800.87 RON
Biostar,It,eATX,AM4,B350,528.64 RON
Gigabyte,Let,eATX,AM4,B650,1979.93 RON
Gigabyte,Year,mATX,AM4,B450,1987.1 RON
Gigabyte,Skill,ATX,AM4,B450,408.31 RON
Asus,Paper,mATX,AM5,A520,1761.8 RON
Biostar,Which,mATX,AM5,A320,896.97 RON
Asus,Provide,mITX,AM4,B650,1600.26 RON
Biostar,Difficult,mITX,AM4,A520,1232.46 RON
ASRock,Expect,mATX,AM5,X570,1511.37 RON
Biostar,Indeed,eATX,AM4,X670,1450.05 RON
Biostar,Teach,eATX,AM5,A520,1101.0 RON
Biostar,Real,mATX,AM4,B650,927.06 RON
ASRock,Job,ATX,AM5,X670,1069.17 RON
Asus,Have,mATX,AM4,X670,876.41 RON
ASRock,Card,eATX,AM4,B550,678.89 RON
Biostar,Enter,eATX,AM4,B650,1650.89 RON
Gigabyte,Doctor,mATX,AM4,B550,709.3 RON
MSI,Skill,eATX,AM5,B350,798.77 RON
Biostar,Wish,mATX,AM4,B650,1403.79 RON
ASRock,Measure,mATX,AM4,X570,1369.85 RON
ASRock,Concern,eATX,AM4,A520,1206.75 RON
Asus,Especially,mATX,AM4,A620,1171.64 RON
ASRock,Law,ATX,AM4,A320,1330.35 RON
MSI,Nation,mATX,AM4,X670,324.66 RON
MSI,Look,mATX,AM5,X470,1481.58 RON
Asus,The,ATX,AM4,X470,1928.62 RON
Asus,Administration,ATX,AM4,B650,1266.4 RON
ASRock,Air,eATX,AM4,A320,378.84 RON
ASRock,At,mATX,AM4,X470,1911.29 RON
Gigabyte,Popular,mATX,AM5,B550,1273.84 RON
Biostar,Office,eATX,AM4,A620,564.18 RON
MSI,See,ATX,AM5,A620,1222.24 RON
Gigabyte,Community,mATX,AM4,X570,308.01 RON
ASRock,Whether,eATX,AM4,A520,1781.49 RON
Asus,Student,ATX,AM5,A620,1364.96 RON
Biostar,Pull,mATX,AM4,A520,737.1 RON
Gigabyte,Reality,mITX,AM4,B550,1741.53 RON
Gigabyte,Through,ATX,AM4,A620,1710.98 RON
MSI,Arm,mITX,AM4,B350,1998.33 RON
Asus,Job,mATX,AM5,X570,382.26 RON
Gigabyte,Teacher,eATX,AM4,B350,1152.08 RON
Biostar,Nearly,mITX,AM5,B550,1898.55 RON
Gigabyte,Son,mITX,AM4,A620,1370.18 RON
Gigabyte,Room,mITX,AM4,X470,1455.32 RON
MSI,Class,mATX,AM4,X470,1624.57 RON
Gigabyte,Thank,eATX,AM4,A620,1484.14 RON
MSI,Direction,eATX,AM4,A320,1956.2 RON
MSI,Discuss,mATX,AM4,A620,1422.87 RON
ASRock,House,mITX,AM5,X670,1693.89 RON
MSI,Century,mITX,AM5,A520,1495.16 RON
ASRock,This,mATX,AM4,B350,1456.45 RON
Asus,Project,eATX,AM4,X570,700.92 RON
Gigabyte,She,mITX,AM4,A320,1548.72 RON
MSI,Together,eATX,AM4,A620,1910.33 RON
Biostar,Concern,mITX,AM5,B450,520.46 RON
ASRock,Rather,mITX,AM5,X670,1140.53 RON
Asus,Quickly,mATX,AM5,X570,842.87 RON
Asus,No,mITX,AM4,A520,876.36 RON
ASRock,Themselves,mITX,AM5,B450,1744.81 RON
Asus,Wonder,eATX,AM5,B450,441.46 RON
Asus,Soldier,ATX,AM5,B450,830.26 RON
Asus,House,eATX,AM4,X570,1206.0 RON
Asus,Admit,ATX,AM4,A620,361.54 RON
ASRock,Two,eATX,AM5,X670,1581.45 RON
Biostar,Establish,eATX,AM4,A520,1038.33 RON
Biostar,Tv,eATX,AM5,X570,341.11 RON
ASRock,Item,mITX,AM5,B350,1755.72 RON
ASRock,Particular,mATX,AM5,B550,621.83 RON
Gigabyte,Cut,eATX,AM5,B550,792.17 RON
Biostar,Doctor,ATX,AM5,A620,638.36 RON
Gigabyte,Heart,mATX,AM5,A520,1397.6 RON
Asus,Brother,ATX,AM4,A620,1996.85 RON
MSI,The,mITX,AM4,X570,1747.14 RON
Gigabyte,Item,mITX,AM4,A520,735.68 RON
MSI,Order,mATX,AM4,A520,524.94 RON
MSI,Several,mITX,AM4,A320,1174.67 RON
Asus,Boy,eATX,AM5,B450,1651.53 RON
Gigabyte,Foot,eATX,AM5,X470,430.2 RON
ASRock,Even,eATX,AM4,B650,1416.7 RON
ASRock,Letter,eATX,AM4,A620,1265.21 RON
ASRock,Age,eATX,AM4,B350,1322.42 RON
ASRock,Time,mITX,AM5,B450,969.24 RON
Biostar,Price,eATX,AM5,B550,1532.91 RON
Asus,Stage,eATX,AM5,B650,1386.99 RON
Gigabyte,Court,eATX,AM4,B550,1167.42 RON
ASRock,Stand,mATX,AM4,B550,434.83 RON
MSI,Use,mITX,AM5,X470,963.26 RON
Gigabyte,Manage,eATX,AM4,X470,1904.75 RON
Asus,Free,ATX,AM4,A520,1778.51 RON
MSI,Discuss,mATX,AM5,B650,1462.38 RON
Asus,Set,mATX,AM5,X570,720.35 RON
ASRock,Subject,mITX,AM4,B450,1489.97 RON
Gigabyte,Around,mATX,AM4,B650,1710.79 RON
Asus,Develop,mATX,AM4,B450,898.53 RON
Gigabyte,Son,mATX,AM5,B450,1176.44 RON
Asus,Customer,mITX,AM5,X670,1904.43 RON
MSI,Door,mATX,AM4,A520,1083.44 RON
Biostar,People,eATX,AM4,X470,1267.38 RON
MSI,Wide,eATX,AM5,X470,1162.35 RON
MSI,Style,eATX,AM4,B350,949.44 RON
Gigabyte,Bill,eATX,AM5,X670,1990.6 RON
Gigabyte,Clear,ATX,AM5,X470,1513.47 RON
Asus,Wait,mITX,AM4,X670,1620.05 RON
Gigabyte,Cup,eATX,AM5,X470,476.62 RON
Asus,Somebody,mATX,AM4,X570,1000.0 RON
ASRock,Themselves,mITX,AM4,A620,344.12 RON
MSI,Deep,mATX,AM4,A620,807.15 RON
Asus,Bit,mITX,AM4,A320,475.98 RON
MSI,Security,mITX,AM4,X670,1231.63 RON
MSI,Third,mATX,AM4,X470,330.58 RON
ASRock,Bar,mATX,AM4,X570,883.11 RON
Biostar,Along,eATX,AM4,A320,1042.74 RON
Asus,Available,ATX,AM5,B450,863.4 RON
Biostar,North,eATX,AM5,A520,370.32 RON
MSI,Rest,mITX,AM4,B350,556.97 RON
MSI,Change,eATX,AM5,A620,651.9 RON
MSI,Role,eATX,AM5,A620,677.75 RON
Gigabyte,Eat,mATX,AM5,X570,798.04 RON
Biostar,East,mITX,AM4,X570,1556.95 RON
ASRock,Loss,mITX,AM4,A620,1823.23 RON
Biostar,Economic,eATX,AM4,A320,1517.63 RON
Biostar,Father,mATX,AM4,B550,764.26 RON
ASRock,Woman,ATX,AM5,B650,1302.46 RON
ASRock,Ago,ATX,AM5,B450,1334.82 RON
Asus,Scene,ATX,AM4,B350,1229.96 RON
Asus,Late,mITX,AM5,B350,1356.99 RON
MSI,Simple,ATX,AM5,B550,1677.11 RON
ASRock,Whole,mATX,AM4,X570,882.1 RON
MSI,New,ATX,AM5,B650,1930.69 RON
MSI,Write,mATX,AM5,B650,788.02 RON
Gigabyte,Those,mITX,AM4,A520,1032.47 RON
ASRock,Anyone,eATX,AM4,B450,1524.14 RON
MSI,Condition,eATX,AM4,X670,1526.03 RON
Asus,Lot,mATX,AM4,B450,1409.61 RON
Gigabyte,Conference,ATX,AM4,A620,1850.53 RON
Biostar,Officer,mITX,AM5,X470,1607.07 RON
ASRock,Million,ATX,AM5,B350,855.14 RON
Asus,Through,eATX,AM5,B650,1606.27 RON
MSI,Anything,ATX,AM5,B350,906.34 RON
Asus,Measure,eATX,AM4,B350,1396.74 RON
Asus,Everyone,mITX,AM5,B650,1662.54 RON
Gigabyte,None,eATX,AM4,B550,1360.01 RON
Asus,Hospital,mITX,AM4,A520,957.8 RON
Biostar,Set,eATX,AM5,X470,1887.08 RON
Asus,Thing,eATX,AM5,A320,916.4 RON
Asus,Surface,mATX,AM4,A620,1275.77 RON
Biostar,Up,eATX,AM5,A620,750.48 RON
Biostar,Remember,ATX,AM4,X570,1694.68 RON
MSI,Fight,eATX,AM5,X470,782.74 RON
MSI,Take,mITX,AM5,B550,1634.73 RON
Gigabyte,Such,eATX,AM4,B550,1494.1 RON
Gigabyte,Meeting,mATX,AM4,X470,845.77 RON
ASRock,Check,ATX,AM4,A320,1402.1 RON
Biostar,Thank,eATX,AM5,A320,423.61 RON
Gigabyte,Million,mATX,AM4,X570,1180.35 RON
ASRock,Which,eATX,AM4,B550,1948.95 RON
Asus,Go,eATX,AM5,A320,589.47 RON
Asus,Walk,ATX,AM4,B550,928.32 RON
Gigabyte,Training,mITX,AM4,X470,1554.74 RON
Asus,Effort,mATX,AM5,X670,1864.72 RON
Asus,After,mITX,AM5,B550,1940.31 RON
Asus,Because,ATX,AM5,B550,506.39 RON
MSI,Defense,ATX,AM5,B450,1802.53 RON
ASRock,If,mATX,AM4,A520,1758.52 RON
ASRock,Car,ATX,AM4,A620,327.27 RON
ASRock,Wish,eATX,AM5,B550,326.35 RON
Asus,See,ATX,AM5,X470,617.42 RON
Asus,Which,mATX,AM4,X570,1491.68 RON
ASRock,Serious,mITX,AM5,B450,373.11 RON
Biostar,Small,mATX,AM5,B650,638.01 RON
Asus,Congress,eATX,AM4,B450,370.25 RON
Asus,Only,mATX,AM5,A520,1086.3 RON
Asus,Beyond,mATX,AM4,B450,653.11 RON
Biostar,Must,ATX,AM5,X470,1230.99 RON
ASRock,Space,ATX,AM4,B650,1905.86 RON
ASRock,Black,ATX,AM5,X570,653.13 RON
MSI,Exactly,mITX,AM4,B550,1077.56 RON
ASRock,Recent,eATX,AM4,B350,1089.93 RON
Asus,Agent,mATX,AM4,X470,1203.78 RON
ASRock,Husband,ATX,AM5,X470,1527.69 RON
Biostar,Much,ATX,AM4,X470,380.75 RON
MSI,Catch,ATX,AM5,A520,589.48 RON
MSI,My,mATX,AM5,X570,1553.94 RON
ASRock,Himself,mATX,AM4,A620,1670.27 RON
Gigabyte,Very,mATX,AM4,B550,623.9 RON
MSI,End,ATX,AM5,X670,563.11 RON
ASRock,Work,ATX,AM4,B650,1628.85 RON
ASRock,Mind,eATX,AM4,X670,987.06 RON
Asus,Career,mATX,AM4,X470,459.42 RON
Biostar,Usually,ATX,AM4,X570,617.41 RON
Asus,Forget,eATX,AM5,A620,1453.44 RON
Asus,Throw,ATX,AM4,B650,1100.35 RON
Biostar,Participant,mATX,AM5,A520,302.89 RON
ASRock,Yourself,mATX,AM5,X670,791.71 RON
ASRock,Throughout,ATX,AM5,A620,353.75 RON
Biostar,Behind,mATX,AM5,B350,1899.63 RON
ASRock,Finally,ATX,AM5,A620,1220.71 RON
ASRock,Represent,mITX,AM4,X670,1485.35 RON
Asus,Situation,eATX,AM4,B350,1530.18 RON
ASRock,About,ATX,AM4,B350,1372.43 RON
MSI,Yes,mATX,AM5,X570,1250.68 RON
Gigabyte,During,ATX,AM5,A520,1555.06 RON
Asus,Like,mITX,AM5,B650,1667.74 RON
Biostar,Job,eATX,AM4,A320,1591.39 RON
ASRock,Subject,eATX,AM4,X470,807.26 RON
ASRock,None,mITX,AM4,B350,391.76 RON
Asus,Perhaps,mATX,AM5,B650,713.8 RON
MSI,Here,mITX,AM5,B650,1530.8 RON
ASRock,Item,ATX,AM5,B450,1689.78 RON
ASRock,Maintain,mATX,AM4,A520,1142.8 RON
Biostar,Price,eATX,AM4,A620,432.5 RON
ASRock,Finish,ATX,AM5,X670,455.23 RON
Gigabyte,Defense,mITX,AM5,A320,1937.17 RON
Biostar,Guy,ATX,AM5,X470,861.51 RON
Biostar,Goal,ATX,AM5,B550,1132.85 RON
MSI,Answer,eATX,AM5,B350,1934.33 RON
ASRock,Business,eATX,AM4,B550,467.92 RON
Biostar,Usually,eATX,AM5,B550,545.21 RON
ASRock,Water,ATX,AM4,A620,849.18 RON
Biostar,Wrong,mATX,AM4,A320,427.37 RON
Biostar,Affect,mITX,AM4,B650,323.37 RON
MSI,Pick,mITX,AM4,B650,1434.4 RON
MSI,New,ATX,AM4,A320,717.25 RON
Biostar,Key,mITX,AM4,B550,1551.87 RON
ASRock,Audience,ATX,AM4,X570,1556.6 RON
MSI,Until,eATX,AM5,B350,1900.97 RON
ASRock,Various,mITX,AM5,X670,1249.6 RON
Asus,Head,mITX,AM4,B350,1648.03 RON
Gigabyte,Small,eATX,AM5,A320,318.04 RON
ASRock,Collection,ATX,AM4,A620,1566.74 RON
MSI,Model,ATX,AM4,X670,1213.53 RON
Biostar,Country,ATX,AM4,A320,1469.41 RON
Gigabyte,Surface,ATX,AM4,B450,1346.83 RON
Biostar,Evidence,eATX,AM5,B550,1908.17 RON
Gigabyte,Eat,mITX,AM4,A620,1932.98 RON
Gigabyte,Strong,mATX,AM5,X670,1477.82 RON
Biostar,Practice,mITX,AM5,X470,1416.69 RON
MSI,Middle,eATX,AM4,A520,1404.36 RON
Biostar,Write,mATX,AM4,B550,1566.94 RON
MSI,Church,mATX,AM4,B550,593.2 RON
ASRock,Government,eATX,AM4,X470,639.37 RON
Biostar,Evening,ATX,AM5,B550,1183.93 RON
MSI,Land,mITX,AM4,X670,1904.93 RON
MSI,Peace,ATX,AM4,A520,791.79 RON
Asus,Fine,mITX,AM4,A620,1036.99 RON
Asus,Gas,mATX,AM5,X470,1838.7 RON
ASRock,World,eATX,AM4,B450,579.06 RON
Gigabyte,Own,mITX,AM4,B550,1715.42 RON
Biostar,Later,mATX,AM4,X670,513.81 RON
Gigabyte,Large,eATX,AM4,X470,1996.81 RON
Biostar,Development,mATX,AM5,X670,1661.41 RON
Gigabyte,Upon,mITX,AM4,A320,1346.0 RON
ASRock,Analysis,mATX,AM5,A620,687.17 RON
ASRock,Customer,mITX,AM4,B550,563.19 RON
Gigabyte,Heavy,ATX,AM4,B550,582.58 RON
ASRock,Loss,mITX,AM4,A320,692.77 RON
Gigabyte,Because,eATX,AM5,A320,391.76 RON
Biostar,Practice,mATX,AM4,X470,419.78 RON
Biostar,Next,ATX,AM4,X670,1878.97 RON
Biostar,Daughter,eATX,AM4,A320,823.06 RON
Biostar,Mother,ATX,AM5,X570,1517.08 RON
MSI,Military,ATX,AM5,A620,896.0 RON
ASRock,Subject,mATX,AM4,X470,1900.15 RON
ASRock,Trouble,mATX,AM5,B450,928.34 RON
Biostar,Blood,mITX,AM4,B550,1763.21 RON
Gigabyte,Almost,mATX,AM5,B650,952.51 RON
Biostar,Accept,ATX,AM5,X570,1176.97 RON
ASRock,Study,ATX,AM4,X670,942.94 RON
Asus,Girl,eATX,AM4,X570,715.62 RON
ASRock,Plan,eATX,AM5,B350,1580.03 RON
MSI,Light,eATX,AM5,A520,701.14 RON
Gigabyte,Past,eATX,AM5,A520,1634.01 RON
Asus,Discover,ATX,AM5,X470,622.13 RON
MSI,Quality,mATX,AM4,B450,844.28 RON
MSI,Religious,mITX,AM5,A620,658.21 RON
Asus,Particular,mATX,AM4,B650,862.77 RON
Asus,Laugh,mITX,AM4,B650,1249.68 RON
Gigabyte,Person,mITX,AM5,B650,607.75 RON
ASRock,Light,mITX,AM5,A620,767.8 RON
Biostar,Important,ATX,AM4,A520,311.62 RON
Asus,Product,ATX,AM5,X570,1296.32 RON
Biostar,Successful,mITX,AM4,X670,306.05 RON
Asus,Son,eATX,AM5,X670,1019.57 RON
Asus,Seek,eATX,AM4,A520,1001.65 RON
Gigabyte,Just,mITX,AM4,B650,882.82 RON
Asus,Treatment,ATX,AM4,A520,502.39 RON
Gigabyte,If,mATX,AM5,B450,902.3 RON
MSI,Run,eATX,AM5,A520,1786.11 RON
Biostar,Every,ATX,AM5,X670,1661.37 RON
Asus,Black,mITX,AM5,X570,734.42 RON
Biostar,Market,eATX,AM4,B550,764.82 RON
Asus,Quality,ATX,AM4,B350,1637.33 RON
MSI,Dinner,ATX,AM4,B650,1480.46 RON
ASRock,To,eATX,AM4,B550,1247.52 RON
MSI,Affect,mITX,AM5,X570,1361.09 RON
ASRock,Main,mITX,AM4,X570,1504.7 RON
Biostar,Choose,ATX,AM5,A320,1944.58 RON
MSI,Appear,mATX,AM5,A620,1966.99 RON
ASRock,Yourself,mATX,AM5,X570,1889.04 RON
Biostar,Should,mITX,AM4,A320,1558.49 RON
MSI,Their,mATX,AM5,B450,524.96 RON
Gigabyte,Use,eATX,AM5,B550,1018.3 RON
Asus,Positive,eATX,AM4,X470,493.19 RON
Biostar,Bad,mITX,AM4,A620,565.29 RON
ASRock,Sit,ATX,AM4,B350,1827.25 RON
MSI,Certainly,mATX,AM4,A320,747.1 RON
ASRock,Live,eATX,AM4,X470,721.49 RON
Biostar,If,ATX,AM4,B350,1422.46 RON
Asus,Politics,eATX,AM4,B350,559.66 RON
Asus,Consumer,ATX,AM4,A520,1887.08 RON
ASRock,Price,mATX,AM4,B550,325.41 RON
Biostar,Center,ATX,AM5,A620,1873.89 RON
ASRock,Meeting,eATX,AM5,X570,1556.77 RON
Asus,Investment,mITX,AM5,X470,1720.0 RON
Biostar,Suggest,ATX,AM4,B550,902.15 RON
Biostar,Article,ATX,AM4,A320,982.6 RON
Gigabyte,Get,mITX,AM5,A520,1718.95 RON
Gigabyte,Story,mITX,AM5,X470,1871.65 RON
Biostar,Expert,mATX,AM5,A620,1127.79 RON
Gigabyte,History,ATX,AM5,B550,315.33 RON
Gigabyte,Practice,ATX,AM4,B350,740.12 RON
ASRock,Method,eATX,AM5,X470,735.12 RON
MSI,Pm,mITX,AM4,X670,1868.17 RON
MSI,Line,ATX,AM5,B650,942.59 RON
MSI,Go,mITX,AM4,A620,376.54 RON
Gigabyte,Never,eATX,AM5,X670,1508.82 RON
ASRock,Boy,ATX,AM5,B550,660.5 RON
Asus,Vote,mITX,AM5,B650,1144.78 RON
MSI,Woman,mATX,AM4,B550,562.68 RON
MSI,Development,eATX,AM5,A620,322.61 RON
Asus,Police,ATX,AM5,B350,1465.18 RON
Asus,Listen,ATX,AM4,X670,1662.41 RON
ASRock,To,mATX,AM4,A320,1821.26 RON
ASRock,Region,eATX,AM5,A620,1627.56 RON
Gigabyte,Family,ATX,AM5,X570,1472.71 RON
MSI,Response,ATX,AM4,B350,386.55 RON
Asus,Short,mATX,AM5,B450,1349.36 RON
Biostar,Outside,eATX,AM4,B450,994.53 RON
Gigabyte,Than,mITX,AM5,A320,1000.32 RON
MSI,Nothing,mATX,AM5,B650,1555.87 RON
ASRock,Discussion,mITX,AM4,A520,933.41 RON
Gigabyte,Within,ATX,AM4,X570,521.76 RON
Gigabyte,Wife,mITX,AM4,A520,1190.61 RON
MSI,Enter,ATX,AM4,X470,525.67 RON
Gigabyte,Enter,mATX,AM5,X470,1022.12 RON
Biostar,Campaign,mATX,AM5,B450,932.87 RON
MSI,Method,ATX,AM5,B450,914.15 RON
MSI,Life,ATX,AM5,B650,1287.46 RON
Gigabyte,Also,mATX,AM5,X570,381.11 RON
Gigabyte,Service,mATX,AM4,A320,1999.09 RON
Gigabyte,Him,mATX,AM5,A320,1228.38 RON
ASRock,Specific,mATX,AM5,B650,854.16 RON
Biostar,Able,mATX,AM5,B650,1889.47 RON
Gigabyte,Which,mATX,AM4,B450,1554.84 RON
MSI,All,eATX,AM4,B650,760.59 RON
MSI,Over,eATX,AM4,B350,1333.83 RON
MSI,Also,mITX,AM4,B550,1826.74 RON
Biostar,Well,ATX,AM5,X470,1227.86 RON
ASRock,Tonight,eATX,AM4,B650,1830.04 RON
ASRock,Chair,ATX,AM5,X470,550.25 RON
MSI,Letter,mITX,AM4,B350,558.34 RON
MSI,Road,eATX,AM4,B350,1809.42 RON
Biostar,Seat,ATX,AM5,B450,487.62 RON
MSI,Management,ATX,AM5,B450,526.28 RON
Asus,Surface,eATX,AM4,B550,877.7 RON
Biostar,Prepare,mITX,AM4,B650,586.4 RON
Gigabyte,Night,mITX,AM5,X570,452.37 RON
MSI,Take,ATX,AM4,B450,1460.35 RON
MSI,Left,mATX,AM4,X570,1368.45 RON
Asus,Sea,mATX,AM5,B650,1735.83 RON
Asus,Your,eATX,AM4,X470,1401.09 RON
MSI,Vote,eATX,AM4,B550,1022.15 RON
Biostar,Short,mITX,AM5,B350,1420.42 RON
MSI,Mother,ATX,AM5,A520,1816.74 RON
ASRock,Choice,ATX,AM4,X570,1081.67 RON
Asus,Game,mATX,AM4,B450,1985.14 RON
Gigabyte,Spend,ATX,AM5,A520,637.4 RON
Biostar,Later,mATX,AM4,X470,710.33 RON
ASRock,Word,eATX,AM5,A520,770.74 RON
Asus,General,mATX,AM5,X670,1040.79 RON
Asus,Long,mITX,AM5,B650,1485.51 RON
Gigabyte,Value,ATX,AM5,A520,1114.74 RON
MSI,Big,mATX,AM5,X670,1297.42 RON
ASRock,Skin,mATX,AM4,A320,734.38 RON
Biostar,Meet,eATX,AM5,A520,339.5 RON
MSI,Democrat,mATX,AM5,B550,336.3 RON
Biostar,Weight,eATX,AM5,A520,1232.39 RON
Gigabyte,One,ATX,AM4,B650,604.98 RON
MSI,Full,mITX,AM4,B350,1119.48 RON
MSI,Authority,ATX,AM5,X670,1363.75 RON
ASRock,Land,eATX,AM5,B350,1145.73 RON
Gigabyte,Success,ATX,AM4,A620,1093.07 RON
Biostar,End,eATX,AM5,B450,1311.53 RON
Biostar,Question,mITX,AM4,B550,1553.55 RON
Biostar,Civil,ATX,AM4,X570,393.33 RON
Gigabyte,Seat,eATX,AM4,B450,1340.44 RON
Biostar,Man,ATX,AM4,X570,1441.29 RON
MSI,Few,mITX,AM5,X570,862.33 RON
MSI,There,eATX,AM4,A520,1199.75 RON
ASRock,Probably,eATX,AM5,B650,324.43 RON
Asus,Require,mATX,AM4,A620,1869.58 RON
ASRock,Then,mATX,AM4,B450,1361.86 RON
MSI,Indicate,ATX,AM5,A320,372.25 RON
Gigabyte,Financial,mATX,AM5,X670,1765.86 RON
MSI,Our,ATX,AM4,X470,531.65 RON
Asus,Door,mATX,AM5,A520,973.41 RON
Biostar,Husband,mITX,AM5,B650,1521.47 RON
Gigabyte,Deal,mATX,AM4,A320,1614.43 RON
Gigabyte,May,mATX,AM4,A520,1408.92 RON
Biostar,Main,mATX,AM5,A520,1967.0 RON
Asus,Fear,ATX,AM4,B650,1959.36 RON
Gigabyte,Another,mITX,AM4,B550,1153.55 RON
Asus,Similar,mATX,AM5,X470,1088.36 RON
Biostar,Quickly,mITX,AM4,X470,1293.41 RON
ASRock,Prepare,eATX,AM4,B550,1489.04 RON
MSI,Mind,mITX,AM5,B450,429.08 RON
MSI,Country,ATX,AM5,A520,1871.96 RON
Biostar,Respond,eATX,AM5,A320,559.96 RON
Gigabyte,Month,mITX,AM5,A620,1870.65 RON
Asus,Evening,mATX,AM4,X670,622.19 RON
MSI,Happen,eATX,AM5,X470,643.8 RON
ASRock,Carry,eATX,AM5,B450,970.55 RON
Asus,Pattern,eATX,AM5,B650,885.38 RON
ASRock,Live,mATX,AM4,X470,699.7 RON
MSI,Individual,mITX,AM5,A520,560.58 RON
MSI,Main,mATX,AM4,A620,1202.13 RON
Gigabyte,I,eATX,AM5,B450,1960.0 RON
Asus,Lay,mATX,AM5,A520,1308.16 RON
Biostar,Develop,mATX,AM4,B650,1386.54 RON
ASRock,Course,mITX,AM4,B550,376.21 RON
ASRock,Occur,mITX,AM5,X470,1266.62 RON
ASRock,Per,mITX,AM5,B650,1552.72 RON
Asus,Benefit,mITX,AM4,A620,1604.19 RON
ASRock,Argue,ATX,AM4,A320,614.75 RON
Asus,Cultural,eATX,AM4,A620,1140.99 RON
Asus,Pressure,mATX,AM5,B650,1520.98 RON
Biostar,Challenge,mATX,AM5,B350,1894.71 RON
Biostar,Star,eATX,AM5,X570,1275.87 RON
Gigabyte,Mind,eATX,AM5,A520,1264.67 RON
MSI,Order,mITX,AM4,A320,1364.83 RON
Asus,Appear,eATX,AM5,A520,829.5 RON
MSI,Five,eATX,AM4,A520,1974.24 RON
Gigabyte,Plant,mATX,AM4,B350,1238.91 RON
ASRock,Book,mITX,AM5,A620,1306.71 RON
Gigabyte,True,eATX,AM4,X470,1612.64 RON
Asus,Man,ATX,AM4,A520,867.97 RON
MSI,Military,mATX,AM5,A520,1573.09 RON
Asus,State,mITX,AM4,B650,1076.28 RON
Biostar,Machine,mITX,AM4,B550,778.82 RON
Asus,Weight,mITX,AM4,B550,1165.42 RON
ASRock,Apply,eATX,AM5,A520,1448.92 RON
Gigabyte,Each,ATX,AM4,X470,1337.37 RON
MSI,Girl,mITX,AM4,B450,1551.17 RON
Biostar,Art,ATX,AM4,A320,1915.68 RON
MSI,Operation,ATX,AM5,X670,1329.8 RON
MSI,Site,mATX,AM5,A620,1318.82 RON
Gigabyte,Prevent,mATX,AM5,B550,810.17 RON
ASRock,Foreign,ATX,AM5,A520,823.19 RON
Gigabyte,Money,ATX,AM5,X670,1307.47 RON
Asus,Also,mITX,AM4,X570,1341.2 RON
MSI,Seek,ATX,AM5,B550,876.23 RON
ASRock,Show,eATX,AM4,B350,1317.34 RON
Biostar,Effort,mITX,AM4,B350,1246.95 RON
ASRock,Enjoy,mATX,AM5,B650,1104.36 RON
MSI,Soldier,ATX,AM5,A620,1628.37 RON
Gigabyte,Same,ATX,AM4,B550,1275.51 RON
Gigabyte,Begin,mATX,AM5,X570,909.24 RON
Biostar,Medical,eATX,AM5,A320,1723.71 RON
Gigabyte,North,mITX,AM4,A520,951.27 RON
Asus,I,mATX,AM5,A320,1237.18 RON
Biostar,Training,eATX,AM4,A320,437.62 RON
MSI,Director,eATX,AM5,X470,1913.36 RON
Biostar,Upon,eATX,AM4,B450,840.26 RON
Biostar,Practice,eATX,AM4,A620,1702.39 RON
Asus,Yourself,mATX,AM5,X570,1173.1 RON
Asus,Audience,mITX,AM4,X470,1133.8 RON
MSI,Treatment,mATX,AM4,A620,1845.61 RON
Biostar,Customer,mATX,AM5,B550,557.27 RON
Gigabyte,Eye,ATX,AM4,X670,1477.67 RON
MSI,Rock,ATX,AM5,A320,1663.99 RON
MSI,Court,ATX,AM5,B350,1362.66 RON
ASRock,Growth,mATX,AM5,X570,1004.15 RON
Asus,High,mATX,AM4,B550,1591.0 RON
Gigabyte,Key,eATX,AM5,X470,1035.55 RON
Asus,Live,mITX,AM5,B450,470.98 RON
Biostar,Information,eATX,AM5,B650,1211.06 RON
Asus,Total,eATX,AM5,A520,1607.0 RON
Asus,Argue,eATX,AM5,B550,1294.86 RON
MSI,Prepare,ATX,AM4,A620,1064.31 RON
Biostar,Vote,mATX,AM5,B550,659.88 RON
Biostar,Worry,ATX,AM4,B550,1763.07 RON
Biostar,Street,eATX,AM4,B550,313.44 RON
MSI,Mouth,mITX,AM5,X470,1972.06 RON
Asus,Hand,mATX,AM4,B650,1923.11 RON
MSI,Development,eATX,AM5,B350,547.45 RON
Asus,Be,mITX,AM5,X570,375.12 RON
Gigabyte,Respond,ATX,AM4,A520,634.0 RON
Gigabyte,Or,eATX,AM5,X670,338.3 RON
Biostar,However,ATX,AM4,A620,1378.64 RON
Gigabyte,Prevent,eATX,AM5,B650,1149.73 RON
ASRock,Despite,ATX,AM5,B550,804.45 RON
Gigabyte,Conference,eATX,AM5,X470,917.02 RON
Biostar,Camera,ATX,AM5,B550,1062.92 RON
Gigabyte,Major,mITX,AM5,X570,1951.48 RON
Asus,Executive,mITX,AM5,X470,552.54 RON
ASRock,Certainly,mATX,AM4,B650,1314.92 RON
MSI,Heavy,mITX,AM4,B350,1896.95 RON
ASRock,Claim,eATX,AM5,X470,1102.63 RON
Asus,Play,mITX,AM5,A620,1655.55 RON
Biostar,Thing,mITX,AM5,X670,1509.04 RON
Biostar,About,mITX,AM4,B450,1182.82 RON
Asus,Bad,eATX,AM5,A620,1534.68 RON
MSI,During,ATX,AM4,B650,1347.75 RON
MSI,Instead,ATX,AM5,X470,1016.72 RON
Biostar,Manager,mITX,AM5,X470,1098.23 RON
Biostar,Trade,mITX,AM4,X570,1359.93 RON
Gigabyte,Campaign,mATX,AM5,B350,690.93 RON
Biostar,Example,ATX,AM5,B350,1685.15 RON
Biostar,Couple,mATX,AM4,A620,1007.31 RON
MSI,Decision,mITX,AM4,X670,1054.82 RON
Gigabyte,Resource,ATX,AM4,X570,1040.66 RON
Gigabyte,Thus,mATX,AM4,B550,1313.09 RON
ASRock,Against,mITX,AM4,B450,930.3 RON
Biostar,Point,mITX,AM5,A620,1811.96 RON
MSI,Sense,ATX,AM4,X470,973.85 RON
Gigabyte,Can,ATX,AM5,A320,1507.23 RON
ASRock,Tv,mITX,AM5,A620,1061.96 RON
ASRock,Bag,eATX,AM5,B550,809.87 RON
Asus,Require,eATX,AM5,B650,1562.58 RON
Biostar,Stock,mATX,AM5,X470,1168.44 RON
Biostar,Then,eATX,AM5,B650,1230.67 RON
MSI,Simple,mATX,AM4,A520,1722.8 RON
MSI,Others,eATX,AM5,B550,793.42 RON
MSI,Would,mATX,AM4,X470,1674.36 RON
Biostar,Detail,ATX,AM5,A520,1843.99 RON
Biostar,You,eATX,AM5,B650,1640.78 RON
MSI,Wait,mATX,AM4,B350,1495.73 RON
Asus,Today,ATX,AM5,X470,1605.8 RON
MSI,Condition,mATX,AM4,A620,1905.87 RON
Gigabyte,Maybe,mATX,AM4,X470,930.23 RON
Asus,Bad,mITX,AM4,X670,1073.14 RON
MSI,Accept,mITX,AM4,B650,1870.52 RON
Asus,Whom,mITX,AM5,B450,1750.96 RON
Gigabyte,Ask,ATX,AM4,A620,587.16 RON
ASRock,Garden,eATX,AM5,A320,644.66 RON
MSI,Trial,eATX,AM4,B550,345.81 RON
Asus,Kid,eATX,AM4,A520,1733.76 RON
Biostar,Far,eATX,AM4,B650,1604.51 RON
Biostar,Former,eATX,AM4,X470,551.42 RON
MSI,Kid,ATX,AM4,A320,1043.38 RON
ASRock,Crime,ATX,AM5,A320,1234.32 RON
Biostar,Very,mATX,AM4,A620,954.12 RON
Gigabyte,Culture,mATX,AM4,B450,1471.6 RON
Asus,Whose,mITX,AM5,A320,1809.12 RON
Biostar,Call,mITX,AM5,X470,1352.95 RON
Gigabyte,Into,eATX,AM4,A320,1834.97 RON
Gigabyte,Identify,mITX,AM4,X470,1188.82 RON
Asus,Green,ATX,AM5,B450,1654.96 RON
ASRock,Child,mATX,AM4,A620,1524.77 RON
MSI,Goal,mATX,AM5,A620,445.41 RON
Gigabyte,Herself,mITX,AM4,B350,1042.33 RON
Biostar,Believe,eATX,AM5,B650,1178.71 RON
MSI,Most,eATX,AM4,B650,1622.03 RON
Asus,Put,eATX,AM4,A520,1275.66 RON
Asus,Article,mATX,AM4,A520,1773.13 RON
Biostar,Sometimes,mATX,AM4,X470,1646.65 RON
Asus,Section,mATX,AM5,B350,382.86 RON
Asus,Dream,eATX,AM4,B350,483.79 RON
Biostar,High,ATX,AM5,X670,1213.18 RON
ASRock,Wife,mITX,AM5,X570,940.62 RON
ASRock,Mouth,mITX,AM4,A520,984.04 RON
Asus,Particularly,mITX,AM4,X470,759.41 RON
MSI,Up,mITX,AM4,A620,849.91 RON
Biostar,Mrs,mITX,AM4,B550,1578.03 RON
Gigabyte,Rest,mITX,AM4,B450,1059.81 RON
Biostar,Represent,eATX,AM5,X470,1494.79 RON
Asus,Enjoy,mITX,AM5,A320,1102.93 RON
MSI,Option,ATX,AM5,A620,1041.99 RON
ASRock,Continue,mATX,AM5,B350,619.47 RON
Gigabyte,Force,mITX,AM4,B650,456.24 RON
ASRock,Trade,ATX,AM4,B650,1277.91 RON
Gigabyte,Hospital,mITX,AM4,A520,568.19 RON
Asus,Break,mITX,AM5,X570,1721.24 RON
Biostar,Sing,eATX,AM5,X670,1015.82 RON
Asus,Quickly,eATX,AM4,A320,474.19 RON
MSI,And,eATX,AM4,A620,1006.3 RON
Asus,Very,mATX,AM4,B350,699.45 RON
Gigabyte,Sit,eATX,AM4,B550,351.58 RON
Gigabyte,Store,ATX,AM4,B650,1050.87 RON
MSI,Help,ATX,AM4,X470,1098.82 RON
Asus,Movie,eATX,AM4,A520,437.43 RON
Biostar,Allow,mITX,AM4,B550,1747.19 RON
MSI,Hit,mATX,AM5,B650,1667.38 RON
ASRock,Next,ATX,AM4,X570,1598.2 RON
ASRock,Staff,mITX,AM5,A520,1032.13 RON
Asus,Message,eATX,AM4,X570,1793.07 RON
MSI,Resource,mATX,AM5,B350,1194.22 RON
Biostar,Door,eATX,AM5,X570,1519.96 RON
MSI,Good,mATX,AM4,A620,1113.68 RON
Biostar,Fight,mATX,AM4,B550,1634.11 RON
Gigabyte,Check,mITX,AM5,A320,1021.26 RON
Gigabyte,Alone,mITX,AM5,X670,1448.96 RON
Biostar,Just,mITX,AM5,B450,1807.96 RON
Asus,Player,mATX,AM5,X570,495.17 RON
ASRock,Second,mITX,AM5,B350,1053.22 RON
ASRock,Recognize,mITX,AM4,A320,1483.28 RON
Asus,Executive,ATX,AM4,X670,1145.92 RON
Biostar,Local,mATX,AM5,A620,1841.29 RON
Asus,Provide,eATX,AM4,B450,1830.59 RON
Gigabyte,Reveal,ATX,AM4,B350,1925.21 RON
Gigabyte,Listen,eATX,AM5,A520,1436.53 RON
Gigabyte,Low,eATX,AM4,B450,358.81 RON
ASRock,Season,mATX,AM4,X470,313.65 RON
Gigabyte,Support,mITX,AM5,B550,1728.09 RON
Gigabyte,Rise,mITX,AM4,B550,1334.84 RON
Gigabyte,Note,mATX,AM4,B650,556.54 RON
MSI,Six,ATX,AM5,B350,1936.35 RON
Biostar,May,mITX,AM5,X670,1560.64 RON
ASRock,Political,eATX,AM5,A620,1022.46 RON
ASRock,Around,eATX,AM5,X570,1685.66 RON
Gigabyte,Art,ATX,AM4,B650,353.47 RON
MSI,Help,mITX,AM5,B350,1526.29 RON
Asus,Manage,mITX,AM5,X670,1968.03 RON
ASRock,Head,mITX,AM4,A620,1172.8 RON
Asus,According,mATX,AM4,B350,1356.03 RON
Asus,White,ATX,AM5,A520,1720.09 RON
MSI,Follow,mATX,AM5,B450,778.37 RON
ASRock,Exactly,mATX,AM4,B550,1668.2 RON
ASRock,Make,ATX,AM5,B350,970.98 RON
ASRock,Go,eATX,AM5,B350,989.67 RON
Asus,Surface,eATX,AM5,B650,1115.26 RON
Biostar,Benefit,ATX,AM4,B450,1936.68 RON
Biostar,You,eATX,AM4,B350,1863.28 RON
Asus,Section,mATX,AM5,B650,1862.36 RON
ASRock,Next,ATX,AM4,X470,376.4 RON
Biostar,Effect,mITX,AM5,X570,702.36 RON
MSI,Skill,mITX,AM5,B550,1179.1 RON
MSI,Clear,mATX,AM4,X470,1483.21 RON
Gigabyte,Building,mITX,AM5,B450,1162.64 RON
MSI,Find,mATX,AM5,A320,1100.8 RON
Biostar,Race,eATX,AM5,X670,910.86 RON
Gigabyte,Friend,mATX,AM5,X570,1119.88 RON
MSI,Establish,ATX,AM4,X670,890.85 RON
ASRock,Analysis,mITX,AM4,B550,1928.03 RON
Asus,Man,ATX,AM5,B650,1046.03 RON
ASRock,Young,mATX,AM5,B550,756.66 RON
Gigabyte,Put,mATX,AM5,B450,412.02 RON
Gigabyte,Notice,eATX,AM4,A620,1045.46 RON
Gigabyte,Movie,mATX,AM4,X570,1528.76 RON
Gigabyte,Black,mATX,AM5,A620,1515.81 RON
Asus,Another,mITX,AM4,A520,652.86 RON
Biostar,Financial,mATX,AM5,B650,1079.02 RON
Biostar,Media,mITX,AM4,B450,1483.22 RON
MSI,Society,ATX,AM5,A520,1590.13 RON
Biostar,Increase,eATX,AM5,A620,1865.08 RON
Gigabyte,Recently,mATX,AM5,X670,678.93 RON
Biostar,Happy,mITX,AM4,A320,637.86 RON
Gigabyte,Wife,ATX,AM5,X470,1391.08 RON
Gigabyte,Concern,mITX,AM5,X470,1450.17 RON
MSI,Talk,mATX,AM4,B550,1877.96 RON
ASRock,Inside,eATX,AM5,B450,1617.24 RON
ASRock,Adult,mITX,AM4,X670,379.85 RON
Biostar,Town,mATX,AM5,X470,359.39 RON
MSI,Air,ATX,AM4,B350,1939.14 RON
ASRock,I,mITX,AM5,X470,492.69 RON
MSI,Affect,ATX,AM5,A620,471.87 RON
Asus,Next,mITX,AM4,A520,322.18 RON
ASRock,Want,ATX,AM4,A520,438.65 RON
Asus,Determine,mATX,AM5,X670,978.01 RON
MSI,Approach,ATX,AM5,B450,1496.81 RON
ASRock,Style,mITX,AM4,A520,821.93 RON
MSI,Another,mATX,AM5,B450,821.53 RON
MSI,Cold,eATX,AM5,X570,921.33 RON
Asus,Industry,eATX,AM5,A320,1285.57 RON
Gigabyte,Series,eATX,AM4,X570,479.04 RON
Biostar,Spend,mATX,AM5,X570,1674.26 RON
Asus,Foot,mITX,AM4,B450,771.09 RON
MSI,Study,mITX,AM4,B550,1633.34 RON
ASRock,Future,ATX,AM5,A620,1295.32 RON
Gigabyte,Son,mITX,AM4,A520,412.29 RON
Biostar,Spring,eATX,AM4,B650,1537.07 RON
ASRock,Computer,mITX,AM4,X670,1986.24 RON
Biostar,Choose,ATX,AM5,X570,1606.36 RON
ASRock,Keep,eATX,AM5,A620,1289.5 RON
Gigabyte,Top,eATX,AM4,X670,1689.49 RON
Biostar,Its,mITX,AM5,B350,995.6 RON
Gigabyte,Part,mATX,AM5,A620,902.18 RON
Gigabyte,Recognize,mITX,AM4,X470,594.74 RON
Gigabyte,Decade,mATX,AM5,A320,683.11 RON
MSI,The,eATX,AM5,A320,385.92 RON
ASRock,Whole,mITX,AM4,A620,803.99 RON
Biostar,Investment,eATX,AM5,X570,642.56 RON
Asus,Event,mITX,AM4,B350,1757.66 RON
Biostar,Class,eATX,AM4,A620,1518.46 RON
MSI,Ground,ATX,AM5,A320,1958.51 RON
Gigabyte,Nearly,mITX,AM4,B450,1909.78 RON
MSI,Bed,eATX,AM5,X570,460.65 RON
Asus,Almost,mITX,AM4,B650,1247.35 RON
Biostar,Daughter,mITX,AM4,B350,1384.97 RON
ASRock,Nation,eATX,AM5,X470,1530.74 RON
MSI,Race,ATX,AM5,A320,1835.1 RON
Gigabyte,Vote,mITX,AM5,A620,476.86 RON
Asus,Most,mITX,AM5,X570,906.34 RON
ASRock,Talk,eATX,AM5,B650,545.77 RON
Gigabyte,Area,mATX,AM4,X670,632.37 RON
Gigabyte,Former,ATX,AM4,B550,1331.84 RON
ASRock,Appear,mATX,AM4,A520,1983.48 RON
Asus,Cup,eATX,AM4,X470,518.5 RON
MSI,Include,mITX,AM4,A620,984.89 RON
ASRock,Structure,eATX,AM5,B350,326.1 RON
Asus,Police,eATX,AM4,B450,1784.57 RON
MSI,Charge,mATX,AM5,A320,914.7 RON
Biostar,Father,mITX,AM5,B350,1473.36 RON
Gigabyte,Matter,mATX,AM4,A620,600.13 RON
Asus,Unit,ATX,AM4,A520,1372.8 RON
Asus,Source,eATX,AM5,X470,877.65 RON
ASRock,Case,eATX,AM4,A520,1227.15 RON
MSI,Value,mATX,AM4,A620,1952.87 RON
MSI,Improve,eATX,AM4,B350,867.15 RON
MSI,Serve,mATX,AM4,X470,1177.96 RON
ASRock,Song,ATX,AM5,B550,663.46 RON
Asus,Computer,eATX,AM5,B650,1468.77 RON
Biostar,Wide,ATX,AM4,B350,1339.83 RON
Biostar,Congress,ATX,AM5,A620,1436.0 RON
Gigabyte,Sport,mITX,AM5,A520,611.09 RON
Asus,Short,ATX,AM5,A620,690.73 RON
Gigabyte,Face,mATX,AM5,A620,580.19 RON
Gigabyte,Approach,eATX,AM5,B450,759.48 RON
Asus,Although,mITX,AM5,X570,1648.89 RON
ASRock,Plan,eATX,AM5,B450,654.04 RON
MSI,Stop,mITX,AM5,A620,884.25 RON
ASRock,Religious,mITX,AM5,A320,713.6 RON
Asus,Ask,mITX,AM4,X470,1174.7 RON
Gigabyte,Around,mATX,AM4,B450,1921.5 RON
Asus,Tough,eATX,AM4,A520,1700.74 RON
Biostar,Six,ATX,AM5,B650,1744.89 RON
Asus,Fact,eATX,AM5,B650,674.09 RON
MSI,Actually,mITX,AM5,B650,938.47 RON
Asus,Effect,mITX,AM4,B550,1480.3 RON
Asus,News,mATX,AM4,A520,880.53 RON
Asus,Method,mATX,AM5,A620,558.36 RON
ASRock,Into,mATX,AM4,B450,406.06 RON
ASRock,Turn,mATX,AM5,X570,848.9 RON
ASRock,Interest,ATX,AM4,A520,944.18 RON
Biostar,Find,mATX,AM5,A520,1338.5 RON
Asus,Television,ATX,AM4,X670,1022.14 RON
Asus,Service,mITX,AM5,B450,426.6 RON
Biostar,Respond,eATX,AM5,A520,1786.99 RON
ASRock,Traditional,eATX,AM5,A520,1205.03 RON
ASRock,Them,mITX,AM4,A620,411.11 RON
Asus,On,ATX,AM5,A320,1052.62 RON
Gigabyte,Build,ATX,AM5,B650,1189.69 RON
Asus,Total,ATX,AM5,B450,1173.1 RON
