Manufacturer, Model, Power (W), Certification, Price
AQIRYS,Face,850 W,80 Plus Silver,829.1 RON
Corsair,Order,750 W,80 Plus Silver,569.07 RON
Corsair,Available,1200 W,80 Plus Gold,697.89 RON
Thermaltake,Husband,550 W,80 Plus Bronze,678.7 RON
Cooler Master,Three,750 W,80 Plus Bronze,923.03 RON
Seasonic,Account,1000 W,80 Plus Gold,407.11 RON
Thermaltake,Catch,750 W,80 Plus Silver,994.43 RON
Thermaltake,Month,750 W,80 Plus Gold,994.09 RON
Cooler Master,From,2000 W,80 Plus Gold,255.25 RON
be quiet!,Theory,2000 W,80 Plus Silver,347.28 RON
GIGABYTE,Majority,850 W,80 Plus Bronze,797.3 RON
Cooler Master,Away,750 W,80 Plus Silver,510.41 RON
Seasonic,Senior,500 W,80 Plus Titanium,159.47 RON
GIGABYTE,Easy,2000 W,80 Plus Silver,558.44 RON
Seasonic,Town,750 W,80 Plus Gold,995.54 RON
GIGABYTE,World,2000 W,80 Plus Silver,398.86 RON
Corsair,Building,550 W,80 Plus Titanium,260.27 RON
AQIRYS,Process,1000 W,80 Plus Titanium,173.27 RON
Corsair,Work,550 W,80 Plus Platinum,970.22 RON
GIGABYTE,Officer,850 W,80 Plus Silver,578.68 RON
Thermaltake,Medical,1200 W,80 Plus Bronze,474.28 RON
GIGABYTE,Computer,1200 W,80 Plus Bronze,401.35 RON
Corsair,His,1000 W,80 Plus Bronze,873.28 RON
Seasonic,Ever,500 W,80 Plus Silver,596.13 RON
be quiet!,Girl,850 W,80 Plus Silver,619.22 RON
Cooler Master,Career,1500 W,80 Plus Platinum,428.15 RON
be quiet!,Court,1200 W,80 Plus Platinum,675.8 RON
Cooler Master,Box,600 W,80 Plus Bronze,328.42 RON
Thermaltake,Now,1000 W,80 Plus Silver,347.59 RON
Thermaltake,Whole,500 W,80 Plus Gold,571.58 RON
Cooler Master,Run,1500 W,80 Plus Silver,411.59 RON
AQIRYS,Movie,1500 W,80 Plus Platinum,195.12 RON
Cooler Master,Appear,2000 W,80 Plus Gold,127.04 RON
Corsair,Consumer,2000 W,80 Plus Gold,199.1 RON
be quiet!,Effort,550 W,80 Plus Titanium,786.48 RON
Thermaltake,Student,750 W,80 Plus Platinum,679.09 RON
Seasonic,Factor,750 W,80 Plus Titanium,678.73 RON
AQIRYS,Character,1000 W,80 Plus Gold,518.55 RON
Thermaltake,Loss,1500 W,80 Plus Bronze,676.87 RON
AQIRYS,Wind,1200 W,80 Plus Titanium,624.9 RON
Corsair,Agency,850 W,80 Plus Silver,493.07 RON
Thermaltake,Tend,1200 W,80 Plus Silver,179.56 RON
Cooler Master,Pick,2000 W,80 Plus Titanium,949.1 RON
Thermaltake,Possible,750 W,80 Plus Bronze,630.3 RON
be quiet!,Claim,500 W,80 Plus Titanium,782.39 RON
GIGABYTE,Letter,850 W,80 Plus Bronze,611.29 RON
Seasonic,Three,1200 W,80 Plus Silver,841.54 RON
Corsair,Us,750 W,80 Plus Titanium,379.7 RON
be quiet!,Professional,600 W,80 Plus Silver,415.43 RON
Cooler Master,Other,1200 W,80 Plus Silver,529.95 RON
Corsair,Become,650 W,80 Plus Bronze,362.18 RON
AQIRYS,Friend,550 W,80 Plus Platinum,168.7 RON
Cooler Master,Consumer,500 W,80 Plus Silver,987.73 RON
GIGABYTE,Bring,500 W,80 Plus Titanium,628.14 RON
be quiet!,Decide,750 W,80 Plus Titanium,465.05 RON
Thermaltake,Kitchen,850 W,80 Plus Silver,862.62 RON
Seasonic,Team,1500 W,80 Plus Silver,577.68 RON
AQIRYS,Attorney,1200 W,80 Plus Platinum,433.76 RON
be quiet!,Analysis,1500 W,80 Plus Platinum,416.42 RON
Seasonic,Home,1000 W,80 Plus Gold,556.53 RON
Cooler Master,Natural,600 W,80 Plus Titanium,938.2 RON
Corsair,Direction,550 W,80 Plus Titanium,381.48 RON
Corsair,White,750 W,80 Plus Bronze,431.61 RON
Cooler Master,Account,500 W,80 Plus Platinum,311.68 RON
Corsair,Nor,500 W,80 Plus Platinum,695.32 RON
AQIRYS,Allow,1000 W,80 Plus Titanium,454.05 RON
Seasonic,Lay,550 W,80 Plus Platinum,977.7 RON
Seasonic,Similar,500 W,80 Plus Titanium,274.35 RON
Thermaltake,Because,750 W,80 Plus Titanium,720.73 RON
be quiet!,Prove,1000 W,80 Plus Gold,754.57 RON
Thermaltake,Prove,500 W,80 Plus Platinum,935.78 RON
Seasonic,Method,2000 W,80 Plus Gold,188.09 RON
Corsair,Home,500 W,80 Plus Titanium,850.62 RON
GIGABYTE,Country,1500 W,80 Plus Titanium,858.43 RON
Seasonic,Cold,2000 W,80 Plus Bronze,848.45 RON
GIGABYTE,Amount,1000 W,80 Plus Gold,482.04 RON
AQIRYS,Thought,2000 W,80 Plus Platinum,556.94 RON
Thermaltake,Owner,500 W,80 Plus Silver,845.6 RON
Cooler Master,Morning,750 W,80 Plus Platinum,130.62 RON
be quiet!,Present,550 W,80 Plus Gold,461.82 RON
GIGABYTE,Wish,750 W,80 Plus Titanium,594.76 RON
be quiet!,Talk,650 W,80 Plus Silver,952.71 RON
AQIRYS,Certain,650 W,80 Plus Titanium,225.61 RON
be quiet!,Image,750 W,80 Plus Platinum,439.98 RON
Cooler Master,Model,750 W,80 Plus Gold,376.31 RON
GIGABYTE,On,1000 W,80 Plus Silver,309.21 RON
GIGABYTE,History,2000 W,80 Plus Titanium,723.99 RON
Thermaltake,Yeah,850 W,80 Plus Titanium,193.52 RON
Thermaltake,Choose,750 W,80 Plus Silver,545.65 RON
AQIRYS,Far,600 W,80 Plus Platinum,128.86 RON
Seasonic,National,1500 W,80 Plus Gold,893.81 RON
Corsair,Represent,1200 W,80 Plus Silver,668.76 RON
Seasonic,Here,750 W,80 Plus Gold,630.15 RON
GIGABYTE,Piece,1200 W,80 Plus Titanium,314.18 RON
Seasonic,Live,750 W,80 Plus Bronze,871.81 RON
AQIRYS,Grow,500 W,80 Plus Gold,380.57 RON
Corsair,Action,1500 W,80 Plus Gold,486.41 RON
be quiet!,Recognize,1000 W,80 Plus Gold,343.62 RON
GIGABYTE,Family,550 W,80 Plus Platinum,660.52 RON
Corsair,Degree,600 W,80 Plus Titanium,638.45 RON
be quiet!,Daughter,850 W,80 Plus Silver,274.97 RON
Corsair,Close,550 W,80 Plus Gold,670.24 RON
Cooler Master,Memory,850 W,80 Plus Titanium,936.32 RON
GIGABYTE,Save,500 W,80 Plus Titanium,173.45 RON
Corsair,Voice,750 W,80 Plus Platinum,702.71 RON
be quiet!,Price,750 W,80 Plus Bronze,522.92 RON
GIGABYTE,Property,650 W,80 Plus Bronze,652.0 RON
be quiet!,Relationship,1200 W,80 Plus Titanium,717.54 RON
Cooler Master,Firm,650 W,80 Plus Titanium,112.0 RON
Corsair,Source,650 W,80 Plus Gold,429.92 RON
Cooler Master,Fight,2000 W,80 Plus Bronze,622.78 RON
Thermaltake,Require,750 W,80 Plus Bronze,490.77 RON
be quiet!,Involve,750 W,80 Plus Silver,829.52 RON
Seasonic,Stay,1200 W,80 Plus Silver,589.02 RON
Corsair,Home,500 W,80 Plus Gold,258.66 RON
Corsair,Stuff,1500 W,80 Plus Titanium,400.98 RON
AQIRYS,Foot,1200 W,80 Plus Bronze,989.8 RON
AQIRYS,Size,1200 W,80 Plus Platinum,409.36 RON
AQIRYS,National,1500 W,80 Plus Gold,501.28 RON
AQIRYS,Summer,650 W,80 Plus Silver,369.78 RON
Seasonic,Factor,600 W,80 Plus Bronze,851.25 RON
Seasonic,Appear,550 W,80 Plus Bronze,302.33 RON
be quiet!,Election,500 W,80 Plus Silver,975.28 RON
Corsair,Pm,2000 W,80 Plus Titanium,628.25 RON
Cooler Master,Month,650 W,80 Plus Titanium,909.28 RON
Cooler Master,Price,650 W,80 Plus Silver,107.33 RON
Thermaltake,Second,1200 W,80 Plus Silver,664.96 RON
GIGABYTE,Different,1500 W,80 Plus Silver,967.16 RON
AQIRYS,Huge,1500 W,80 Plus Bronze,783.12 RON
Corsair,Such,1000 W,80 Plus Gold,767.28 RON
Corsair,Born,650 W,80 Plus Gold,612.73 RON
Cooler Master,More,1200 W,80 Plus Bronze,141.86 RON
AQIRYS,Pay,750 W,80 Plus Titanium,975.16 RON
Cooler Master,Up,1000 W,80 Plus Gold,593.33 RON
AQIRYS,With,500 W,80 Plus Platinum,455.71 RON
Seasonic,Only,2000 W,80 Plus Gold,211.56 RON
AQIRYS,Own,600 W,80 Plus Titanium,629.36 RON
Seasonic,Government,650 W,80 Plus Bronze,184.53 RON
Seasonic,Between,750 W,80 Plus Gold,304.54 RON
be quiet!,Hand,650 W,80 Plus Bronze,872.55 RON
AQIRYS,Soldier,600 W,80 Plus Titanium,510.16 RON
Corsair,Health,1500 W,80 Plus Platinum,760.42 RON
Corsair,Stock,600 W,80 Plus Platinum,579.02 RON
Corsair,Enjoy,600 W,80 Plus Silver,388.09 RON
GIGABYTE,Entire,1200 W,80 Plus Titanium,118.42 RON
AQIRYS,When,1200 W,80 Plus Gold,763.9 RON
be quiet!,Dream,850 W,80 Plus Gold,259.36 RON
GIGABYTE,Trouble,600 W,80 Plus Titanium,589.46 RON
Corsair,Face,1500 W,80 Plus Titanium,508.49 RON
GIGABYTE,Hand,550 W,80 Plus Bronze,347.97 RON
Corsair,Investment,1200 W,80 Plus Bronze,200.54 RON
Thermaltake,Generation,1500 W,80 Plus Platinum,721.78 RON
Corsair,Reflect,1000 W,80 Plus Titanium,552.03 RON
AQIRYS,Much,600 W,80 Plus Gold,172.62 RON
AQIRYS,Rich,500 W,80 Plus Titanium,356.53 RON
Thermaltake,Here,1500 W,80 Plus Bronze,808.37 RON
Thermaltake,Decide,550 W,80 Plus Titanium,621.75 RON
GIGABYTE,Technology,1000 W,80 Plus Bronze,800.3 RON
GIGABYTE,Break,650 W,80 Plus Gold,879.77 RON
be quiet!,It,1500 W,80 Plus Silver,258.68 RON
be quiet!,Meet,550 W,80 Plus Platinum,116.13 RON
GIGABYTE,Better,2000 W,80 Plus Titanium,270.65 RON
be quiet!,Result,1200 W,80 Plus Gold,741.35 RON
be quiet!,Focus,1500 W,80 Plus Titanium,379.73 RON
Cooler Master,Music,1000 W,80 Plus Bronze,775.35 RON
Thermaltake,Possible,650 W,80 Plus Platinum,727.52 RON
be quiet!,Mission,2000 W,80 Plus Silver,253.98 RON
GIGABYTE,Hospital,1500 W,80 Plus Silver,209.96 RON
Thermaltake,Company,1000 W,80 Plus Silver,389.31 RON
AQIRYS,Treat,600 W,80 Plus Bronze,312.95 RON
Seasonic,During,650 W,80 Plus Gold,370.44 RON
Cooler Master,Community,1000 W,80 Plus Bronze,969.18 RON
Cooler Master,Buy,2000 W,80 Plus Titanium,138.23 RON
GIGABYTE,Question,500 W,80 Plus Gold,204.49 RON
Cooler Master,Woman,1500 W,80 Plus Gold,415.07 RON
GIGABYTE,Glass,600 W,80 Plus Gold,510.49 RON
be quiet!,Cause,500 W,80 Plus Silver,883.8 RON
Corsair,People,2000 W,80 Plus Platinum,304.22 RON
Seasonic,Realize,850 W,80 Plus Silver,526.93 RON
be quiet!,Left,500 W,80 Plus Titanium,240.74 RON
Seasonic,These,1000 W,80 Plus Bronze,846.03 RON
Cooler Master,Fund,2000 W,80 Plus Bronze,286.55 RON
Cooler Master,He,750 W,80 Plus Titanium,688.51 RON
Seasonic,Like,550 W,80 Plus Bronze,378.35 RON
be quiet!,Couple,500 W,80 Plus Gold,355.33 RON
Seasonic,Make,550 W,80 Plus Bronze,503.98 RON
AQIRYS,Become,1000 W,80 Plus Gold,859.0 RON
AQIRYS,Your,750 W,80 Plus Platinum,787.84 RON
Cooler Master,Investment,550 W,80 Plus Bronze,391.01 RON
GIGABYTE,View,1200 W,80 Plus Platinum,979.81 RON
Thermaltake,Write,550 W,80 Plus Silver,411.05 RON
AQIRYS,Number,1500 W,80 Plus Platinum,275.72 RON
Thermaltake,Just,1000 W,80 Plus Titanium,172.61 RON
Seasonic,Education,1500 W,80 Plus Platinum,210.63 RON
Thermaltake,Care,1000 W,80 Plus Silver,895.75 RON
Thermaltake,So,850 W,80 Plus Silver,650.06 RON
be quiet!,Various,2000 W,80 Plus Gold,120.4 RON
Corsair,These,850 W,80 Plus Gold,857.83 RON
be quiet!,Also,1000 W,80 Plus Platinum,864.84 RON
Corsair,Example,1200 W,80 Plus Silver,544.94 RON
be quiet!,Need,600 W,80 Plus Platinum,405.46 RON
AQIRYS,Teach,750 W,80 Plus Silver,374.88 RON
Thermaltake,Hour,1500 W,80 Plus Titanium,848.11 RON
Cooler Master,Forward,750 W,80 Plus Titanium,515.14 RON
be quiet!,Born,600 W,80 Plus Gold,954.38 RON
be quiet!,Something,1200 W,80 Plus Silver,215.91 RON
Thermaltake,Coach,1000 W,80 Plus Silver,452.41 RON
Thermaltake,Attention,850 W,80 Plus Bronze,619.47 RON
AQIRYS,Blood,850 W,80 Plus Bronze,452.67 RON
Thermaltake,Much,650 W,80 Plus Titanium,340.3 RON
AQIRYS,Experience,1500 W,80 Plus Bronze,243.69 RON
Corsair,Memory,1000 W,80 Plus Titanium,507.37 RON
Seasonic,Myself,750 W,80 Plus Titanium,561.98 RON
Thermaltake,Ten,500 W,80 Plus Titanium,875.36 RON
Seasonic,Choice,850 W,80 Plus Titanium,300.12 RON
Seasonic,Rise,650 W,80 Plus Bronze,486.48 RON
Seasonic,Religious,750 W,80 Plus Titanium,977.43 RON
AQIRYS,Shoulder,1200 W,80 Plus Platinum,171.55 RON
be quiet!,Huge,1500 W,80 Plus Silver,663.33 RON
AQIRYS,Land,650 W,80 Plus Platinum,876.74 RON
be quiet!,Option,1000 W,80 Plus Platinum,512.97 RON
Cooler Master,Food,600 W,80 Plus Platinum,372.69 RON
Thermaltake,Economic,2000 W,80 Plus Bronze,356.31 RON
Seasonic,Very,1500 W,80 Plus Titanium,972.21 RON
Cooler Master,Author,850 W,80 Plus Silver,214.45 RON
AQIRYS,Discover,850 W,80 Plus Platinum,718.18 RON
GIGABYTE,Player,500 W,80 Plus Silver,258.99 RON
be quiet!,Speech,850 W,80 Plus Titanium,389.06 RON
Seasonic,Reason,850 W,80 Plus Titanium,686.27 RON
Corsair,End,1200 W,80 Plus Platinum,135.25 RON
be quiet!,These,750 W,80 Plus Platinum,183.29 RON
be quiet!,Notice,1200 W,80 Plus Silver,387.72 RON
Seasonic,Red,2000 W,80 Plus Silver,986.15 RON
be quiet!,Store,850 W,80 Plus Gold,723.49 RON
be quiet!,Wide,750 W,80 Plus Bronze,816.29 RON
AQIRYS,Down,1200 W,80 Plus Bronze,280.18 RON
Cooler Master,Send,600 W,80 Plus Platinum,840.43 RON
Thermaltake,Financial,1200 W,80 Plus Silver,100.18 RON
Corsair,Final,500 W,80 Plus Gold,941.83 RON
Thermaltake,Good,850 W,80 Plus Gold,590.34 RON
Thermaltake,Fear,1500 W,80 Plus Silver,544.06 RON
Seasonic,Data,600 W,80 Plus Gold,106.16 RON
GIGABYTE,Protect,850 W,80 Plus Silver,468.77 RON
GIGABYTE,Pay,1000 W,80 Plus Platinum,214.27 RON
Corsair,Fine,550 W,80 Plus Silver,485.4 RON
Cooler Master,Ground,2000 W,80 Plus Bronze,577.85 RON
be quiet!,Only,600 W,80 Plus Titanium,636.91 RON
Thermaltake,Cultural,600 W,80 Plus Bronze,522.88 RON
GIGABYTE,Politics,500 W,80 Plus Bronze,953.33 RON
be quiet!,Goal,500 W,80 Plus Bronze,548.46 RON
be quiet!,Quality,1500 W,80 Plus Gold,373.18 RON
Seasonic,Society,2000 W,80 Plus Titanium,827.91 RON
GIGABYTE,Detail,600 W,80 Plus Platinum,958.52 RON
Seasonic,Lose,1500 W,80 Plus Platinum,814.21 RON
be quiet!,Kid,650 W,80 Plus Gold,708.28 RON
Thermaltake,Official,850 W,80 Plus Silver,397.61 RON
AQIRYS,Interview,2000 W,80 Plus Silver,694.89 RON
GIGABYTE,Yes,1000 W,80 Plus Bronze,196.72 RON
Thermaltake,Country,2000 W,80 Plus Gold,141.96 RON
be quiet!,Gas,500 W,80 Plus Bronze,288.86 RON
Corsair,Story,600 W,80 Plus Titanium,780.53 RON
GIGABYTE,Author,650 W,80 Plus Bronze,291.02 RON
Cooler Master,Because,1000 W,80 Plus Silver,559.27 RON
GIGABYTE,Resource,1500 W,80 Plus Silver,295.58 RON
Thermaltake,Message,750 W,80 Plus Silver,181.6 RON
GIGABYTE,Than,500 W,80 Plus Titanium,747.54 RON
AQIRYS,Nation,750 W,80 Plus Titanium,548.57 RON
be quiet!,Indicate,1500 W,80 Plus Bronze,717.01 RON
Cooler Master,Language,500 W,80 Plus Gold,325.18 RON
Seasonic,Impact,1000 W,80 Plus Bronze,263.05 RON
Cooler Master,Check,600 W,80 Plus Titanium,492.94 RON
be quiet!,Occur,500 W,80 Plus Silver,861.12 RON
AQIRYS,Until,500 W,80 Plus Gold,889.41 RON
Thermaltake,Any,550 W,80 Plus Platinum,534.97 RON
GIGABYTE,Protect,1200 W,80 Plus Platinum,493.15 RON
Corsair,Interest,1200 W,80 Plus Bronze,204.66 RON
be quiet!,Edge,2000 W,80 Plus Silver,798.62 RON
Thermaltake,Continue,500 W,80 Plus Titanium,780.46 RON
GIGABYTE,Notice,600 W,80 Plus Platinum,959.56 RON
Seasonic,Per,750 W,80 Plus Platinum,244.96 RON
Corsair,Friend,550 W,80 Plus Bronze,912.39 RON
be quiet!,Mention,750 W,80 Plus Titanium,451.64 RON
GIGABYTE,Meet,850 W,80 Plus Platinum,694.33 RON
be quiet!,Land,550 W,80 Plus Silver,614.19 RON
AQIRYS,Evening,500 W,80 Plus Silver,420.73 RON
Corsair,Report,750 W,80 Plus Titanium,700.06 RON
AQIRYS,Large,2000 W,80 Plus Silver,808.38 RON
Corsair,Song,1000 W,80 Plus Platinum,890.14 RON
be quiet!,Probably,850 W,80 Plus Bronze,718.72 RON
Cooler Master,Certain,1000 W,80 Plus Silver,717.29 RON
Seasonic,Hour,550 W,80 Plus Bronze,623.93 RON
be quiet!,Charge,600 W,80 Plus Titanium,585.71 RON
be quiet!,Provide,550 W,80 Plus Bronze,998.83 RON
Cooler Master,Car,550 W,80 Plus Bronze,477.02 RON
be quiet!,Position,550 W,80 Plus Bronze,873.39 RON
GIGABYTE,Throughout,600 W,80 Plus Gold,771.37 RON
AQIRYS,As,750 W,80 Plus Silver,776.96 RON
be quiet!,Group,1200 W,80 Plus Platinum,319.72 RON
AQIRYS,Evidence,500 W,80 Plus Gold,665.3 RON
Corsair,Pretty,550 W,80 Plus Platinum,382.34 RON
Cooler Master,Occur,2000 W,80 Plus Gold,990.12 RON
Thermaltake,When,600 W,80 Plus Bronze,635.86 RON
be quiet!,Police,500 W,80 Plus Platinum,717.2 RON
Corsair,Push,1200 W,80 Plus Gold,452.21 RON
Seasonic,Behind,500 W,80 Plus Gold,283.97 RON
Corsair,Gas,550 W,80 Plus Platinum,947.18 RON
GIGABYTE,Single,650 W,80 Plus Gold,798.18 RON
GIGABYTE,Available,1000 W,80 Plus Bronze,164.65 RON
Cooler Master,Go,750 W,80 Plus Silver,346.87 RON
Seasonic,Not,550 W,80 Plus Silver,783.59 RON
Cooler Master,Learn,2000 W,80 Plus Titanium,518.38 RON
GIGABYTE,Need,650 W,80 Plus Silver,276.38 RON
GIGABYTE,Edge,600 W,80 Plus Titanium,467.35 RON
GIGABYTE,Grow,850 W,80 Plus Platinum,579.0 RON
Seasonic,Those,600 W,80 Plus Gold,320.67 RON
Thermaltake,Voice,650 W,80 Plus Bronze,262.33 RON
AQIRYS,Man,500 W,80 Plus Bronze,402.93 RON
GIGABYTE,Morning,850 W,80 Plus Titanium,742.04 RON
Thermaltake,Put,500 W,80 Plus Silver,775.68 RON
Cooler Master,Want,2000 W,80 Plus Silver,734.0 RON
Cooler Master,Few,500 W,80 Plus Bronze,234.02 RON
AQIRYS,Particularly,2000 W,80 Plus Silver,287.13 RON
Thermaltake,Young,1200 W,80 Plus Bronze,805.91 RON
Thermaltake,Put,1200 W,80 Plus Bronze,698.88 RON
GIGABYTE,Old,850 W,80 Plus Bronze,897.75 RON
Thermaltake,Chair,550 W,80 Plus Titanium,342.73 RON
Cooler Master,Tend,2000 W,80 Plus Titanium,688.03 RON
Cooler Master,Answer,1000 W,80 Plus Bronze,272.83 RON
be quiet!,Court,750 W,80 Plus Bronze,635.67 RON
Thermaltake,See,750 W,80 Plus Silver,835.09 RON
Cooler Master,Ok,600 W,80 Plus Bronze,308.64 RON
be quiet!,Site,1500 W,80 Plus Bronze,277.17 RON
GIGABYTE,Sometimes,600 W,80 Plus Gold,591.8 RON
be quiet!,Talk,850 W,80 Plus Gold,522.67 RON
Cooler Master,Science,1000 W,80 Plus Gold,999.58 RON
AQIRYS,Act,650 W,80 Plus Silver,145.53 RON
Corsair,Claim,600 W,80 Plus Titanium,260.99 RON
GIGABYTE,Young,750 W,80 Plus Platinum,684.85 RON
Cooler Master,Ten,1500 W,80 Plus Bronze,747.23 RON
Corsair,No,2000 W,80 Plus Silver,854.94 RON
Thermaltake,And,2000 W,80 Plus Platinum,125.53 RON
Thermaltake,Trouble,1000 W,80 Plus Gold,985.07 RON
Seasonic,Space,1200 W,80 Plus Gold,680.98 RON
GIGABYTE,Kid,600 W,80 Plus Titanium,976.34 RON
Thermaltake,Hour,750 W,80 Plus Gold,756.87 RON
Seasonic,Top,500 W,80 Plus Gold,439.91 RON
AQIRYS,Another,550 W,80 Plus Bronze,973.37 RON
Corsair,Mrs,750 W,80 Plus Titanium,843.0 RON
Cooler Master,Want,650 W,80 Plus Bronze,967.69 RON
Cooler Master,Music,500 W,80 Plus Platinum,741.86 RON
Thermaltake,Feel,1000 W,80 Plus Platinum,404.99 RON
AQIRYS,Follow,600 W,80 Plus Platinum,678.7 RON
Corsair,Firm,500 W,80 Plus Bronze,759.81 RON
be quiet!,Movement,1200 W,80 Plus Platinum,313.08 RON
Thermaltake,Career,750 W,80 Plus Gold,380.49 RON
be quiet!,Watch,850 W,80 Plus Gold,781.33 RON
AQIRYS,Effect,850 W,80 Plus Bronze,228.93 RON
Corsair,Class,1200 W,80 Plus Gold,304.62 RON
Cooler Master,Behavior,750 W,80 Plus Titanium,672.11 RON
AQIRYS,Partner,1500 W,80 Plus Titanium,137.66 RON
Corsair,Trip,650 W,80 Plus Titanium,425.33 RON
be quiet!,Relationship,1000 W,80 Plus Bronze,887.99 RON
AQIRYS,Left,850 W,80 Plus Titanium,611.18 RON
Cooler Master,Direction,2000 W,80 Plus Silver,947.71 RON
AQIRYS,Then,750 W,80 Plus Titanium,863.9 RON
GIGABYTE,Happy,1000 W,80 Plus Platinum,131.06 RON
Corsair,Model,2000 W,80 Plus Platinum,334.09 RON
Corsair,Wait,650 W,80 Plus Gold,555.88 RON
GIGABYTE,Speech,500 W,80 Plus Platinum,499.78 RON
GIGABYTE,Even,2000 W,80 Plus Titanium,477.67 RON
GIGABYTE,Life,1200 W,80 Plus Bronze,989.54 RON
Thermaltake,Serve,600 W,80 Plus Titanium,196.96 RON
GIGABYTE,Culture,1200 W,80 Plus Titanium,618.79 RON
Thermaltake,Attention,550 W,80 Plus Titanium,550.59 RON
Seasonic,Campaign,850 W,80 Plus Titanium,603.14 RON
be quiet!,School,600 W,80 Plus Gold,523.02 RON
Cooler Master,Town,1500 W,80 Plus Platinum,471.56 RON
Cooler Master,Few,1000 W,80 Plus Silver,414.0 RON
Thermaltake,Truth,1000 W,80 Plus Platinum,115.27 RON
Thermaltake,Including,650 W,80 Plus Silver,138.5 RON
GIGABYTE,Girl,550 W,80 Plus Platinum,200.53 RON
Thermaltake,Money,1500 W,80 Plus Gold,290.65 RON
be quiet!,Six,550 W,80 Plus Silver,511.29 RON
be quiet!,Situation,1200 W,80 Plus Gold,890.35 RON
Corsair,Management,650 W,80 Plus Platinum,769.46 RON
be quiet!,Trouble,1000 W,80 Plus Titanium,640.59 RON
be quiet!,Maintain,1000 W,80 Plus Silver,390.97 RON
Corsair,Different,1000 W,80 Plus Gold,563.73 RON
Thermaltake,These,750 W,80 Plus Platinum,203.13 RON
Seasonic,Environment,2000 W,80 Plus Platinum,200.15 RON
be quiet!,Congress,1200 W,80 Plus Gold,450.59 RON
AQIRYS,National,650 W,80 Plus Gold,542.15 RON
Thermaltake,Resource,550 W,80 Plus Silver,268.26 RON
AQIRYS,Account,1200 W,80 Plus Gold,864.72 RON
Thermaltake,Scene,1500 W,80 Plus Gold,828.62 RON
Cooler Master,Until,1000 W,80 Plus Platinum,122.84 RON
be quiet!,Hundred,1200 W,80 Plus Bronze,568.19 RON
AQIRYS,Five,850 W,80 Plus Bronze,941.22 RON
AQIRYS,Base,650 W,80 Plus Titanium,242.79 RON
Thermaltake,Know,1000 W,80 Plus Silver,672.68 RON
Cooler Master,Door,600 W,80 Plus Bronze,117.84 RON
Thermaltake,Star,1500 W,80 Plus Platinum,474.72 RON
AQIRYS,Professional,650 W,80 Plus Titanium,381.36 RON
Corsair,Trial,550 W,80 Plus Gold,550.98 RON
Seasonic,Affect,1500 W,80 Plus Gold,314.74 RON
be quiet!,Forget,550 W,80 Plus Silver,267.62 RON
GIGABYTE,Later,500 W,80 Plus Silver,208.68 RON
be quiet!,Partner,2000 W,80 Plus Titanium,352.52 RON
Cooler Master,Summer,1500 W,80 Plus Silver,377.17 RON
Cooler Master,While,500 W,80 Plus Platinum,212.33 RON
Corsair,Resource,650 W,80 Plus Gold,823.55 RON
Corsair,Here,650 W,80 Plus Bronze,877.3 RON
AQIRYS,Arm,2000 W,80 Plus Silver,928.99 RON
Corsair,Science,2000 W,80 Plus Silver,971.79 RON
AQIRYS,But,500 W,80 Plus Silver,847.65 RON
Thermaltake,Final,750 W,80 Plus Bronze,758.21 RON
Cooler Master,Everything,1500 W,80 Plus Silver,294.65 RON
Cooler Master,Body,1000 W,80 Plus Gold,190.45 RON
GIGABYTE,Music,500 W,80 Plus Titanium,781.33 RON
be quiet!,Behavior,850 W,80 Plus Bronze,558.1 RON
Seasonic,Media,650 W,80 Plus Bronze,580.33 RON
Seasonic,Behind,2000 W,80 Plus Platinum,684.68 RON
be quiet!,Environment,500 W,80 Plus Bronze,224.29 RON
Corsair,Respond,500 W,80 Plus Bronze,887.67 RON
Corsair,Tree,600 W,80 Plus Bronze,728.39 RON
Cooler Master,Power,2000 W,80 Plus Titanium,307.44 RON
Seasonic,Eye,650 W,80 Plus Gold,790.51 RON
GIGABYTE,Bring,1000 W,80 Plus Gold,508.12 RON
Thermaltake,Beautiful,1500 W,80 Plus Bronze,976.12 RON
Thermaltake,Play,650 W,80 Plus Platinum,123.3 RON
be quiet!,All,1500 W,80 Plus Gold,886.23 RON
Corsair,Close,1000 W,80 Plus Silver,375.03 RON
Thermaltake,Service,1000 W,80 Plus Bronze,841.92 RON
Seasonic,Nearly,750 W,80 Plus Gold,417.08 RON
be quiet!,Few,2000 W,80 Plus Bronze,691.31 RON
Seasonic,Last,1000 W,80 Plus Gold,131.51 RON
Thermaltake,Give,1500 W,80 Plus Bronze,988.6 RON
be quiet!,Represent,1200 W,80 Plus Titanium,980.87 RON
Thermaltake,Every,600 W,80 Plus Bronze,817.45 RON
AQIRYS,Cup,550 W,80 Plus Bronze,924.93 RON
AQIRYS,Bit,2000 W,80 Plus Silver,546.0 RON
be quiet!,Market,500 W,80 Plus Gold,788.2 RON
GIGABYTE,Improve,750 W,80 Plus Platinum,486.67 RON
Corsair,Current,600 W,80 Plus Gold,153.2 RON
Corsair,Big,750 W,80 Plus Silver,629.92 RON
GIGABYTE,See,600 W,80 Plus Gold,608.04 RON
Corsair,Certain,550 W,80 Plus Bronze,460.81 RON
Corsair,Product,500 W,80 Plus Platinum,374.97 RON
Cooler Master,Nation,600 W,80 Plus Gold,768.7 RON
Seasonic,Everybody,550 W,80 Plus Gold,916.8 RON
GIGABYTE,Simple,500 W,80 Plus Bronze,859.86 RON
Cooler Master,Beautiful,2000 W,80 Plus Titanium,897.83 RON
Cooler Master,Fight,550 W,80 Plus Bronze,903.32 RON
Seasonic,Money,600 W,80 Plus Titanium,557.94 RON
be quiet!,Realize,1200 W,80 Plus Platinum,273.92 RON
Thermaltake,Consider,1000 W,80 Plus Silver,935.37 RON
Cooler Master,Guess,550 W,80 Plus Bronze,847.89 RON
Seasonic,Fact,2000 W,80 Plus Platinum,276.99 RON
Seasonic,Minute,850 W,80 Plus Titanium,186.08 RON
Cooler Master,Accept,650 W,80 Plus Silver,459.59 RON
Thermaltake,Third,750 W,80 Plus Silver,696.41 RON
Seasonic,Manager,750 W,80 Plus Titanium,513.69 RON
Seasonic,Future,750 W,80 Plus Gold,305.18 RON
Corsair,Kitchen,1200 W,80 Plus Silver,309.81 RON
be quiet!,Hear,1200 W,80 Plus Bronze,589.37 RON
be quiet!,Window,1500 W,80 Plus Titanium,209.84 RON
Seasonic,Move,750 W,80 Plus Gold,846.2 RON
Thermaltake,Wife,600 W,80 Plus Platinum,339.97 RON
Corsair,Eye,600 W,80 Plus Bronze,256.79 RON
be quiet!,Low,850 W,80 Plus Gold,234.69 RON
AQIRYS,Outside,550 W,80 Plus Platinum,343.47 RON
GIGABYTE,Eat,650 W,80 Plus Platinum,570.6 RON
GIGABYTE,Yes,600 W,80 Plus Platinum,716.23 RON
Cooler Master,Issue,1000 W,80 Plus Gold,650.17 RON
Thermaltake,Upon,850 W,80 Plus Bronze,704.34 RON
Seasonic,Me,1500 W,80 Plus Titanium,112.41 RON
Cooler Master,Tonight,750 W,80 Plus Gold,753.61 RON
AQIRYS,Hold,1000 W,80 Plus Bronze,824.63 RON
Corsair,Help,750 W,80 Plus Gold,998.88 RON
Cooler Master,Church,1000 W,80 Plus Gold,442.43 RON
GIGABYTE,However,550 W,80 Plus Titanium,949.77 RON
Thermaltake,Stand,600 W,80 Plus Titanium,285.08 RON
Seasonic,Activity,850 W,80 Plus Bronze,253.77 RON
AQIRYS,Rate,600 W,80 Plus Bronze,289.29 RON
be quiet!,Hand,850 W,80 Plus Gold,407.29 RON
AQIRYS,Discuss,650 W,80 Plus Titanium,920.54 RON
Corsair,Event,1000 W,80 Plus Gold,319.66 RON
Thermaltake,No,1200 W,80 Plus Titanium,490.74 RON
GIGABYTE,Tell,1200 W,80 Plus Platinum,893.36 RON
Thermaltake,Case,600 W,80 Plus Bronze,871.94 RON
AQIRYS,Benefit,550 W,80 Plus Titanium,184.0 RON
Thermaltake,Use,500 W,80 Plus Titanium,933.28 RON
Seasonic,Bag,500 W,80 Plus Bronze,392.28 RON
Corsair,Must,600 W,80 Plus Platinum,724.33 RON
Seasonic,Too,550 W,80 Plus Platinum,407.04 RON
be quiet!,Ball,550 W,80 Plus Platinum,857.44 RON
Thermaltake,Later,1500 W,80 Plus Platinum,997.73 RON
GIGABYTE,Thank,850 W,80 Plus Bronze,648.78 RON
Corsair,She,650 W,80 Plus Titanium,687.61 RON
GIGABYTE,Exactly,1500 W,80 Plus Titanium,755.71 RON
GIGABYTE,Catch,500 W,80 Plus Titanium,597.02 RON
Cooler Master,White,750 W,80 Plus Platinum,752.4 RON
GIGABYTE,Physical,550 W,80 Plus Titanium,341.92 RON
AQIRYS,Quality,850 W,80 Plus Silver,760.44 RON
AQIRYS,Action,1500 W,80 Plus Platinum,523.79 RON
GIGABYTE,Art,1500 W,80 Plus Gold,937.93 RON
Corsair,Bring,1000 W,80 Plus Gold,899.11 RON
Seasonic,Put,650 W,80 Plus Bronze,242.84 RON
GIGABYTE,Matter,850 W,80 Plus Titanium,851.06 RON
Seasonic,Collection,500 W,80 Plus Bronze,594.42 RON
GIGABYTE,Understand,550 W,80 Plus Gold,366.23 RON
be quiet!,Five,500 W,80 Plus Titanium,290.79 RON
AQIRYS,System,500 W,80 Plus Gold,559.05 RON
Corsair,Make,750 W,80 Plus Titanium,189.28 RON
Seasonic,Final,1200 W,80 Plus Gold,715.6 RON
be quiet!,Suddenly,550 W,80 Plus Titanium,267.73 RON
GIGABYTE,Sometimes,600 W,80 Plus Platinum,783.08 RON
Thermaltake,Though,1000 W,80 Plus Bronze,168.17 RON
GIGABYTE,Society,1500 W,80 Plus Silver,691.89 RON
GIGABYTE,Boy,500 W,80 Plus Gold,879.43 RON
Thermaltake,Live,2000 W,80 Plus Platinum,311.82 RON
be quiet!,Brother,550 W,80 Plus Silver,225.79 RON
Seasonic,Child,1200 W,80 Plus Platinum,294.56 RON
GIGABYTE,Lead,750 W,80 Plus Silver,942.21 RON
GIGABYTE,Meet,2000 W,80 Plus Bronze,384.34 RON
Thermaltake,Collection,550 W,80 Plus Silver,812.87 RON
be quiet!,Station,500 W,80 Plus Gold,599.06 RON
Cooler Master,Hundred,750 W,80 Plus Platinum,601.64 RON
Corsair,Produce,1000 W,80 Plus Gold,158.66 RON
AQIRYS,The,550 W,80 Plus Titanium,149.75 RON
be quiet!,Any,600 W,80 Plus Platinum,534.72 RON
Thermaltake,View,2000 W,80 Plus Platinum,121.95 RON
Thermaltake,Paper,500 W,80 Plus Silver,200.7 RON
GIGABYTE,Growth,1500 W,80 Plus Gold,391.71 RON
Cooler Master,Toward,850 W,80 Plus Titanium,777.06 RON
Corsair,Off,1000 W,80 Plus Titanium,758.08 RON
Corsair,Them,1200 W,80 Plus Silver,979.71 RON
Thermaltake,Yet,600 W,80 Plus Titanium,935.95 RON
Thermaltake,General,850 W,80 Plus Bronze,579.48 RON
Thermaltake,Magazine,850 W,80 Plus Silver,487.66 RON
Cooler Master,What,750 W,80 Plus Bronze,256.58 RON
AQIRYS,Whom,2000 W,80 Plus Bronze,817.76 RON
Cooler Master,Laugh,650 W,80 Plus Gold,910.15 RON
be quiet!,Behind,650 W,80 Plus Silver,154.98 RON
GIGABYTE,Idea,850 W,80 Plus Gold,193.23 RON
Thermaltake,Drug,550 W,80 Plus Silver,693.25 RON
GIGABYTE,Wife,550 W,80 Plus Gold,717.46 RON
AQIRYS,Room,1000 W,80 Plus Silver,527.77 RON
be quiet!,Guess,1000 W,80 Plus Platinum,427.59 RON
AQIRYS,Ask,850 W,80 Plus Titanium,973.09 RON
Corsair,Among,750 W,80 Plus Gold,891.62 RON
be quiet!,Whatever,1200 W,80 Plus Bronze,459.91 RON
Seasonic,Peace,1500 W,80 Plus Bronze,278.72 RON
Cooler Master,On,550 W,80 Plus Platinum,676.35 RON
Thermaltake,Serve,750 W,80 Plus Titanium,543.62 RON
Cooler Master,Think,600 W,80 Plus Gold,624.31 RON
Cooler Master,Radio,500 W,80 Plus Gold,459.29 RON
Thermaltake,For,650 W,80 Plus Gold,484.01 RON
Corsair,True,750 W,80 Plus Titanium,347.61 RON
AQIRYS,Run,1000 W,80 Plus Platinum,962.81 RON
be quiet!,Protect,850 W,80 Plus Bronze,831.09 RON
AQIRYS,Industry,850 W,80 Plus Silver,978.2 RON
AQIRYS,Turn,550 W,80 Plus Gold,840.83 RON
AQIRYS,Democrat,550 W,80 Plus Bronze,304.9 RON
Thermaltake,With,500 W,80 Plus Silver,625.64 RON
AQIRYS,Require,650 W,80 Plus Titanium,525.43 RON
GIGABYTE,Action,600 W,80 Plus Titanium,579.85 RON
Thermaltake,Possible,850 W,80 Plus Silver,768.64 RON
GIGABYTE,Citizen,850 W,80 Plus Platinum,306.16 RON
Seasonic,Long,850 W,80 Plus Gold,342.81 RON
Thermaltake,Door,600 W,80 Plus Titanium,406.02 RON
be quiet!,Single,1200 W,80 Plus Bronze,242.62 RON
GIGABYTE,Above,600 W,80 Plus Titanium,789.05 RON
AQIRYS,Figure,1000 W,80 Plus Gold,348.64 RON
be quiet!,Set,2000 W,80 Plus Titanium,411.14 RON
be quiet!,Young,600 W,80 Plus Platinum,504.38 RON
Corsair,Structure,1000 W,80 Plus Platinum,219.12 RON
AQIRYS,Away,600 W,80 Plus Silver,561.79 RON
Corsair,Opportunity,1000 W,80 Plus Titanium,917.89 RON
Seasonic,Back,1500 W,80 Plus Platinum,400.13 RON
GIGABYTE,Week,1500 W,80 Plus Bronze,943.16 RON
GIGABYTE,Campaign,1500 W,80 Plus Platinum,170.41 RON
Corsair,Church,750 W,80 Plus Titanium,885.01 RON
Seasonic,Responsibility,1500 W,80 Plus Platinum,224.45 RON
Thermaltake,Fly,650 W,80 Plus Bronze,951.63 RON
Cooler Master,Yourself,600 W,80 Plus Platinum,882.65 RON
GIGABYTE,Perform,650 W,80 Plus Silver,904.16 RON
Cooler Master,Idea,2000 W,80 Plus Gold,555.3 RON
Seasonic,Difference,750 W,80 Plus Bronze,149.39 RON
Seasonic,Throughout,1200 W,80 Plus Silver,622.16 RON
Thermaltake,Radio,750 W,80 Plus Platinum,265.35 RON
Cooler Master,See,600 W,80 Plus Gold,506.29 RON
Thermaltake,Reduce,750 W,80 Plus Platinum,312.96 RON
GIGABYTE,Think,600 W,80 Plus Platinum,950.46 RON
Cooler Master,Herself,1000 W,80 Plus Titanium,624.91 RON
Corsair,Machine,1500 W,80 Plus Gold,431.41 RON
Cooler Master,American,2000 W,80 Plus Silver,421.92 RON
Thermaltake,Send,650 W,80 Plus Gold,756.36 RON
be quiet!,Food,1500 W,80 Plus Platinum,764.71 RON
be quiet!,Little,1200 W,80 Plus Silver,416.42 RON
Corsair,Per,750 W,80 Plus Silver,388.67 RON
Thermaltake,Several,550 W,80 Plus Gold,139.31 RON
Seasonic,There,600 W,80 Plus Gold,113.64 RON
Thermaltake,Follow,1200 W,80 Plus Platinum,583.87 RON
Seasonic,Whole,1500 W,80 Plus Silver,673.15 RON
AQIRYS,Read,550 W,80 Plus Platinum,666.18 RON
Thermaltake,Authority,1500 W,80 Plus Silver,554.34 RON
Cooler Master,Visit,1000 W,80 Plus Titanium,868.04 RON
Corsair,Produce,600 W,80 Plus Silver,865.44 RON
Corsair,Hope,650 W,80 Plus Titanium,329.0 RON
Corsair,Mother,500 W,80 Plus Platinum,298.4 RON
Seasonic,Spring,2000 W,80 Plus Titanium,689.52 RON
AQIRYS,State,1000 W,80 Plus Titanium,336.46 RON
Seasonic,Forward,500 W,80 Plus Bronze,739.96 RON
Thermaltake,Full,750 W,80 Plus Titanium,478.86 RON
Thermaltake,Benefit,750 W,80 Plus Platinum,538.76 RON
Corsair,Everyone,500 W,80 Plus Bronze,148.75 RON
GIGABYTE,Still,1500 W,80 Plus Silver,927.32 RON
be quiet!,Start,850 W,80 Plus Titanium,628.83 RON
be quiet!,Address,1500 W,80 Plus Bronze,319.19 RON
GIGABYTE,Age,550 W,80 Plus Bronze,668.04 RON
Seasonic,Rock,1000 W,80 Plus Titanium,890.88 RON
Seasonic,Wear,750 W,80 Plus Silver,427.34 RON
GIGABYTE,Step,550 W,80 Plus Titanium,203.08 RON
Corsair,Every,600 W,80 Plus Titanium,376.2 RON
Cooler Master,Raise,1000 W,80 Plus Bronze,923.69 RON
Thermaltake,Since,550 W,80 Plus Silver,504.46 RON
GIGABYTE,Particular,600 W,80 Plus Bronze,149.33 RON
Seasonic,Five,550 W,80 Plus Bronze,921.38 RON
GIGABYTE,Generation,1200 W,80 Plus Bronze,307.29 RON
Corsair,Move,850 W,80 Plus Platinum,522.76 RON
AQIRYS,West,1000 W,80 Plus Platinum,517.23 RON
be quiet!,Oil,650 W,80 Plus Bronze,277.57 RON
Cooler Master,Raise,600 W,80 Plus Titanium,406.5 RON
Seasonic,Teach,2000 W,80 Plus Platinum,836.0 RON
Seasonic,Unit,850 W,80 Plus Bronze,448.41 RON
Seasonic,Try,1000 W,80 Plus Platinum,736.0 RON
Seasonic,Trip,550 W,80 Plus Titanium,376.85 RON
be quiet!,Behavior,850 W,80 Plus Titanium,522.05 RON
Corsair,Claim,1000 W,80 Plus Platinum,898.87 RON
AQIRYS,Line,1500 W,80 Plus Platinum,830.53 RON
Thermaltake,We,750 W,80 Plus Silver,640.86 RON
Seasonic,Large,550 W,80 Plus Gold,609.42 RON
GIGABYTE,Different,1000 W,80 Plus Bronze,969.45 RON
Corsair,Concern,850 W,80 Plus Titanium,963.05 RON
Corsair,Commercial,750 W,80 Plus Silver,641.2 RON
Cooler Master,Because,550 W,80 Plus Gold,630.88 RON
Thermaltake,Theory,550 W,80 Plus Bronze,209.87 RON
Cooler Master,Use,2000 W,80 Plus Gold,580.37 RON
Cooler Master,Head,2000 W,80 Plus Platinum,229.74 RON
AQIRYS,Plan,600 W,80 Plus Titanium,259.45 RON
Thermaltake,I,650 W,80 Plus Titanium,319.86 RON
Thermaltake,Same,2000 W,80 Plus Silver,494.35 RON
Corsair,Painting,550 W,80 Plus Gold,419.26 RON
be quiet!,If,1200 W,80 Plus Gold,838.61 RON
Seasonic,Exactly,500 W,80 Plus Titanium,111.06 RON
Thermaltake,Image,650 W,80 Plus Titanium,988.63 RON
GIGABYTE,Others,850 W,80 Plus Silver,681.09 RON
Cooler Master,Room,1500 W,80 Plus Silver,568.95 RON
Cooler Master,Could,1200 W,80 Plus Bronze,424.49 RON
Seasonic,Least,550 W,80 Plus Bronze,871.43 RON
Thermaltake,Top,550 W,80 Plus Silver,496.13 RON
Seasonic,House,1500 W,80 Plus Platinum,345.98 RON
Cooler Master,Republican,600 W,80 Plus Titanium,980.05 RON
GIGABYTE,Leave,1200 W,80 Plus Gold,206.8 RON
GIGABYTE,Issue,750 W,80 Plus Bronze,921.94 RON
Cooler Master,Leader,2000 W,80 Plus Platinum,787.4 RON
Cooler Master,During,1000 W,80 Plus Platinum,355.34 RON
GIGABYTE,Condition,750 W,80 Plus Silver,488.12 RON
be quiet!,Popular,750 W,80 Plus Bronze,519.12 RON
Thermaltake,Much,850 W,80 Plus Titanium,313.67 RON
Seasonic,Bank,2000 W,80 Plus Platinum,782.4 RON
be quiet!,Result,550 W,80 Plus Gold,494.92 RON
Seasonic,Central,550 W,80 Plus Gold,139.0 RON
be quiet!,Itself,1500 W,80 Plus Platinum,998.65 RON
GIGABYTE,Along,1200 W,80 Plus Titanium,641.29 RON
Corsair,Style,2000 W,80 Plus Titanium,441.72 RON
Corsair,Election,500 W,80 Plus Silver,580.15 RON
Seasonic,Bag,600 W,80 Plus Titanium,823.54 RON
AQIRYS,Body,500 W,80 Plus Silver,163.8 RON
AQIRYS,Skin,1500 W,80 Plus Bronze,810.26 RON
Seasonic,Into,1200 W,80 Plus Silver,709.07 RON
be quiet!,Half,1500 W,80 Plus Titanium,698.43 RON
Thermaltake,To,550 W,80 Plus Silver,800.24 RON
GIGABYTE,Put,650 W,80 Plus Platinum,474.65 RON
be quiet!,Data,1000 W,80 Plus Silver,513.75 RON
Corsair,Plant,550 W,80 Plus Silver,172.93 RON
Corsair,Include,550 W,80 Plus Gold,620.04 RON
Thermaltake,Somebody,1000 W,80 Plus Bronze,406.76 RON
Seasonic,Stage,1000 W,80 Plus Bronze,652.99 RON
be quiet!,Stuff,750 W,80 Plus Gold,682.5 RON
Thermaltake,Challenge,850 W,80 Plus Bronze,966.13 RON
Seasonic,Including,500 W,80 Plus Titanium,981.81 RON
Seasonic,Past,1000 W,80 Plus Bronze,562.32 RON
be quiet!,Leg,600 W,80 Plus Titanium,168.19 RON
Cooler Master,Society,1000 W,80 Plus Gold,777.99 RON
GIGABYTE,Final,600 W,80 Plus Gold,536.57 RON
Thermaltake,State,750 W,80 Plus Silver,559.6 RON
AQIRYS,Window,2000 W,80 Plus Gold,441.29 RON
Corsair,Car,1200 W,80 Plus Silver,283.51 RON
Thermaltake,Their,850 W,80 Plus Silver,759.77 RON
GIGABYTE,Born,850 W,80 Plus Bronze,346.32 RON
Cooler Master,Together,2000 W,80 Plus Bronze,170.98 RON
Corsair,Ok,2000 W,80 Plus Gold,705.19 RON
Seasonic,Outside,1000 W,80 Plus Platinum,734.8 RON
Cooler Master,Claim,750 W,80 Plus Titanium,323.34 RON
Thermaltake,Along,850 W,80 Plus Platinum,486.74 RON
Seasonic,Number,1200 W,80 Plus Bronze,222.09 RON
Thermaltake,Pass,2000 W,80 Plus Bronze,471.83 RON
Thermaltake,Phone,850 W,80 Plus Gold,461.59 RON
Thermaltake,Might,600 W,80 Plus Silver,540.88 RON
Corsair,Talk,850 W,80 Plus Gold,488.87 RON
Cooler Master,East,500 W,80 Plus Titanium,799.98 RON
GIGABYTE,Yes,550 W,80 Plus Platinum,981.07 RON
Cooler Master,Happen,500 W,80 Plus Bronze,386.51 RON
Corsair,Physical,1200 W,80 Plus Platinum,896.17 RON
GIGABYTE,Able,550 W,80 Plus Bronze,359.58 RON
Corsair,Piece,750 W,80 Plus Gold,965.07 RON
Cooler Master,Soon,1000 W,80 Plus Gold,493.27 RON
Corsair,Little,1200 W,80 Plus Platinum,323.54 RON
Cooler Master,Door,850 W,80 Plus Bronze,944.62 RON
be quiet!,Thus,650 W,80 Plus Bronze,599.47 RON
GIGABYTE,Option,1000 W,80 Plus Platinum,339.14 RON
be quiet!,Drop,500 W,80 Plus Silver,281.4 RON
Corsair,Part,650 W,80 Plus Gold,493.31 RON
be quiet!,Ready,1000 W,80 Plus Silver,791.28 RON
Thermaltake,Fund,600 W,80 Plus Platinum,445.97 RON
Corsair,You,1000 W,80 Plus Titanium,523.62 RON
be quiet!,Simply,600 W,80 Plus Bronze,381.04 RON
Corsair,Lay,850 W,80 Plus Silver,774.92 RON
AQIRYS,Group,650 W,80 Plus Titanium,209.51 RON
be quiet!,Check,1200 W,80 Plus Titanium,805.8 RON
Cooler Master,Life,550 W,80 Plus Platinum,261.96 RON
be quiet!,System,850 W,80 Plus Bronze,615.74 RON
be quiet!,Fear,650 W,80 Plus Titanium,746.42 RON
AQIRYS,Kid,550 W,80 Plus Titanium,978.76 RON
GIGABYTE,Bring,650 W,80 Plus Platinum,780.43 RON
Seasonic,Head,1500 W,80 Plus Titanium,314.65 RON
Corsair,Investment,2000 W,80 Plus Titanium,458.67 RON
Cooler Master,Difficult,1000 W,80 Plus Silver,780.79 RON
Cooler Master,By,1000 W,80 Plus Platinum,956.86 RON
Corsair,Wait,2000 W,80 Plus Gold,885.17 RON
Corsair,Laugh,1200 W,80 Plus Platinum,324.3 RON
GIGABYTE,Bank,500 W,80 Plus Silver,938.51 RON
Cooler Master,Artist,2000 W,80 Plus Bronze,380.14 RON
Thermaltake,Still,500 W,80 Plus Platinum,822.67 RON
AQIRYS,Institution,1000 W,80 Plus Bronze,694.97 RON
Seasonic,Difference,600 W,80 Plus Titanium,413.98 RON
Corsair,Difficult,750 W,80 Plus Titanium,859.75 RON
Thermaltake,More,1500 W,80 Plus Silver,145.97 RON
GIGABYTE,Detail,550 W,80 Plus Titanium,674.51 RON
Cooler Master,Today,650 W,80 Plus Silver,905.18 RON
Seasonic,Size,1000 W,80 Plus Platinum,201.44 RON
Cooler Master,Decide,1000 W,80 Plus Titanium,914.25 RON
be quiet!,Age,2000 W,80 Plus Gold,742.22 RON
Seasonic,Opportunity,650 W,80 Plus Bronze,142.16 RON
GIGABYTE,Heart,1500 W,80 Plus Bronze,351.11 RON
be quiet!,Rate,500 W,80 Plus Platinum,450.66 RON
AQIRYS,Best,550 W,80 Plus Gold,916.8 RON
AQIRYS,Else,600 W,80 Plus Silver,802.55 RON
Cooler Master,Other,750 W,80 Plus Gold,981.93 RON
AQIRYS,Loss,1000 W,80 Plus Silver,401.53 RON
GIGABYTE,Group,600 W,80 Plus Gold,519.27 RON
Corsair,Should,1200 W,80 Plus Silver,694.8 RON
GIGABYTE,Run,750 W,80 Plus Titanium,163.99 RON
Corsair,Hospital,1000 W,80 Plus Silver,361.33 RON
Cooler Master,Purpose,650 W,80 Plus Platinum,390.35 RON
AQIRYS,Current,1000 W,80 Plus Silver,725.45 RON
Cooler Master,Bank,2000 W,80 Plus Platinum,149.08 RON
be quiet!,Upon,650 W,80 Plus Titanium,478.13 RON
AQIRYS,Character,650 W,80 Plus Silver,530.65 RON
be quiet!,Stuff,2000 W,80 Plus Gold,588.99 RON
Seasonic,Even,1000 W,80 Plus Gold,613.83 RON
GIGABYTE,Particular,600 W,80 Plus Bronze,672.8 RON
GIGABYTE,Live,1500 W,80 Plus Silver,301.44 RON
Corsair,Today,600 W,80 Plus Platinum,547.01 RON
GIGABYTE,Interesting,1000 W,80 Plus Bronze,438.18 RON
AQIRYS,Always,1000 W,80 Plus Silver,873.1 RON
Seasonic,Second,500 W,80 Plus Titanium,975.57 RON
Seasonic,Tax,1000 W,80 Plus Gold,101.72 RON
Corsair,Education,1500 W,80 Plus Platinum,566.88 RON
AQIRYS,Not,1500 W,80 Plus Platinum,811.77 RON
be quiet!,Style,650 W,80 Plus Silver,723.07 RON
AQIRYS,Blood,2000 W,80 Plus Gold,390.26 RON
Corsair,Bar,600 W,80 Plus Silver,252.68 RON
Thermaltake,None,600 W,80 Plus Bronze,549.85 RON
Cooler Master,Surface,550 W,80 Plus Gold,660.96 RON
GIGABYTE,Own,850 W,80 Plus Gold,958.87 RON
GIGABYTE,Especially,750 W,80 Plus Titanium,660.36 RON
Thermaltake,Course,550 W,80 Plus Bronze,392.72 RON
Cooler Master,Statement,650 W,80 Plus Silver,972.99 RON
Thermaltake,Explain,750 W,80 Plus Gold,723.43 RON
Cooler Master,Benefit,1200 W,80 Plus Bronze,768.5 RON
Cooler Master,Source,600 W,80 Plus Bronze,520.43 RON
Corsair,Mother,500 W,80 Plus Gold,830.92 RON
AQIRYS,Follow,550 W,80 Plus Bronze,897.12 RON
Thermaltake,Anything,2000 W,80 Plus Gold,881.1 RON
be quiet!,Time,1200 W,80 Plus Platinum,998.81 RON
GIGABYTE,There,500 W,80 Plus Bronze,697.06 RON
GIGABYTE,Nation,850 W,80 Plus Bronze,964.74 RON
be quiet!,Figure,1500 W,80 Plus Platinum,368.13 RON
Corsair,Likely,850 W,80 Plus Bronze,167.24 RON
AQIRYS,Whose,600 W,80 Plus Bronze,273.48 RON
AQIRYS,Whether,2000 W,80 Plus Titanium,305.99 RON
GIGABYTE,Energy,1200 W,80 Plus Platinum,695.22 RON
GIGABYTE,Beat,1000 W,80 Plus Silver,838.61 RON
Thermaltake,Also,500 W,80 Plus Titanium,194.58 RON
Corsair,Risk,1000 W,80 Plus Platinum,138.28 RON
Corsair,Tend,750 W,80 Plus Titanium,685.75 RON
Thermaltake,Great,550 W,80 Plus Titanium,525.07 RON
Cooler Master,Air,1500 W,80 Plus Silver,332.1 RON
Corsair,Reveal,500 W,80 Plus Titanium,277.51 RON
AQIRYS,Dream,1500 W,80 Plus Titanium,873.53 RON
GIGABYTE,High,1500 W,80 Plus Bronze,396.45 RON
Seasonic,Identify,1200 W,80 Plus Gold,503.21 RON
be quiet!,Woman,650 W,80 Plus Silver,451.18 RON
Seasonic,Join,750 W,80 Plus Bronze,465.39 RON
AQIRYS,Today,550 W,80 Plus Silver,299.05 RON
Corsair,Foreign,750 W,80 Plus Silver,319.77 RON
AQIRYS,Quite,850 W,80 Plus Silver,914.49 RON
Cooler Master,Including,850 W,80 Plus Gold,124.94 RON
be quiet!,Consumer,1200 W,80 Plus Platinum,358.55 RON
Corsair,Hot,650 W,80 Plus Titanium,998.35 RON
Seasonic,Until,650 W,80 Plus Silver,456.39 RON
be quiet!,Discussion,650 W,80 Plus Platinum,432.19 RON
AQIRYS,Approach,1500 W,80 Plus Titanium,689.97 RON
Thermaltake,Large,650 W,80 Plus Gold,377.0 RON
Thermaltake,Election,850 W,80 Plus Titanium,408.85 RON
AQIRYS,Happy,850 W,80 Plus Bronze,972.78 RON
GIGABYTE,Station,1200 W,80 Plus Bronze,454.03 RON
Cooler Master,Page,750 W,80 Plus Gold,223.38 RON
AQIRYS,Them,1500 W,80 Plus Titanium,983.09 RON
be quiet!,Store,500 W,80 Plus Platinum,416.54 RON
AQIRYS,Discover,750 W,80 Plus Platinum,771.61 RON
Seasonic,Body,1500 W,80 Plus Titanium,206.59 RON
Corsair,Certain,2000 W,80 Plus Bronze,788.14 RON
Corsair,Card,600 W,80 Plus Platinum,250.86 RON
GIGABYTE,Threat,500 W,80 Plus Platinum,781.59 RON
AQIRYS,Change,850 W,80 Plus Bronze,631.06 RON
AQIRYS,Skill,550 W,80 Plus Platinum,421.76 RON
Corsair,Near,1000 W,80 Plus Gold,945.11 RON
GIGABYTE,East,600 W,80 Plus Gold,536.63 RON
Seasonic,Catch,2000 W,80 Plus Gold,113.96 RON
Cooler Master,Hotel,650 W,80 Plus Platinum,649.39 RON
AQIRYS,Leg,550 W,80 Plus Bronze,938.99 RON
GIGABYTE,Above,600 W,80 Plus Bronze,924.0 RON
Seasonic,Field,600 W,80 Plus Platinum,104.74 RON
Seasonic,Career,1200 W,80 Plus Titanium,488.24 RON
Seasonic,Beyond,600 W,80 Plus Bronze,915.43 RON
Seasonic,Figure,850 W,80 Plus Titanium,977.82 RON
Cooler Master,Visit,1200 W,80 Plus Gold,116.35 RON
Corsair,Visit,550 W,80 Plus Bronze,736.68 RON
Thermaltake,Human,600 W,80 Plus Silver,264.47 RON
Seasonic,Thing,1000 W,80 Plus Gold,277.4 RON
Thermaltake,View,1200 W,80 Plus Silver,244.68 RON
AQIRYS,Onto,1000 W,80 Plus Bronze,334.49 RON
Cooler Master,Actually,1200 W,80 Plus Titanium,524.21 RON
Cooler Master,Policy,650 W,80 Plus Silver,900.73 RON
be quiet!,Early,750 W,80 Plus Silver,783.91 RON
Seasonic,Edge,650 W,80 Plus Titanium,623.36 RON
GIGABYTE,Environment,500 W,80 Plus Titanium,692.88 RON
Cooler Master,Pass,1500 W,80 Plus Gold,977.13 RON
be quiet!,Decision,1500 W,80 Plus Platinum,445.67 RON
be quiet!,Along,600 W,80 Plus Gold,774.63 RON
GIGABYTE,Adult,1000 W,80 Plus Bronze,536.34 RON
Thermaltake,Television,1200 W,80 Plus Titanium,325.32 RON
Thermaltake,Example,550 W,80 Plus Platinum,101.42 RON
AQIRYS,Including,850 W,80 Plus Platinum,352.99 RON
Cooler Master,Rule,750 W,80 Plus Silver,531.78 RON
be quiet!,Way,1500 W,80 Plus Silver,152.99 RON
GIGABYTE,Late,1200 W,80 Plus Platinum,552.93 RON
be quiet!,Choice,550 W,80 Plus Titanium,113.91 RON
Seasonic,Strong,550 W,80 Plus Silver,271.28 RON
AQIRYS,However,2000 W,80 Plus Silver,800.16 RON
GIGABYTE,Drive,550 W,80 Plus Titanium,895.92 RON
Seasonic,Culture,2000 W,80 Plus Titanium,324.95 RON
GIGABYTE,Mission,600 W,80 Plus Silver,222.09 RON
AQIRYS,Must,1200 W,80 Plus Titanium,272.13 RON
Cooler Master,Only,850 W,80 Plus Titanium,873.36 RON
Corsair,Fall,750 W,80 Plus Titanium,526.83 RON
AQIRYS,Sing,2000 W,80 Plus Bronze,342.86 RON
Cooler Master,Bring,1000 W,80 Plus Silver,278.34 RON
GIGABYTE,Few,1200 W,80 Plus Platinum,843.6 RON
Corsair,Mouth,750 W,80 Plus Titanium,794.98 RON
be quiet!,Kind,750 W,80 Plus Titanium,286.13 RON
AQIRYS,Character,750 W,80 Plus Platinum,362.17 RON
be quiet!,Base,650 W,80 Plus Gold,511.77 RON
Cooler Master,Bring,2000 W,80 Plus Bronze,759.06 RON
Seasonic,Successful,1000 W,80 Plus Titanium,818.36 RON
GIGABYTE,Business,500 W,80 Plus Bronze,998.41 RON
GIGABYTE,World,1500 W,80 Plus Silver,918.15 RON
Cooler Master,Budget,550 W,80 Plus Titanium,195.21 RON
Seasonic,Action,1500 W,80 Plus Bronze,440.86 RON
Corsair,Kitchen,600 W,80 Plus Bronze,593.67 RON
GIGABYTE,Compare,750 W,80 Plus Bronze,542.76 RON
Corsair,According,1200 W,80 Plus Silver,412.29 RON
Seasonic,Save,1200 W,80 Plus Bronze,225.86 RON
GIGABYTE,Will,550 W,80 Plus Platinum,703.53 RON
Seasonic,You,2000 W,80 Plus Gold,183.82 RON
Corsair,General,850 W,80 Plus Platinum,476.21 RON
Thermaltake,Agency,1500 W,80 Plus Gold,551.14 RON
Thermaltake,Newspaper,650 W,80 Plus Titanium,941.74 RON
GIGABYTE,Anything,2000 W,80 Plus Silver,764.21 RON
Corsair,Close,1000 W,80 Plus Bronze,660.66 RON
Seasonic,Your,600 W,80 Plus Bronze,834.24 RON
GIGABYTE,Bank,850 W,80 Plus Titanium,791.71 RON
AQIRYS,Be,600 W,80 Plus Bronze,782.9 RON
Corsair,Enough,850 W,80 Plus Bronze,181.73 RON
Cooler Master,Seem,650 W,80 Plus Silver,143.9 RON
GIGABYTE,Dog,1500 W,80 Plus Gold,853.45 RON
AQIRYS,Technology,1000 W,80 Plus Titanium,697.98 RON
GIGABYTE,Sell,1500 W,80 Plus Platinum,551.3 RON
AQIRYS,Store,1200 W,80 Plus Gold,960.34 RON
Seasonic,Contain,2000 W,80 Plus Silver,427.1 RON
Corsair,Because,2000 W,80 Plus Bronze,481.02 RON
Corsair,Type,1500 W,80 Plus Bronze,815.24 RON
GIGABYTE,Become,600 W,80 Plus Titanium,861.51 RON
Cooler Master,Hundred,550 W,80 Plus Gold,190.01 RON
Corsair,City,550 W,80 Plus Titanium,441.12 RON
Thermaltake,Today,850 W,80 Plus Gold,455.41 RON
Thermaltake,Case,1500 W,80 Plus Bronze,572.48 RON
Corsair,Pm,600 W,80 Plus Silver,411.36 RON
AQIRYS,Political,600 W,80 Plus Silver,722.28 RON
Seasonic,Probably,850 W,80 Plus Bronze,432.6 RON
Corsair,Day,1500 W,80 Plus Titanium,855.45 RON
Thermaltake,Cup,750 W,80 Plus Bronze,581.2 RON
Thermaltake,Hear,600 W,80 Plus Silver,176.43 RON
be quiet!,Me,550 W,80 Plus Gold,245.08 RON
Corsair,Represent,650 W,80 Plus Platinum,475.72 RON
Thermaltake,Movement,500 W,80 Plus Gold,647.56 RON
Thermaltake,Leave,500 W,80 Plus Platinum,387.35 RON
Cooler Master,Help,600 W,80 Plus Bronze,593.6 RON
GIGABYTE,Democratic,1200 W,80 Plus Titanium,794.1 RON
Thermaltake,Little,650 W,80 Plus Platinum,465.44 RON
Cooler Master,Form,550 W,80 Plus Gold,301.44 RON
be quiet!,Quickly,850 W,80 Plus Gold,137.76 RON
be quiet!,Raise,1000 W,80 Plus Bronze,165.74 RON
Cooler Master,Past,1500 W,80 Plus Gold,398.13 RON
Cooler Master,Organization,750 W,80 Plus Silver,196.89 RON
Corsair,Where,2000 W,80 Plus Titanium,729.54 RON
Thermaltake,Finish,1200 W,80 Plus Gold,431.22 RON
Thermaltake,Husband,1200 W,80 Plus Gold,924.23 RON
Seasonic,Black,1200 W,80 Plus Titanium,435.29 RON
GIGABYTE,Throw,550 W,80 Plus Gold,845.41 RON
AQIRYS,Information,750 W,80 Plus Gold,676.83 RON
Corsair,Receive,500 W,80 Plus Titanium,587.46 RON
Seasonic,Start,1000 W,80 Plus Gold,271.8 RON
Cooler Master,Pretty,550 W,80 Plus Silver,483.64 RON
Corsair,Live,2000 W,80 Plus Titanium,209.55 RON
Corsair,Any,1500 W,80 Plus Gold,327.89 RON
Seasonic,Through,550 W,80 Plus Gold,753.06 RON
be quiet!,Serve,1500 W,80 Plus Silver,588.96 RON
Corsair,Government,500 W,80 Plus Bronze,903.16 RON
GIGABYTE,Team,500 W,80 Plus Silver,885.61 RON
be quiet!,Believe,500 W,80 Plus Gold,972.88 RON
be quiet!,Doctor,750 W,80 Plus Titanium,580.59 RON
Seasonic,Social,1000 W,80 Plus Gold,863.84 RON
be quiet!,Focus,1200 W,80 Plus Gold,813.2 RON
Thermaltake,Tax,2000 W,80 Plus Gold,440.14 RON
Seasonic,Lead,1200 W,80 Plus Titanium,878.07 RON
be quiet!,Consumer,650 W,80 Plus Bronze,476.88 RON
Thermaltake,Happen,1200 W,80 Plus Platinum,635.97 RON
Seasonic,Whatever,1000 W,80 Plus Platinum,880.54 RON
be quiet!,Stop,1200 W,80 Plus Bronze,959.0 RON
Cooler Master,Determine,650 W,80 Plus Silver,535.14 RON
be quiet!,Long,1200 W,80 Plus Bronze,101.0 RON
AQIRYS,Second,1500 W,80 Plus Titanium,740.74 RON
Thermaltake,Mouth,1000 W,80 Plus Bronze,654.96 RON
Thermaltake,Day,650 W,80 Plus Gold,368.43 RON
GIGABYTE,Head,600 W,80 Plus Gold,102.29 RON
Seasonic,Spring,600 W,80 Plus Titanium,639.84 RON
GIGABYTE,Look,500 W,80 Plus Titanium,975.76 RON
Corsair,Party,850 W,80 Plus Platinum,605.87 RON
Cooler Master,Move,600 W,80 Plus Platinum,992.27 RON
Corsair,Thus,850 W,80 Plus Platinum,370.82 RON
Cooler Master,Know,1500 W,80 Plus Platinum,309.89 RON
AQIRYS,Soldier,2000 W,80 Plus Silver,546.42 RON
GIGABYTE,Significant,650 W,80 Plus Titanium,197.96 RON
AQIRYS,Husband,850 W,80 Plus Platinum,840.73 RON
Thermaltake,Center,850 W,80 Plus Titanium,512.98 RON
Seasonic,Once,1500 W,80 Plus Silver,675.29 RON
AQIRYS,Positive,1500 W,80 Plus Titanium,245.93 RON
AQIRYS,Coach,850 W,80 Plus Bronze,417.31 RON
Seasonic,Produce,550 W,80 Plus Silver,962.51 RON
be quiet!,Explain,500 W,80 Plus Platinum,306.96 RON
GIGABYTE,Sort,1000 W,80 Plus Titanium,340.8 RON
Cooler Master,Knowledge,650 W,80 Plus Titanium,241.0 RON
Seasonic,Same,1000 W,80 Plus Titanium,681.66 RON
Seasonic,Red,1500 W,80 Plus Titanium,521.65 RON
be quiet!,Quickly,500 W,80 Plus Platinum,615.64 RON
Thermaltake,Yard,1000 W,80 Plus Gold,616.02 RON
AQIRYS,Usually,650 W,80 Plus Platinum,654.63 RON
Cooler Master,Have,850 W,80 Plus Platinum,377.23 RON
Seasonic,Oil,750 W,80 Plus Bronze,149.87 RON
Seasonic,Party,650 W,80 Plus Silver,210.63 RON
Corsair,Employee,650 W,80 Plus Gold,957.53 RON
Thermaltake,Candidate,1200 W,80 Plus Bronze,962.67 RON
Thermaltake,Program,600 W,80 Plus Bronze,734.16 RON
Seasonic,Show,550 W,80 Plus Silver,574.03 RON
Cooler Master,Student,600 W,80 Plus Silver,315.51 RON
