Manufacturer, Model, Capacity (GB), Speed (MHz), Type, Price
Crucial,Tonight,16 GB,2133 MHz,DDR4,264.9 RON
Kingston,Across,8 GB,3200 MHz,DDR4,1087.22 RON
HyperX,Community,4 GB,3600 MHz,DDR4,1201.94 RON
Corsair,Between,8 GB,5200 MHz,DDR5,642.7 RON
HyperX,Deal,64 GB,5200 MHz,DDR5,472.22 RON
HyperX,Life,64 GB,5200 MHz,DDR5,388.22 RON
ADATA,Drug,64 GB,5600 MHz,DDR5,991.44 RON
Corsair,However,32 GB,2666 MHz,DDR4,1032.38 RON
Crucial,Environmental,16 GB,3600 MHz,DDR4,710.51 RON
Patriot,Order,32 GB,5200 MHz,DDR5,1458.51 RON
Kingston,Hot,8 GB,5200 MHz,DDR5,1289.86 RON
HyperX,Occur,8 GB,3000 MHz,DDR4,519.73 RON
G.Skill,Certainly,64 GB,3000 MHz,DDR4,620.33 RON
Kingston,Body,8 GB,6000 MHz,DDR5,353.78 RON
G.Skill,Task,8 GB,6000 MHz,DDR5,642.58 RON
ADATA,Create,16 GB,5600 MHz,DDR5,1360.91 RON
Corsair,Fall,32 GB,2133 MHz,DDR4,394.07 RON
Kingston,Head,8 GB,3600 MHz,DDR4,1000.35 RON
HyperX,Amount,64 GB,5600 MHz,DDR5,637.86 RON
Crucial,Answer,4 GB,5600 MHz,DDR5,926.22 RON
Crucial,Most,32 GB,5200 MHz,DDR5,822.44 RON
G.Skill,Maintain,32 GB,3200 MHz,DDR4,1042.28 RON
HyperX,Onto,4 GB,3200 MHz,DDR4,1158.45 RON
Corsair,Home,32 GB,5200 MHz,DDR5,92.0 RON
Corsair,Both,8 GB,2133 MHz,DDR4,490.95 RON
G.Skill,Hotel,16 GB,3600 MHz,DDR4,307.54 RON
Kingston,Officer,8 GB,5200 MHz,DDR5,138.44 RON
G.Skill,Whether,64 GB,5200 MHz,DDR5,1466.24 RON
Kingston,Show,16 GB,5600 MHz,DDR5,581.97 RON
HyperX,Garden,32 GB,2666 MHz,DDR4,109.41 RON
G.Skill,Common,32 GB,2133 MHz,DDR4,915.37 RON
Patriot,Agreement,8 GB,6000 MHz,DDR5,811.43 RON
G.Skill,Society,4 GB,2666 MHz,DDR4,1105.45 RON
Patriot,Politics,4 GB,5200 MHz,DDR5,444.8 RON
G.Skill,Beyond,64 GB,3200 MHz,DDR4,550.18 RON
Patriot,Treatment,64 GB,6000 MHz,DDR5,1035.25 RON
Patriot,Which,64 GB,3200 MHz,DDR4,1069.02 RON
G.Skill,Attention,32 GB,5600 MHz,DDR5,1183.54 RON
ADATA,Then,4 GB,2400 MHz,DDR4,1451.53 RON
Patriot,Eye,32 GB,5600 MHz,DDR5,1432.51 RON
Crucial,Training,64 GB,5600 MHz,DDR5,403.81 RON
Kingston,Over,32 GB,3200 MHz,DDR4,891.76 RON
ADATA,Concern,32 GB,5200 MHz,DDR5,944.27 RON
Kingston,Paper,64 GB,6000 MHz,DDR5,1141.66 RON
Kingston,Style,8 GB,3000 MHz,DDR4,1202.56 RON
ADATA,Red,16 GB,5200 MHz,DDR5,1394.02 RON
Corsair,Full,32 GB,3600 MHz,DDR4,228.17 RON
Corsair,Some,32 GB,3200 MHz,DDR4,694.68 RON
Patriot,Town,16 GB,2666 MHz,DDR4,1403.91 RON
HyperX,Price,32 GB,2666 MHz,DDR4,929.81 RON
ADATA,Executive,8 GB,2400 MHz,DDR4,761.06 RON
HyperX,Travel,8 GB,5600 MHz,DDR5,1337.94 RON
Corsair,Nice,16 GB,3600 MHz,DDR4,1208.75 RON
Crucial,According,16 GB,6000 MHz,DDR5,464.97 RON
Kingston,When,4 GB,2133 MHz,DDR4,247.09 RON
G.Skill,Product,8 GB,3200 MHz,DDR4,1376.68 RON
HyperX,Actually,16 GB,2666 MHz,DDR4,1141.27 RON
Crucial,Majority,32 GB,3200 MHz,DDR4,626.3 RON
ADATA,Indicate,8 GB,3600 MHz,DDR4,411.35 RON
G.Skill,Realize,16 GB,5600 MHz,DDR5,547.53 RON
Crucial,Win,8 GB,5600 MHz,DDR5,106.76 RON
HyperX,Risk,64 GB,6000 MHz,DDR5,1325.5 RON
Patriot,Effect,32 GB,3000 MHz,DDR4,879.25 RON
Kingston,Down,4 GB,2666 MHz,DDR4,1359.96 RON
Corsair,Most,32 GB,5600 MHz,DDR5,168.15 RON
HyperX,Series,4 GB,3600 MHz,DDR4,907.74 RON
G.Skill,Result,32 GB,2666 MHz,DDR4,1271.98 RON
HyperX,Project,8 GB,6000 MHz,DDR5,596.07 RON
HyperX,Today,32 GB,5600 MHz,DDR5,1024.5 RON
G.Skill,Budget,64 GB,5600 MHz,DDR5,431.46 RON
Patriot,Above,8 GB,2666 MHz,DDR4,688.65 RON
Crucial,Pretty,16 GB,2400 MHz,DDR4,1331.22 RON
Corsair,Deep,4 GB,3000 MHz,DDR4,540.15 RON
Patriot,Newspaper,32 GB,3200 MHz,DDR4,728.23 RON
ADATA,Foreign,64 GB,2400 MHz,DDR4,489.88 RON
Patriot,Medical,64 GB,5600 MHz,DDR5,148.45 RON
ADATA,Offer,8 GB,6000 MHz,DDR5,380.48 RON
Patriot,Matter,16 GB,3000 MHz,DDR4,840.05 RON
HyperX,Need,4 GB,5600 MHz,DDR5,1115.02 RON
Crucial,System,64 GB,3600 MHz,DDR4,530.7 RON
Corsair,Reality,64 GB,3600 MHz,DDR4,527.05 RON
G.Skill,Lead,4 GB,2666 MHz,DDR4,432.45 RON
Crucial,Of,4 GB,3600 MHz,DDR4,1251.87 RON
HyperX,Drug,4 GB,5200 MHz,DDR5,697.86 RON
ADATA,Box,8 GB,3200 MHz,DDR4,561.07 RON
Crucial,All,16 GB,6000 MHz,DDR5,1464.56 RON
Patriot,Manager,64 GB,3600 MHz,DDR4,369.69 RON
G.Skill,Agent,16 GB,3000 MHz,DDR4,785.76 RON
G.Skill,President,8 GB,6000 MHz,DDR5,576.69 RON
Corsair,Rest,16 GB,3000 MHz,DDR4,1430.94 RON
ADATA,True,4 GB,3200 MHz,DDR4,1092.08 RON
HyperX,Budget,8 GB,2133 MHz,DDR4,1353.22 RON
HyperX,Focus,4 GB,6000 MHz,DDR5,854.28 RON
Patriot,Toward,8 GB,5200 MHz,DDR5,1428.19 RON
Kingston,Career,4 GB,2133 MHz,DDR4,940.38 RON
Kingston,Already,8 GB,2400 MHz,DDR4,1347.1 RON
Corsair,Just,16 GB,5200 MHz,DDR5,894.55 RON
Kingston,Citizen,64 GB,5200 MHz,DDR5,1377.51 RON
Corsair,Face,4 GB,5200 MHz,DDR5,632.19 RON
Crucial,Buy,8 GB,2133 MHz,DDR4,400.76 RON
G.Skill,Little,32 GB,6000 MHz,DDR5,1271.91 RON
Corsair,Item,16 GB,3200 MHz,DDR4,493.2 RON
Kingston,Hear,16 GB,2400 MHz,DDR4,934.45 RON
Crucial,What,4 GB,3600 MHz,DDR4,834.09 RON
Kingston,Training,8 GB,3200 MHz,DDR4,659.76 RON
ADATA,Moment,8 GB,3000 MHz,DDR4,830.08 RON
ADATA,Thought,64 GB,2133 MHz,DDR4,1320.87 RON
HyperX,Buy,4 GB,5600 MHz,DDR5,999.77 RON
Kingston,Old,16 GB,2133 MHz,DDR4,199.02 RON
Crucial,Step,4 GB,3200 MHz,DDR4,253.28 RON
ADATA,Training,32 GB,2666 MHz,DDR4,412.15 RON
ADATA,Various,4 GB,3200 MHz,DDR4,1468.32 RON
Corsair,Cold,4 GB,3600 MHz,DDR4,647.96 RON
Kingston,Cost,8 GB,5600 MHz,DDR5,1024.85 RON
Patriot,Only,64 GB,3000 MHz,DDR4,800.94 RON
Crucial,Party,16 GB,3000 MHz,DDR4,1022.63 RON
ADATA,Able,16 GB,5600 MHz,DDR5,866.21 RON
Crucial,Large,16 GB,5200 MHz,DDR5,493.2 RON
HyperX,Enough,4 GB,2133 MHz,DDR4,913.62 RON
Crucial,Building,64 GB,2666 MHz,DDR4,1344.88 RON
Kingston,Service,16 GB,2133 MHz,DDR4,338.48 RON
HyperX,Apply,8 GB,3600 MHz,DDR4,503.13 RON
Patriot,Enter,4 GB,3200 MHz,DDR4,1049.47 RON
ADATA,Agree,4 GB,2666 MHz,DDR4,697.73 RON
Corsair,Pm,16 GB,5600 MHz,DDR5,156.45 RON
G.Skill,Consumer,8 GB,3600 MHz,DDR4,1417.18 RON
ADATA,Ten,64 GB,3000 MHz,DDR4,647.31 RON
G.Skill,Network,4 GB,3200 MHz,DDR4,520.11 RON
ADATA,Too,16 GB,2666 MHz,DDR4,478.69 RON
Corsair,Property,32 GB,5200 MHz,DDR5,444.66 RON
HyperX,Beautiful,4 GB,3000 MHz,DDR4,1420.43 RON
Corsair,Image,32 GB,3200 MHz,DDR4,1292.31 RON
Crucial,Community,4 GB,5600 MHz,DDR5,1478.65 RON
Patriot,Create,64 GB,6000 MHz,DDR5,745.06 RON
Crucial,Quality,8 GB,5600 MHz,DDR5,1036.11 RON
Crucial,Customer,16 GB,3000 MHz,DDR4,113.39 RON
ADATA,North,4 GB,6000 MHz,DDR5,1400.42 RON
G.Skill,Wrong,8 GB,3000 MHz,DDR4,1321.82 RON
G.Skill,Quickly,64 GB,2666 MHz,DDR4,1198.75 RON
Kingston,Stop,16 GB,2400 MHz,DDR4,1193.31 RON
HyperX,Wait,16 GB,6000 MHz,DDR5,920.59 RON
G.Skill,Rather,8 GB,6000 MHz,DDR5,162.49 RON
G.Skill,Last,32 GB,2400 MHz,DDR4,972.86 RON
Crucial,Rule,32 GB,2133 MHz,DDR4,1213.3 RON
Kingston,Each,64 GB,3600 MHz,DDR4,1327.57 RON
Crucial,Poor,64 GB,6000 MHz,DDR5,459.68 RON
Corsair,Herself,16 GB,3600 MHz,DDR4,856.48 RON
G.Skill,Hand,4 GB,2400 MHz,DDR4,274.21 RON
HyperX,Card,32 GB,3000 MHz,DDR4,405.74 RON
ADATA,Record,16 GB,5600 MHz,DDR5,132.33 RON
ADATA,Specific,32 GB,3200 MHz,DDR4,1397.69 RON
Kingston,Expert,64 GB,3200 MHz,DDR4,394.46 RON
ADATA,Especially,64 GB,2666 MHz,DDR4,222.5 RON
Corsair,Break,32 GB,3600 MHz,DDR4,512.28 RON
Crucial,Different,8 GB,5600 MHz,DDR5,1046.26 RON
ADATA,Modern,32 GB,6000 MHz,DDR5,600.51 RON
Crucial,Matter,8 GB,5600 MHz,DDR5,972.54 RON
Crucial,Support,4 GB,2400 MHz,DDR4,1251.41 RON
Crucial,Entire,32 GB,3600 MHz,DDR4,102.58 RON
ADATA,Door,32 GB,2666 MHz,DDR4,205.79 RON
Kingston,The,16 GB,5600 MHz,DDR5,620.83 RON
HyperX,Property,4 GB,2133 MHz,DDR4,157.93 RON
Crucial,Soldier,4 GB,3200 MHz,DDR4,1221.64 RON
G.Skill,Conference,4 GB,5200 MHz,DDR5,729.85 RON
Crucial,Dinner,64 GB,2133 MHz,DDR4,645.67 RON
ADATA,Everything,16 GB,3200 MHz,DDR4,188.16 RON
Patriot,General,4 GB,2400 MHz,DDR4,646.1 RON
Patriot,Born,16 GB,3000 MHz,DDR4,1385.37 RON
HyperX,Growth,4 GB,6000 MHz,DDR5,276.86 RON
G.Skill,Trip,32 GB,3000 MHz,DDR4,259.33 RON
Crucial,Individual,4 GB,6000 MHz,DDR5,319.58 RON
Crucial,Either,8 GB,2400 MHz,DDR4,1136.95 RON
G.Skill,Worker,64 GB,3200 MHz,DDR4,1432.81 RON
Kingston,Order,8 GB,2666 MHz,DDR4,1219.32 RON
HyperX,Bar,8 GB,5600 MHz,DDR5,894.36 RON
G.Skill,World,16 GB,2666 MHz,DDR4,844.98 RON
Corsair,Risk,4 GB,3600 MHz,DDR4,480.63 RON
ADATA,It,16 GB,2133 MHz,DDR4,549.9 RON
HyperX,Then,16 GB,2666 MHz,DDR4,754.37 RON
HyperX,Report,8 GB,6000 MHz,DDR5,1317.65 RON
Kingston,Cause,64 GB,2133 MHz,DDR4,452.89 RON
G.Skill,Center,16 GB,3200 MHz,DDR4,738.93 RON
Kingston,When,8 GB,5200 MHz,DDR5,341.02 RON
Crucial,Production,16 GB,3200 MHz,DDR4,1157.53 RON
ADATA,Generation,16 GB,2666 MHz,DDR4,222.14 RON
G.Skill,Material,32 GB,5200 MHz,DDR5,1301.28 RON
Corsair,No,16 GB,3000 MHz,DDR4,1249.92 RON
Crucial,Race,8 GB,3600 MHz,DDR4,911.75 RON
G.Skill,Boy,8 GB,5200 MHz,DDR5,248.36 RON
Patriot,Job,4 GB,6000 MHz,DDR5,1178.48 RON
G.Skill,Price,8 GB,3200 MHz,DDR4,1232.19 RON
HyperX,Generation,64 GB,2400 MHz,DDR4,443.01 RON
Kingston,Remember,4 GB,5600 MHz,DDR5,1470.88 RON
G.Skill,Over,16 GB,6000 MHz,DDR5,544.8 RON
Crucial,Your,64 GB,5600 MHz,DDR5,1379.92 RON
HyperX,Computer,8 GB,3600 MHz,DDR4,713.47 RON
Crucial,Change,4 GB,5200 MHz,DDR5,779.56 RON
ADATA,Have,64 GB,5600 MHz,DDR5,295.65 RON
Corsair,Against,4 GB,2400 MHz,DDR4,459.15 RON
ADATA,Detail,16 GB,6000 MHz,DDR5,1037.29 RON
HyperX,First,64 GB,2666 MHz,DDR4,444.7 RON
HyperX,Conference,16 GB,2666 MHz,DDR4,1303.36 RON
HyperX,Price,16 GB,6000 MHz,DDR5,1164.29 RON
Patriot,Arm,8 GB,2400 MHz,DDR4,387.83 RON
HyperX,Six,16 GB,3200 MHz,DDR4,1005.81 RON
Corsair,Alone,4 GB,3600 MHz,DDR4,1274.24 RON
ADATA,Involve,8 GB,3600 MHz,DDR4,537.15 RON
Kingston,Chance,8 GB,2666 MHz,DDR4,1446.64 RON
Crucial,Impact,8 GB,3000 MHz,DDR4,182.95 RON
Corsair,Within,8 GB,3200 MHz,DDR4,1435.65 RON
Kingston,Head,4 GB,3000 MHz,DDR4,170.56 RON
Crucial,Only,4 GB,5600 MHz,DDR5,423.65 RON
Kingston,Mouth,8 GB,5600 MHz,DDR5,469.06 RON
ADATA,Develop,8 GB,2133 MHz,DDR4,429.5 RON
Kingston,Certainly,4 GB,5200 MHz,DDR5,663.53 RON
G.Skill,Technology,64 GB,3000 MHz,DDR4,1382.62 RON
Corsair,Collection,8 GB,2666 MHz,DDR4,453.79 RON
ADATA,Under,16 GB,5600 MHz,DDR5,1031.07 RON
Kingston,Accept,32 GB,2666 MHz,DDR4,237.01 RON
Corsair,Their,32 GB,3600 MHz,DDR4,1201.59 RON
Crucial,Three,16 GB,3600 MHz,DDR4,995.74 RON
Crucial,Soon,32 GB,3600 MHz,DDR4,287.65 RON
Crucial,Save,16 GB,6000 MHz,DDR5,1144.92 RON
Crucial,Expect,4 GB,2666 MHz,DDR4,687.21 RON
Kingston,Compare,32 GB,3200 MHz,DDR4,1325.87 RON
Crucial,Moment,16 GB,6000 MHz,DDR5,629.89 RON
Crucial,Later,16 GB,5200 MHz,DDR5,392.35 RON
HyperX,Time,32 GB,2400 MHz,DDR4,486.73 RON
Corsair,Wonder,32 GB,3600 MHz,DDR4,1481.58 RON
Crucial,Business,8 GB,5600 MHz,DDR5,337.83 RON
Patriot,Protect,16 GB,5200 MHz,DDR5,864.63 RON
G.Skill,Church,64 GB,3600 MHz,DDR4,1492.14 RON
Crucial,Reach,32 GB,2400 MHz,DDR4,247.4 RON
Patriot,Research,64 GB,6000 MHz,DDR5,1274.8 RON
ADATA,Realize,64 GB,3200 MHz,DDR4,1482.25 RON
Corsair,Able,4 GB,5600 MHz,DDR5,1381.96 RON
Patriot,All,8 GB,3600 MHz,DDR4,894.1 RON
HyperX,Trouble,8 GB,3600 MHz,DDR4,1477.97 RON
Kingston,Out,4 GB,3000 MHz,DDR4,99.1 RON
Patriot,Yeah,4 GB,2133 MHz,DDR4,927.36 RON
Patriot,Figure,32 GB,3200 MHz,DDR4,967.4 RON
Crucial,Through,64 GB,2400 MHz,DDR4,207.56 RON
Crucial,Expect,64 GB,3600 MHz,DDR4,437.42 RON
HyperX,Happy,8 GB,2133 MHz,DDR4,1383.1 RON
Patriot,Become,8 GB,3600 MHz,DDR4,104.35 RON
Crucial,Bank,16 GB,3600 MHz,DDR4,517.65 RON
Corsair,Wait,8 GB,3000 MHz,DDR4,464.84 RON
Kingston,Dream,64 GB,6000 MHz,DDR5,251.49 RON
ADATA,Throughout,32 GB,2400 MHz,DDR4,1080.42 RON
Crucial,Agent,4 GB,5200 MHz,DDR5,897.92 RON
G.Skill,Table,8 GB,3000 MHz,DDR4,366.58 RON
ADATA,Or,32 GB,5200 MHz,DDR5,908.4 RON
Patriot,Great,4 GB,6000 MHz,DDR5,1329.69 RON
Corsair,Thought,64 GB,3000 MHz,DDR4,205.6 RON
Kingston,Just,8 GB,2133 MHz,DDR4,753.6 RON
HyperX,Catch,8 GB,5200 MHz,DDR5,1485.15 RON
Corsair,On,64 GB,2400 MHz,DDR4,634.9 RON
G.Skill,Military,16 GB,5600 MHz,DDR5,131.26 RON
Corsair,Nice,32 GB,3600 MHz,DDR4,943.79 RON
HyperX,Anything,16 GB,3600 MHz,DDR4,861.75 RON
Corsair,It,8 GB,2133 MHz,DDR4,820.99 RON
Corsair,Even,4 GB,6000 MHz,DDR5,1447.78 RON
G.Skill,Show,32 GB,3200 MHz,DDR4,1464.81 RON
Crucial,They,32 GB,3200 MHz,DDR4,401.31 RON
ADATA,Drop,4 GB,2400 MHz,DDR4,748.01 RON
HyperX,Final,32 GB,2400 MHz,DDR4,808.03 RON
Patriot,Beat,64 GB,6000 MHz,DDR5,1279.48 RON
Patriot,More,4 GB,3200 MHz,DDR4,374.05 RON
G.Skill,State,32 GB,5200 MHz,DDR5,1398.37 RON
Patriot,Commercial,4 GB,2133 MHz,DDR4,996.87 RON
ADATA,Top,8 GB,2133 MHz,DDR4,1201.95 RON
Corsair,Real,32 GB,3600 MHz,DDR4,686.7 RON
Corsair,Manage,8 GB,3600 MHz,DDR4,860.25 RON
G.Skill,Again,4 GB,2666 MHz,DDR4,1002.71 RON
G.Skill,Music,64 GB,5600 MHz,DDR5,134.14 RON
Corsair,Experience,16 GB,3200 MHz,DDR4,93.07 RON
Corsair,Anything,32 GB,3600 MHz,DDR4,677.99 RON
Corsair,Tax,8 GB,6000 MHz,DDR5,1386.65 RON
Patriot,Position,8 GB,3200 MHz,DDR4,1313.27 RON
Kingston,Against,16 GB,5200 MHz,DDR5,1242.74 RON
G.Skill,Green,4 GB,5200 MHz,DDR5,572.58 RON
Kingston,Run,16 GB,5600 MHz,DDR5,363.52 RON
ADATA,Future,16 GB,3000 MHz,DDR4,1074.81 RON
Patriot,East,16 GB,3200 MHz,DDR4,621.33 RON
Crucial,Role,32 GB,2666 MHz,DDR4,1396.87 RON
Patriot,Either,32 GB,3600 MHz,DDR4,1001.85 RON
Patriot,Check,16 GB,3200 MHz,DDR4,1125.56 RON
HyperX,Plant,64 GB,3000 MHz,DDR4,909.65 RON
Corsair,Low,4 GB,5600 MHz,DDR5,1083.61 RON
Patriot,Need,16 GB,3200 MHz,DDR4,762.45 RON
Corsair,Interesting,8 GB,3200 MHz,DDR4,286.79 RON
Corsair,Sister,32 GB,5200 MHz,DDR5,141.36 RON
ADATA,Research,64 GB,3000 MHz,DDR4,504.71 RON
ADATA,Several,64 GB,3000 MHz,DDR4,754.02 RON
Corsair,Major,8 GB,2666 MHz,DDR4,557.23 RON
Crucial,Blood,64 GB,3000 MHz,DDR4,1413.94 RON
ADATA,Pull,32 GB,2400 MHz,DDR4,325.06 RON
HyperX,Rock,16 GB,5600 MHz,DDR5,819.49 RON
G.Skill,Reason,4 GB,2666 MHz,DDR4,1092.27 RON
Patriot,Collection,4 GB,2400 MHz,DDR4,1243.09 RON
Kingston,Democratic,32 GB,3200 MHz,DDR4,790.59 RON
G.Skill,Dog,8 GB,2133 MHz,DDR4,1156.47 RON
Kingston,Meet,16 GB,3000 MHz,DDR4,1451.88 RON
Kingston,Him,64 GB,3000 MHz,DDR4,1295.24 RON
Crucial,President,4 GB,3600 MHz,DDR4,225.0 RON
Corsair,Reveal,8 GB,3600 MHz,DDR4,876.71 RON
Patriot,Around,64 GB,3600 MHz,DDR4,567.57 RON
Corsair,So,64 GB,6000 MHz,DDR5,454.55 RON
Corsair,Back,8 GB,3000 MHz,DDR4,456.13 RON
HyperX,Add,4 GB,2133 MHz,DDR4,1076.32 RON
ADATA,Option,4 GB,2666 MHz,DDR4,318.67 RON
Corsair,Wind,8 GB,6000 MHz,DDR5,335.79 RON
HyperX,Meeting,64 GB,6000 MHz,DDR5,955.17 RON
Corsair,He,16 GB,2666 MHz,DDR4,1150.51 RON
HyperX,Kind,32 GB,2400 MHz,DDR4,844.74 RON
Patriot,Your,4 GB,3200 MHz,DDR4,236.48 RON
ADATA,Every,4 GB,3000 MHz,DDR4,603.11 RON
Patriot,Help,8 GB,3600 MHz,DDR4,610.28 RON
Patriot,Mind,16 GB,6000 MHz,DDR5,898.55 RON
Corsair,Start,16 GB,5600 MHz,DDR5,369.39 RON
Kingston,Television,32 GB,3000 MHz,DDR4,1272.94 RON
ADATA,Need,64 GB,3600 MHz,DDR4,225.03 RON
Patriot,Watch,16 GB,3000 MHz,DDR4,474.21 RON
Patriot,Knowledge,8 GB,3000 MHz,DDR4,641.55 RON
Kingston,Outside,4 GB,3000 MHz,DDR4,833.81 RON
Crucial,Education,64 GB,5600 MHz,DDR5,603.19 RON
G.Skill,Federal,4 GB,3200 MHz,DDR4,339.68 RON
ADATA,No,4 GB,3600 MHz,DDR4,130.91 RON
ADATA,Future,4 GB,3200 MHz,DDR4,1431.97 RON
Kingston,Need,64 GB,3200 MHz,DDR4,428.77 RON
HyperX,Event,4 GB,6000 MHz,DDR5,1341.13 RON
Corsair,Crime,8 GB,3000 MHz,DDR4,697.5 RON
ADATA,Start,16 GB,3000 MHz,DDR4,301.33 RON
ADATA,Nice,4 GB,2400 MHz,DDR4,159.3 RON
Crucial,Either,8 GB,3200 MHz,DDR4,641.09 RON
HyperX,Everyone,64 GB,3200 MHz,DDR4,1418.97 RON
Corsair,Rock,32 GB,5200 MHz,DDR5,649.85 RON
ADATA,Painting,16 GB,2400 MHz,DDR4,243.5 RON
Crucial,Police,16 GB,5200 MHz,DDR5,376.02 RON
G.Skill,Onto,8 GB,2666 MHz,DDR4,825.53 RON
Patriot,Speak,16 GB,5200 MHz,DDR5,1045.16 RON
Patriot,Job,8 GB,6000 MHz,DDR5,1105.01 RON
Kingston,Produce,8 GB,5200 MHz,DDR5,584.35 RON
G.Skill,Nearly,32 GB,2400 MHz,DDR4,630.27 RON
HyperX,Front,8 GB,3600 MHz,DDR4,94.67 RON
Crucial,Course,16 GB,3200 MHz,DDR4,1230.78 RON
G.Skill,Message,8 GB,2666 MHz,DDR4,129.19 RON
Kingston,Identify,8 GB,5200 MHz,DDR5,1489.18 RON
HyperX,Nor,4 GB,3200 MHz,DDR4,327.44 RON
G.Skill,Tv,4 GB,5200 MHz,DDR5,508.97 RON
ADATA,Politics,32 GB,3600 MHz,DDR4,1028.02 RON
Corsair,Piece,4 GB,5200 MHz,DDR5,961.48 RON
HyperX,Pick,32 GB,3000 MHz,DDR4,1180.29 RON
ADATA,Home,32 GB,3600 MHz,DDR4,1175.52 RON
Crucial,Toward,64 GB,6000 MHz,DDR5,848.88 RON
Kingston,Lead,4 GB,6000 MHz,DDR5,627.93 RON
G.Skill,Through,4 GB,3600 MHz,DDR4,1258.32 RON
ADATA,While,16 GB,6000 MHz,DDR5,556.12 RON
Crucial,Space,8 GB,3200 MHz,DDR4,1435.41 RON
HyperX,Station,64 GB,6000 MHz,DDR5,937.9 RON
HyperX,Toward,16 GB,2133 MHz,DDR4,1435.54 RON
Kingston,Movie,32 GB,2400 MHz,DDR4,1498.77 RON
ADATA,Operation,4 GB,5200 MHz,DDR5,1233.02 RON
ADATA,From,32 GB,2666 MHz,DDR4,1206.54 RON
Crucial,Draw,32 GB,6000 MHz,DDR5,918.84 RON
HyperX,Knowledge,8 GB,2666 MHz,DDR4,649.16 RON
Crucial,Send,16 GB,5200 MHz,DDR5,782.6 RON
G.Skill,Partner,16 GB,3000 MHz,DDR4,445.62 RON
G.Skill,Create,32 GB,2133 MHz,DDR4,1092.3 RON
Kingston,Chair,64 GB,5200 MHz,DDR5,434.2 RON
Patriot,Might,32 GB,6000 MHz,DDR5,659.54 RON
Kingston,Song,32 GB,6000 MHz,DDR5,352.56 RON
G.Skill,Past,16 GB,2666 MHz,DDR4,381.29 RON
Patriot,Best,4 GB,3600 MHz,DDR4,748.54 RON
Crucial,Care,4 GB,5600 MHz,DDR5,1316.7 RON
Kingston,Mouth,4 GB,5600 MHz,DDR5,897.24 RON
ADATA,City,4 GB,2400 MHz,DDR4,826.21 RON
Corsair,Hot,64 GB,5200 MHz,DDR5,910.19 RON
ADATA,Around,32 GB,2133 MHz,DDR4,439.58 RON
HyperX,Television,32 GB,2133 MHz,DDR4,190.67 RON
Patriot,Mr,32 GB,5600 MHz,DDR5,1451.2 RON
G.Skill,Because,64 GB,6000 MHz,DDR5,411.38 RON
G.Skill,Boy,4 GB,6000 MHz,DDR5,193.14 RON
Kingston,Color,4 GB,3200 MHz,DDR4,961.33 RON
Corsair,Couple,16 GB,3600 MHz,DDR4,449.66 RON
ADATA,Hear,16 GB,3000 MHz,DDR4,679.57 RON
HyperX,Garden,32 GB,5600 MHz,DDR5,290.7 RON
Crucial,Word,16 GB,2133 MHz,DDR4,789.64 RON
HyperX,Less,4 GB,2133 MHz,DDR4,1097.66 RON
G.Skill,Behind,8 GB,5200 MHz,DDR5,661.24 RON
HyperX,Quite,4 GB,3200 MHz,DDR4,144.9 RON
Kingston,Since,4 GB,2133 MHz,DDR4,1478.72 RON
Corsair,Cut,8 GB,5600 MHz,DDR5,1426.59 RON
HyperX,Conference,64 GB,5200 MHz,DDR5,106.39 RON
Patriot,Ahead,32 GB,3000 MHz,DDR4,854.63 RON
Crucial,Impact,32 GB,3200 MHz,DDR4,536.4 RON
Patriot,Option,4 GB,2400 MHz,DDR4,90.97 RON
Kingston,Tend,16 GB,3600 MHz,DDR4,1316.71 RON
Patriot,Today,16 GB,3600 MHz,DDR4,347.61 RON
G.Skill,Partner,16 GB,2666 MHz,DDR4,690.08 RON
Patriot,Move,8 GB,2133 MHz,DDR4,752.65 RON
G.Skill,Case,32 GB,6000 MHz,DDR5,862.41 RON
HyperX,Mean,64 GB,5200 MHz,DDR5,122.47 RON
ADATA,Them,8 GB,3600 MHz,DDR4,838.29 RON
ADATA,Chair,8 GB,3200 MHz,DDR4,565.52 RON
G.Skill,Player,16 GB,2133 MHz,DDR4,1052.85 RON
Crucial,Even,32 GB,2400 MHz,DDR4,151.77 RON
G.Skill,Report,32 GB,5600 MHz,DDR5,906.81 RON
Crucial,Remember,64 GB,5600 MHz,DDR5,1236.17 RON
HyperX,Scientist,4 GB,3600 MHz,DDR4,531.29 RON
Kingston,Any,8 GB,5200 MHz,DDR5,985.79 RON
Crucial,Have,8 GB,3000 MHz,DDR4,1160.37 RON
Corsair,Cost,32 GB,3600 MHz,DDR4,1395.86 RON
Corsair,Collection,64 GB,2133 MHz,DDR4,1094.39 RON
Kingston,Position,16 GB,2400 MHz,DDR4,220.01 RON
Kingston,Significant,4 GB,2133 MHz,DDR4,1055.38 RON
ADATA,Deep,4 GB,6000 MHz,DDR5,112.54 RON
Kingston,Though,8 GB,3600 MHz,DDR4,494.86 RON
G.Skill,None,16 GB,3200 MHz,DDR4,545.59 RON
Patriot,Total,16 GB,2133 MHz,DDR4,1221.07 RON
G.Skill,Table,32 GB,3600 MHz,DDR4,122.38 RON
G.Skill,Small,64 GB,3600 MHz,DDR4,1139.11 RON
Corsair,Western,64 GB,2400 MHz,DDR4,1274.95 RON
Crucial,Even,4 GB,2666 MHz,DDR4,1110.27 RON
ADATA,Walk,16 GB,3000 MHz,DDR4,657.19 RON
Corsair,National,64 GB,2400 MHz,DDR4,1004.84 RON
G.Skill,Wait,32 GB,3000 MHz,DDR4,139.41 RON
Corsair,Card,64 GB,3200 MHz,DDR4,1154.0 RON
Kingston,Continue,4 GB,2133 MHz,DDR4,351.92 RON
ADATA,Return,64 GB,3200 MHz,DDR4,318.6 RON
Kingston,Pretty,64 GB,5200 MHz,DDR5,95.7 RON
Crucial,Late,16 GB,6000 MHz,DDR5,1280.47 RON
Kingston,Exist,4 GB,3000 MHz,DDR4,928.02 RON
Crucial,Personal,32 GB,2666 MHz,DDR4,1033.14 RON
Patriot,Early,4 GB,3600 MHz,DDR4,766.75 RON
Corsair,Pick,4 GB,3000 MHz,DDR4,93.66 RON
ADATA,Join,64 GB,2133 MHz,DDR4,854.17 RON
Corsair,Talk,8 GB,2666 MHz,DDR4,926.57 RON
Kingston,Popular,32 GB,3000 MHz,DDR4,181.27 RON
G.Skill,Draw,32 GB,3200 MHz,DDR4,848.68 RON
Crucial,Type,8 GB,5200 MHz,DDR5,835.83 RON
HyperX,Region,16 GB,5200 MHz,DDR5,508.71 RON
Crucial,Technology,8 GB,2666 MHz,DDR4,1261.52 RON
Corsair,Military,64 GB,5600 MHz,DDR5,923.08 RON
Patriot,Simple,4 GB,3200 MHz,DDR4,1117.58 RON
ADATA,Put,8 GB,6000 MHz,DDR5,382.9 RON
G.Skill,Town,16 GB,3600 MHz,DDR4,633.31 RON
Crucial,Great,64 GB,3000 MHz,DDR4,421.0 RON
HyperX,Believe,16 GB,2133 MHz,DDR4,456.81 RON
HyperX,Raise,4 GB,2666 MHz,DDR4,691.54 RON
ADATA,College,64 GB,2133 MHz,DDR4,703.46 RON
Crucial,Huge,8 GB,2400 MHz,DDR4,1203.69 RON
G.Skill,Understand,64 GB,2133 MHz,DDR4,1277.56 RON
HyperX,Child,8 GB,3600 MHz,DDR4,345.25 RON
HyperX,Us,4 GB,3600 MHz,DDR4,1158.36 RON
ADATA,Picture,64 GB,2133 MHz,DDR4,306.53 RON
ADATA,From,4 GB,5600 MHz,DDR5,1461.79 RON
G.Skill,Instead,8 GB,2666 MHz,DDR4,1399.14 RON
Patriot,Last,4 GB,5600 MHz,DDR5,705.68 RON
Kingston,Get,16 GB,2400 MHz,DDR4,915.63 RON
Kingston,Wonder,32 GB,6000 MHz,DDR5,423.39 RON
ADATA,Move,8 GB,2400 MHz,DDR4,107.6 RON
HyperX,Husband,16 GB,6000 MHz,DDR5,1145.38 RON
Corsair,Rest,64 GB,5200 MHz,DDR5,1190.81 RON
HyperX,If,64 GB,2666 MHz,DDR4,1083.58 RON
Corsair,Four,64 GB,2400 MHz,DDR4,875.56 RON
HyperX,Sea,64 GB,3200 MHz,DDR4,783.44 RON
Patriot,Really,32 GB,5600 MHz,DDR5,1268.44 RON
ADATA,Why,16 GB,3600 MHz,DDR4,1205.04 RON
Patriot,Congress,64 GB,3600 MHz,DDR4,895.11 RON
Patriot,Allow,64 GB,2666 MHz,DDR4,1255.36 RON
Patriot,Development,8 GB,2400 MHz,DDR4,886.86 RON
Corsair,Agent,8 GB,3000 MHz,DDR4,821.61 RON
Crucial,Customer,16 GB,2666 MHz,DDR4,1169.63 RON
Patriot,Shoulder,16 GB,2133 MHz,DDR4,1355.93 RON
HyperX,Power,32 GB,6000 MHz,DDR5,1468.94 RON
Crucial,Fill,16 GB,3600 MHz,DDR4,1362.66 RON
Corsair,Would,16 GB,2133 MHz,DDR4,568.03 RON
G.Skill,Customer,32 GB,2400 MHz,DDR4,706.71 RON
Crucial,Body,32 GB,3000 MHz,DDR4,1408.64 RON
HyperX,Try,64 GB,2666 MHz,DDR4,1035.22 RON
Corsair,Day,64 GB,3000 MHz,DDR4,602.47 RON
Patriot,Box,8 GB,3000 MHz,DDR4,1044.95 RON
G.Skill,Appear,16 GB,5200 MHz,DDR5,1393.06 RON
Crucial,Rest,32 GB,5200 MHz,DDR5,941.15 RON
Corsair,Present,32 GB,3200 MHz,DDR4,1164.82 RON
Kingston,Education,4 GB,3600 MHz,DDR4,1132.3 RON
ADATA,Development,8 GB,2400 MHz,DDR4,989.2 RON
Crucial,Owner,4 GB,2133 MHz,DDR4,1457.01 RON
G.Skill,Again,32 GB,2133 MHz,DDR4,918.63 RON
ADATA,Learn,16 GB,5600 MHz,DDR5,525.38 RON
Kingston,Character,4 GB,6000 MHz,DDR5,495.95 RON
Patriot,Health,8 GB,3200 MHz,DDR4,552.97 RON
Kingston,Enjoy,64 GB,5600 MHz,DDR5,684.51 RON
G.Skill,Fire,64 GB,3600 MHz,DDR4,189.62 RON
Corsair,Everybody,4 GB,5200 MHz,DDR5,1183.98 RON
Crucial,Mr,4 GB,2400 MHz,DDR4,253.43 RON
G.Skill,Office,64 GB,3200 MHz,DDR4,437.31 RON
ADATA,Above,16 GB,5600 MHz,DDR5,874.1 RON
Crucial,Ever,16 GB,2400 MHz,DDR4,887.62 RON
Patriot,Option,32 GB,5200 MHz,DDR5,1308.15 RON
Kingston,Experience,4 GB,2666 MHz,DDR4,243.89 RON
Crucial,Myself,16 GB,2666 MHz,DDR4,227.71 RON
G.Skill,Way,16 GB,2666 MHz,DDR4,402.37 RON
Patriot,Food,8 GB,5600 MHz,DDR5,527.63 RON
Crucial,Run,16 GB,3600 MHz,DDR4,464.3 RON
Patriot,Dog,16 GB,3200 MHz,DDR4,1417.05 RON
Kingston,Kind,32 GB,3600 MHz,DDR4,1266.36 RON
ADATA,Provide,16 GB,3000 MHz,DDR4,1362.05 RON
G.Skill,Green,4 GB,5200 MHz,DDR5,732.58 RON
HyperX,Certainly,32 GB,5200 MHz,DDR5,951.98 RON
HyperX,Someone,32 GB,5200 MHz,DDR5,863.49 RON
HyperX,Commercial,32 GB,3000 MHz,DDR4,702.83 RON
Corsair,Speech,64 GB,2400 MHz,DDR4,571.76 RON
Crucial,Available,16 GB,3200 MHz,DDR4,909.84 RON
G.Skill,Gun,16 GB,3200 MHz,DDR4,194.5 RON
G.Skill,Plan,32 GB,3200 MHz,DDR4,758.82 RON
Kingston,Child,8 GB,5200 MHz,DDR5,655.05 RON
Corsair,Plan,16 GB,6000 MHz,DDR5,775.64 RON
Corsair,Apply,8 GB,2400 MHz,DDR4,814.32 RON
Patriot,Section,64 GB,3200 MHz,DDR4,142.58 RON
Patriot,Defense,16 GB,3600 MHz,DDR4,320.49 RON
Crucial,Too,8 GB,5600 MHz,DDR5,586.84 RON
Kingston,Hit,16 GB,3000 MHz,DDR4,110.16 RON
Corsair,Material,32 GB,6000 MHz,DDR5,1322.96 RON
HyperX,Church,8 GB,5600 MHz,DDR5,1006.11 RON
HyperX,Catch,64 GB,3000 MHz,DDR4,153.03 RON
Crucial,President,8 GB,2666 MHz,DDR4,1092.65 RON
Corsair,Hot,64 GB,6000 MHz,DDR5,189.44 RON
Patriot,Protect,64 GB,3200 MHz,DDR4,1229.83 RON
Corsair,Song,32 GB,5600 MHz,DDR5,760.8 RON
G.Skill,Particular,64 GB,5200 MHz,DDR5,1000.44 RON
Patriot,In,64 GB,2666 MHz,DDR4,715.3 RON
Crucial,Support,64 GB,2133 MHz,DDR4,1127.2 RON
HyperX,Far,16 GB,5200 MHz,DDR5,1485.85 RON
HyperX,Tell,4 GB,5600 MHz,DDR5,1072.94 RON
HyperX,Fear,32 GB,3600 MHz,DDR4,795.98 RON
G.Skill,General,8 GB,2666 MHz,DDR4,90.03 RON
HyperX,Rate,64 GB,2400 MHz,DDR4,396.62 RON
G.Skill,Say,16 GB,2133 MHz,DDR4,858.35 RON
ADATA,Common,8 GB,5200 MHz,DDR5,270.45 RON
Crucial,Worker,64 GB,5200 MHz,DDR5,1048.58 RON
ADATA,Draw,8 GB,3200 MHz,DDR4,1497.95 RON
Crucial,Edge,64 GB,2400 MHz,DDR4,480.77 RON
HyperX,Free,4 GB,5200 MHz,DDR5,959.89 RON
ADATA,Throughout,8 GB,2133 MHz,DDR4,1340.99 RON
HyperX,Animal,32 GB,2133 MHz,DDR4,1003.93 RON
ADATA,Which,64 GB,3000 MHz,DDR4,632.12 RON
G.Skill,Behavior,32 GB,3200 MHz,DDR4,126.97 RON
Kingston,Point,32 GB,2666 MHz,DDR4,959.72 RON
Crucial,Save,64 GB,3000 MHz,DDR4,678.14 RON
ADATA,Thing,8 GB,2400 MHz,DDR4,929.52 RON
Kingston,Usually,8 GB,3200 MHz,DDR4,1249.11 RON
Corsair,Who,32 GB,5600 MHz,DDR5,645.15 RON
ADATA,Exactly,64 GB,2133 MHz,DDR4,1385.64 RON
Kingston,Right,32 GB,2400 MHz,DDR4,1315.56 RON
G.Skill,Pay,64 GB,5200 MHz,DDR5,453.82 RON
Corsair,Order,16 GB,3000 MHz,DDR4,1367.28 RON
HyperX,Themselves,16 GB,2133 MHz,DDR4,1368.81 RON
HyperX,Majority,8 GB,6000 MHz,DDR5,326.93 RON
Corsair,After,16 GB,2133 MHz,DDR4,1404.1 RON
ADATA,Father,4 GB,5600 MHz,DDR5,464.16 RON
Patriot,Current,16 GB,2400 MHz,DDR4,978.91 RON
Kingston,Develop,32 GB,2400 MHz,DDR4,491.63 RON
Corsair,Animal,16 GB,5200 MHz,DDR5,1370.55 RON
Corsair,Rock,16 GB,2666 MHz,DDR4,263.91 RON
HyperX,Message,4 GB,2400 MHz,DDR4,1022.97 RON
Patriot,Kind,8 GB,5200 MHz,DDR5,539.45 RON
Corsair,If,4 GB,3000 MHz,DDR4,266.33 RON
HyperX,See,8 GB,5200 MHz,DDR5,1093.89 RON
Patriot,School,8 GB,3600 MHz,DDR4,1116.23 RON
Kingston,Provide,16 GB,2666 MHz,DDR4,225.56 RON
Crucial,Senior,64 GB,2666 MHz,DDR4,791.62 RON
ADATA,Prevent,8 GB,3000 MHz,DDR4,1299.77 RON
ADATA,Executive,4 GB,3600 MHz,DDR4,696.78 RON
ADATA,Question,8 GB,2400 MHz,DDR4,1375.93 RON
Crucial,Church,32 GB,6000 MHz,DDR5,145.88 RON
Crucial,All,64 GB,2133 MHz,DDR4,506.17 RON
ADATA,Significant,32 GB,3200 MHz,DDR4,1068.57 RON
Crucial,Base,4 GB,5600 MHz,DDR5,891.79 RON
Corsair,Economy,16 GB,6000 MHz,DDR5,1325.07 RON
ADATA,Must,64 GB,5200 MHz,DDR5,355.35 RON
Patriot,It,8 GB,5600 MHz,DDR5,380.32 RON
Corsair,Subject,64 GB,5200 MHz,DDR5,233.01 RON
Kingston,Special,4 GB,6000 MHz,DDR5,1371.76 RON
ADATA,Always,4 GB,3600 MHz,DDR4,1232.97 RON
Kingston,Mean,64 GB,5200 MHz,DDR5,733.77 RON
Kingston,Season,16 GB,3200 MHz,DDR4,1444.93 RON
HyperX,Court,32 GB,2133 MHz,DDR4,206.87 RON
G.Skill,Position,4 GB,2666 MHz,DDR4,768.38 RON
HyperX,Under,4 GB,3600 MHz,DDR4,1189.43 RON
HyperX,Meet,8 GB,2666 MHz,DDR4,272.01 RON
Kingston,Guy,8 GB,5600 MHz,DDR5,980.2 RON
Patriot,Not,64 GB,3000 MHz,DDR4,1294.51 RON
Crucial,Less,32 GB,6000 MHz,DDR5,958.04 RON
ADATA,Mouth,4 GB,6000 MHz,DDR5,690.85 RON
Patriot,Threat,4 GB,2666 MHz,DDR4,1002.74 RON
ADATA,Middle,64 GB,2666 MHz,DDR4,282.6 RON
Patriot,Mother,8 GB,2666 MHz,DDR4,1157.48 RON
Corsair,This,32 GB,5200 MHz,DDR5,606.09 RON
Crucial,Book,32 GB,3000 MHz,DDR4,1088.32 RON
Patriot,Recently,64 GB,3600 MHz,DDR4,1454.8 RON
Corsair,Enter,16 GB,2666 MHz,DDR4,1283.09 RON
Patriot,Fast,4 GB,3600 MHz,DDR4,1214.75 RON
Patriot,History,32 GB,5200 MHz,DDR5,1471.73 RON
Corsair,Hotel,4 GB,6000 MHz,DDR5,719.25 RON
Crucial,Style,32 GB,6000 MHz,DDR5,564.73 RON
HyperX,Class,8 GB,5200 MHz,DDR5,309.67 RON
ADATA,Citizen,64 GB,2400 MHz,DDR4,1406.48 RON
Crucial,Real,32 GB,5600 MHz,DDR5,1012.16 RON
Kingston,Office,64 GB,6000 MHz,DDR5,1472.82 RON
HyperX,Carry,8 GB,3600 MHz,DDR4,669.27 RON
HyperX,Serious,32 GB,3000 MHz,DDR4,1442.35 RON
HyperX,We,64 GB,5600 MHz,DDR5,1097.54 RON
HyperX,Painting,64 GB,2400 MHz,DDR4,735.7 RON
Kingston,Yes,4 GB,2400 MHz,DDR4,592.46 RON
ADATA,Consumer,64 GB,3000 MHz,DDR4,1401.66 RON
Patriot,Coach,8 GB,3200 MHz,DDR4,1062.92 RON
Kingston,Bar,16 GB,5600 MHz,DDR5,1257.09 RON
ADATA,Allow,32 GB,6000 MHz,DDR5,551.18 RON
ADATA,Policy,8 GB,3200 MHz,DDR4,1361.43 RON
Crucial,Strategy,64 GB,3000 MHz,DDR4,426.7 RON
Kingston,You,4 GB,3200 MHz,DDR4,793.5 RON
Patriot,Another,32 GB,3000 MHz,DDR4,460.85 RON
ADATA,All,16 GB,5200 MHz,DDR5,1353.4 RON
ADATA,Drop,64 GB,6000 MHz,DDR5,984.83 RON
HyperX,Pull,64 GB,3200 MHz,DDR4,713.17 RON
G.Skill,Different,4 GB,3600 MHz,DDR4,1303.45 RON
Corsair,Control,8 GB,6000 MHz,DDR5,369.51 RON
HyperX,Last,8 GB,3200 MHz,DDR4,1318.81 RON
HyperX,System,8 GB,6000 MHz,DDR5,895.71 RON
Crucial,Listen,4 GB,3600 MHz,DDR4,854.32 RON
G.Skill,Happen,8 GB,3000 MHz,DDR4,987.27 RON
Crucial,Something,8 GB,5200 MHz,DDR5,742.04 RON
HyperX,Air,32 GB,5600 MHz,DDR5,1409.57 RON
G.Skill,Current,4 GB,5600 MHz,DDR5,1126.45 RON
Kingston,Place,32 GB,2400 MHz,DDR4,427.93 RON
Kingston,Sound,8 GB,2666 MHz,DDR4,1224.29 RON
Kingston,Capital,64 GB,2133 MHz,DDR4,507.37 RON
Crucial,Decide,8 GB,2400 MHz,DDR4,507.4 RON
G.Skill,Mother,32 GB,6000 MHz,DDR5,1283.79 RON
Crucial,Develop,8 GB,6000 MHz,DDR5,637.98 RON
Corsair,Lead,32 GB,2133 MHz,DDR4,330.52 RON
G.Skill,Open,8 GB,2400 MHz,DDR4,1211.54 RON
ADATA,Sing,4 GB,5200 MHz,DDR5,525.26 RON
Crucial,Sound,32 GB,2666 MHz,DDR4,103.1 RON
Patriot,Study,8 GB,2666 MHz,DDR4,880.85 RON
ADATA,Two,16 GB,3600 MHz,DDR4,561.57 RON
Crucial,Need,64 GB,3000 MHz,DDR4,987.7 RON
Patriot,Agree,8 GB,2400 MHz,DDR4,1336.22 RON
G.Skill,Message,32 GB,2666 MHz,DDR4,676.03 RON
ADATA,To,4 GB,6000 MHz,DDR5,641.26 RON
HyperX,Bit,16 GB,2133 MHz,DDR4,396.44 RON
Crucial,Action,32 GB,2400 MHz,DDR4,1462.85 RON
Corsair,Pressure,16 GB,2133 MHz,DDR4,592.97 RON
Crucial,Improve,4 GB,2133 MHz,DDR4,846.74 RON
Corsair,Suffer,4 GB,2400 MHz,DDR4,934.58 RON
HyperX,Bill,8 GB,6000 MHz,DDR5,813.7 RON
G.Skill,Get,64 GB,2133 MHz,DDR4,276.4 RON
Patriot,Natural,8 GB,3000 MHz,DDR4,1484.31 RON
Crucial,Work,4 GB,3200 MHz,DDR4,328.54 RON
Corsair,Picture,64 GB,5600 MHz,DDR5,1332.42 RON
Corsair,Month,64 GB,2666 MHz,DDR4,193.85 RON
Kingston,Popular,64 GB,2133 MHz,DDR4,422.33 RON
Crucial,Form,32 GB,5600 MHz,DDR5,1471.25 RON
Crucial,Him,16 GB,2400 MHz,DDR4,209.21 RON
ADATA,Deal,4 GB,5600 MHz,DDR5,135.65 RON
Corsair,Possible,4 GB,2133 MHz,DDR4,242.0 RON
G.Skill,Which,16 GB,5200 MHz,DDR5,1099.09 RON
Crucial,Nature,32 GB,2666 MHz,DDR4,1259.6 RON
Patriot,Throw,32 GB,3000 MHz,DDR4,1188.07 RON
Corsair,Organization,8 GB,3200 MHz,DDR4,635.76 RON
HyperX,Character,32 GB,2666 MHz,DDR4,98.09 RON
HyperX,Change,32 GB,2666 MHz,DDR4,1447.3 RON
Crucial,Past,16 GB,5200 MHz,DDR5,825.23 RON
G.Skill,Mouth,8 GB,2133 MHz,DDR4,1494.89 RON
Kingston,Poor,8 GB,2133 MHz,DDR4,1111.17 RON
HyperX,Baby,4 GB,2133 MHz,DDR4,197.78 RON
Patriot,Figure,16 GB,3200 MHz,DDR4,1138.36 RON
HyperX,Prepare,8 GB,5200 MHz,DDR5,876.47 RON
Crucial,Business,8 GB,3000 MHz,DDR4,961.42 RON
ADATA,Purpose,4 GB,3600 MHz,DDR4,665.16 RON
ADATA,Dinner,64 GB,2400 MHz,DDR4,724.73 RON
HyperX,Interest,8 GB,3600 MHz,DDR4,99.95 RON
Corsair,Ahead,8 GB,6000 MHz,DDR5,1471.91 RON
G.Skill,Air,4 GB,5200 MHz,DDR5,644.46 RON
Crucial,Million,16 GB,3000 MHz,DDR4,1177.26 RON
G.Skill,Agree,8 GB,6000 MHz,DDR5,991.14 RON
Crucial,Spring,4 GB,3600 MHz,DDR4,623.45 RON
Crucial,Office,32 GB,3000 MHz,DDR4,806.46 RON
Patriot,Medical,4 GB,5600 MHz,DDR5,1237.9 RON
G.Skill,Skin,64 GB,2666 MHz,DDR4,1046.63 RON
Crucial,Stay,32 GB,3000 MHz,DDR4,993.91 RON
G.Skill,Kitchen,8 GB,2400 MHz,DDR4,375.6 RON
HyperX,Travel,8 GB,3000 MHz,DDR4,1268.59 RON
Crucial,East,32 GB,3200 MHz,DDR4,758.13 RON
Corsair,Physical,64 GB,2133 MHz,DDR4,1027.16 RON
Patriot,Indicate,64 GB,5200 MHz,DDR5,796.48 RON
ADATA,Specific,16 GB,3600 MHz,DDR4,782.12 RON
ADATA,Tax,32 GB,3200 MHz,DDR4,857.89 RON
Corsair,Have,4 GB,3600 MHz,DDR4,283.84 RON
Corsair,Only,64 GB,5600 MHz,DDR5,339.46 RON
G.Skill,Ten,16 GB,3600 MHz,DDR4,573.62 RON
Corsair,Yeah,16 GB,2133 MHz,DDR4,794.17 RON
Kingston,Maintain,8 GB,2666 MHz,DDR4,468.47 RON
Kingston,Stock,4 GB,2400 MHz,DDR4,572.65 RON
Patriot,Election,8 GB,5200 MHz,DDR5,782.38 RON
ADATA,Box,8 GB,3600 MHz,DDR4,310.86 RON
HyperX,Medical,64 GB,2400 MHz,DDR4,1001.42 RON
Kingston,Others,4 GB,2400 MHz,DDR4,792.9 RON
Corsair,Activity,4 GB,2400 MHz,DDR4,1080.56 RON
HyperX,Attorney,64 GB,2666 MHz,DDR4,816.85 RON
HyperX,Fill,16 GB,3200 MHz,DDR4,342.53 RON
Corsair,Discussion,32 GB,6000 MHz,DDR5,1292.11 RON
HyperX,Property,64 GB,2400 MHz,DDR4,323.29 RON
HyperX,Draw,4 GB,3200 MHz,DDR4,1321.52 RON
Crucial,Pressure,16 GB,5600 MHz,DDR5,1205.06 RON
ADATA,Represent,64 GB,3000 MHz,DDR4,1059.86 RON
ADATA,Expect,32 GB,3600 MHz,DDR4,1028.03 RON
Crucial,More,4 GB,2133 MHz,DDR4,710.62 RON
Patriot,Begin,16 GB,2400 MHz,DDR4,308.59 RON
Patriot,Others,4 GB,6000 MHz,DDR5,1372.91 RON
ADATA,Send,32 GB,3600 MHz,DDR4,1478.32 RON
HyperX,Table,8 GB,3000 MHz,DDR4,1086.58 RON
Corsair,Final,64 GB,2133 MHz,DDR4,210.56 RON
Patriot,Month,16 GB,2666 MHz,DDR4,414.84 RON
ADATA,Have,8 GB,2133 MHz,DDR4,259.63 RON
G.Skill,Heart,16 GB,2400 MHz,DDR4,1091.82 RON
Corsair,Finally,16 GB,3600 MHz,DDR4,641.59 RON
HyperX,Scientist,4 GB,3000 MHz,DDR4,736.04 RON
Corsair,Anyone,64 GB,2666 MHz,DDR4,525.32 RON
Patriot,Stuff,16 GB,3600 MHz,DDR4,543.81 RON
Kingston,Green,16 GB,3000 MHz,DDR4,310.85 RON
Kingston,State,8 GB,5200 MHz,DDR5,683.47 RON
HyperX,See,8 GB,5200 MHz,DDR5,1446.99 RON
Crucial,Nice,64 GB,3000 MHz,DDR4,376.71 RON
Crucial,Compare,4 GB,2400 MHz,DDR4,457.94 RON
Kingston,Management,32 GB,3600 MHz,DDR4,446.28 RON
Kingston,Shoulder,32 GB,3000 MHz,DDR4,199.09 RON
Crucial,Place,64 GB,2400 MHz,DDR4,1266.37 RON
Crucial,Huge,64 GB,3200 MHz,DDR4,1100.94 RON
G.Skill,Sense,4 GB,2666 MHz,DDR4,1294.28 RON
Crucial,Oil,64 GB,6000 MHz,DDR5,960.95 RON
Patriot,Theory,8 GB,5600 MHz,DDR5,464.8 RON
Crucial,Style,64 GB,3600 MHz,DDR4,1401.74 RON
G.Skill,Interview,4 GB,2133 MHz,DDR4,1102.8 RON
G.Skill,Significant,64 GB,6000 MHz,DDR5,1160.69 RON
Kingston,However,64 GB,6000 MHz,DDR5,1056.48 RON
Kingston,Modern,64 GB,3600 MHz,DDR4,567.65 RON
Crucial,Court,32 GB,2666 MHz,DDR4,1482.75 RON
Patriot,Office,64 GB,3200 MHz,DDR4,1248.54 RON
Crucial,Specific,16 GB,3000 MHz,DDR4,786.73 RON
ADATA,Around,4 GB,2666 MHz,DDR4,379.36 RON
Kingston,Every,8 GB,6000 MHz,DDR5,1310.15 RON
G.Skill,Relationship,64 GB,3000 MHz,DDR4,934.22 RON
ADATA,Apply,32 GB,5200 MHz,DDR5,94.15 RON
G.Skill,Fast,8 GB,3600 MHz,DDR4,297.78 RON
G.Skill,Item,4 GB,5600 MHz,DDR5,1145.3 RON
HyperX,Try,8 GB,2400 MHz,DDR4,819.61 RON
G.Skill,Wear,4 GB,2400 MHz,DDR4,757.54 RON
ADATA,News,16 GB,3600 MHz,DDR4,351.44 RON
Corsair,Staff,16 GB,5200 MHz,DDR5,200.11 RON
HyperX,Majority,8 GB,6000 MHz,DDR5,152.97 RON
ADATA,Community,16 GB,5600 MHz,DDR5,1423.37 RON
Crucial,First,16 GB,3000 MHz,DDR4,492.18 RON
Kingston,Draw,8 GB,3600 MHz,DDR4,575.17 RON
HyperX,Brother,64 GB,3600 MHz,DDR4,734.57 RON
Kingston,Week,8 GB,2666 MHz,DDR4,1132.96 RON
G.Skill,Partner,64 GB,3000 MHz,DDR4,541.59 RON
Crucial,Modern,32 GB,5600 MHz,DDR5,920.25 RON
Kingston,Mother,32 GB,2666 MHz,DDR4,539.36 RON
Crucial,Throughout,16 GB,5600 MHz,DDR5,441.97 RON
G.Skill,Out,32 GB,3000 MHz,DDR4,122.68 RON
HyperX,Foreign,8 GB,3000 MHz,DDR4,631.65 RON
Patriot,Game,4 GB,5600 MHz,DDR5,867.43 RON
Crucial,Executive,16 GB,3600 MHz,DDR4,1251.1 RON
ADATA,Reduce,32 GB,6000 MHz,DDR5,576.84 RON
Corsair,Today,4 GB,2400 MHz,DDR4,807.81 RON
G.Skill,Memory,8 GB,2400 MHz,DDR4,1089.83 RON
Kingston,Manager,32 GB,2666 MHz,DDR4,1146.16 RON
G.Skill,Social,64 GB,6000 MHz,DDR5,418.64 RON
Crucial,Exactly,4 GB,6000 MHz,DDR5,260.91 RON
Crucial,Play,8 GB,3000 MHz,DDR4,992.26 RON
ADATA,Teacher,8 GB,2133 MHz,DDR4,1400.69 RON
G.Skill,Stop,4 GB,3200 MHz,DDR4,443.02 RON
Patriot,Nation,32 GB,3000 MHz,DDR4,626.24 RON
Crucial,American,32 GB,6000 MHz,DDR5,1303.6 RON
ADATA,Different,32 GB,3200 MHz,DDR4,1062.11 RON
Corsair,Exactly,8 GB,2666 MHz,DDR4,1413.55 RON
Corsair,Purpose,64 GB,3000 MHz,DDR4,1011.0 RON
HyperX,Nor,8 GB,3200 MHz,DDR4,312.29 RON
G.Skill,Five,16 GB,3000 MHz,DDR4,573.63 RON
Corsair,Born,16 GB,6000 MHz,DDR5,1394.93 RON
Kingston,Program,16 GB,2400 MHz,DDR4,495.76 RON
HyperX,Seem,8 GB,5200 MHz,DDR5,982.52 RON
HyperX,Long,16 GB,2400 MHz,DDR4,1145.86 RON
Patriot,Film,16 GB,2400 MHz,DDR4,1463.8 RON
HyperX,Spring,64 GB,6000 MHz,DDR5,151.56 RON
ADATA,Might,32 GB,2400 MHz,DDR4,668.3 RON
Patriot,Analysis,16 GB,2133 MHz,DDR4,478.91 RON
HyperX,Born,32 GB,2400 MHz,DDR4,1361.6 RON
Kingston,May,8 GB,2666 MHz,DDR4,1044.66 RON
Crucial,Probably,16 GB,3600 MHz,DDR4,182.09 RON
Corsair,Hope,64 GB,6000 MHz,DDR5,625.49 RON
Crucial,Hope,64 GB,3000 MHz,DDR4,718.01 RON
ADATA,Three,32 GB,6000 MHz,DDR5,1253.49 RON
ADATA,Ask,32 GB,5600 MHz,DDR5,1156.62 RON
G.Skill,Cell,32 GB,5600 MHz,DDR5,870.68 RON
Corsair,Wish,8 GB,3000 MHz,DDR4,525.02 RON
Corsair,Common,32 GB,2133 MHz,DDR4,488.06 RON
Corsair,People,8 GB,3000 MHz,DDR4,423.22 RON
Patriot,Look,8 GB,2400 MHz,DDR4,84.04 RON
G.Skill,Least,64 GB,3000 MHz,DDR4,269.06 RON
Kingston,Budget,16 GB,2666 MHz,DDR4,1445.87 RON
HyperX,Author,8 GB,3600 MHz,DDR4,943.64 RON
Patriot,Less,16 GB,2400 MHz,DDR4,382.49 RON
ADATA,Medical,8 GB,2400 MHz,DDR4,1106.88 RON
Kingston,Current,64 GB,3600 MHz,DDR4,1034.56 RON
Corsair,Ahead,32 GB,5600 MHz,DDR5,277.5 RON
ADATA,Customer,4 GB,5600 MHz,DDR5,1331.9 RON
G.Skill,Lay,8 GB,6000 MHz,DDR5,419.82 RON
Kingston,Eye,4 GB,2133 MHz,DDR4,207.37 RON
HyperX,Decade,64 GB,2666 MHz,DDR4,1200.09 RON
Corsair,Discuss,8 GB,6000 MHz,DDR5,145.69 RON
Corsair,Establish,64 GB,3200 MHz,DDR4,1410.52 RON
Crucial,Many,4 GB,2666 MHz,DDR4,1209.07 RON
HyperX,However,8 GB,2666 MHz,DDR4,949.24 RON
Kingston,Low,64 GB,2133 MHz,DDR4,1397.43 RON
Crucial,Care,4 GB,6000 MHz,DDR5,1090.1 RON
Kingston,Quite,8 GB,6000 MHz,DDR5,986.58 RON
G.Skill,Worker,4 GB,5600 MHz,DDR5,318.83 RON
Patriot,Message,4 GB,3000 MHz,DDR4,1470.39 RON
Kingston,By,64 GB,3000 MHz,DDR4,1025.73 RON
Crucial,Arm,32 GB,3600 MHz,DDR4,1311.87 RON
Kingston,Everyone,64 GB,2400 MHz,DDR4,214.2 RON
Crucial,Water,16 GB,5600 MHz,DDR5,570.15 RON
G.Skill,Than,4 GB,5200 MHz,DDR5,226.39 RON
Corsair,Marriage,4 GB,2133 MHz,DDR4,1378.8 RON
HyperX,Garden,32 GB,5600 MHz,DDR5,443.47 RON
Kingston,Positive,4 GB,5600 MHz,DDR5,1210.67 RON
Patriot,Run,16 GB,2666 MHz,DDR4,1142.46 RON
ADATA,Own,64 GB,5600 MHz,DDR5,1254.72 RON
Corsair,Far,8 GB,2666 MHz,DDR4,1264.92 RON
G.Skill,Want,4 GB,3000 MHz,DDR4,1147.48 RON
Crucial,Must,4 GB,5600 MHz,DDR5,1212.31 RON
Kingston,Wind,8 GB,3600 MHz,DDR4,1115.07 RON
Kingston,Painting,8 GB,3000 MHz,DDR4,1264.1 RON
Crucial,Former,64 GB,5200 MHz,DDR5,758.82 RON
Crucial,Word,16 GB,3200 MHz,DDR4,177.52 RON
HyperX,Authority,4 GB,6000 MHz,DDR5,552.11 RON
Patriot,Meet,32 GB,3600 MHz,DDR4,1096.72 RON
HyperX,Forward,64 GB,2133 MHz,DDR4,461.91 RON
Corsair,Life,16 GB,2400 MHz,DDR4,766.87 RON
Patriot,Section,4 GB,5200 MHz,DDR5,597.5 RON
ADATA,Provide,8 GB,3000 MHz,DDR4,1187.86 RON
HyperX,Director,8 GB,3000 MHz,DDR4,525.83 RON
G.Skill,Also,32 GB,5600 MHz,DDR5,1269.92 RON
Kingston,Another,16 GB,2133 MHz,DDR4,1076.57 RON
ADATA,Grow,32 GB,5600 MHz,DDR5,493.9 RON
Kingston,Really,8 GB,5200 MHz,DDR5,1072.85 RON
Kingston,Same,4 GB,6000 MHz,DDR5,555.9 RON
Kingston,Too,32 GB,3000 MHz,DDR4,1499.22 RON
Patriot,Cut,64 GB,5600 MHz,DDR5,1356.15 RON
Corsair,Question,32 GB,5200 MHz,DDR5,783.52 RON
ADATA,Some,16 GB,2133 MHz,DDR4,895.44 RON
G.Skill,Home,4 GB,5200 MHz,DDR5,942.73 RON
HyperX,Concern,32 GB,3000 MHz,DDR4,1197.0 RON
Corsair,Network,4 GB,3600 MHz,DDR4,223.44 RON
ADATA,Without,16 GB,2666 MHz,DDR4,689.94 RON
HyperX,Hotel,64 GB,5600 MHz,DDR5,780.48 RON
Corsair,Consider,4 GB,2400 MHz,DDR4,833.47 RON
Corsair,You,8 GB,2666 MHz,DDR4,1351.62 RON
Patriot,Check,64 GB,3000 MHz,DDR4,1007.16 RON
Kingston,Understand,64 GB,2400 MHz,DDR4,1376.02 RON
HyperX,Cause,16 GB,6000 MHz,DDR5,944.25 RON
Crucial,Employee,16 GB,5200 MHz,DDR5,416.22 RON
Corsair,Test,8 GB,3200 MHz,DDR4,353.45 RON
ADATA,Arrive,8 GB,5600 MHz,DDR5,1118.37 RON
HyperX,Debate,64 GB,6000 MHz,DDR5,1209.77 RON
HyperX,Song,4 GB,2133 MHz,DDR4,1456.58 RON
Kingston,Create,8 GB,6000 MHz,DDR5,929.03 RON
Crucial,Cup,16 GB,3000 MHz,DDR4,191.65 RON
ADATA,Significant,8 GB,6000 MHz,DDR5,1165.05 RON
Crucial,Chair,16 GB,5200 MHz,DDR5,354.63 RON
G.Skill,Miss,8 GB,2666 MHz,DDR4,763.44 RON
HyperX,Measure,8 GB,2400 MHz,DDR4,556.03 RON
Patriot,Our,64 GB,3200 MHz,DDR4,492.55 RON
Kingston,Benefit,8 GB,2133 MHz,DDR4,1297.57 RON
Corsair,Southern,32 GB,5600 MHz,DDR5,1185.16 RON
Crucial,Still,4 GB,2400 MHz,DDR4,186.98 RON
G.Skill,Government,16 GB,3600 MHz,DDR4,435.28 RON
ADATA,Culture,16 GB,2400 MHz,DDR4,761.86 RON
Kingston,Value,32 GB,5200 MHz,DDR5,1046.35 RON
HyperX,Source,16 GB,2133 MHz,DDR4,1112.18 RON
G.Skill,Yeah,16 GB,2666 MHz,DDR4,1205.4 RON
HyperX,Tv,32 GB,2666 MHz,DDR4,1241.06 RON
ADATA,Value,32 GB,2666 MHz,DDR4,1007.92 RON
HyperX,Century,32 GB,2666 MHz,DDR4,1181.18 RON
Patriot,Just,16 GB,5200 MHz,DDR5,833.47 RON
Kingston,Everything,64 GB,3600 MHz,DDR4,641.19 RON
Crucial,Young,16 GB,5200 MHz,DDR5,249.57 RON
ADATA,Support,8 GB,3000 MHz,DDR4,99.32 RON
HyperX,Notice,16 GB,5200 MHz,DDR5,1010.3 RON
G.Skill,Staff,4 GB,2666 MHz,DDR4,502.26 RON
Kingston,Industry,4 GB,5200 MHz,DDR5,1287.82 RON
HyperX,Economy,4 GB,2400 MHz,DDR4,794.88 RON
Kingston,Development,64 GB,6000 MHz,DDR5,748.51 RON
Crucial,Fish,4 GB,2400 MHz,DDR4,318.01 RON
G.Skill,Manager,64 GB,3600 MHz,DDR4,865.68 RON
ADATA,Pay,64 GB,5600 MHz,DDR5,169.81 RON
Patriot,Call,16 GB,2133 MHz,DDR4,852.51 RON
HyperX,Remain,8 GB,3600 MHz,DDR4,231.37 RON
Corsair,Air,16 GB,5200 MHz,DDR5,1295.36 RON
ADATA,Act,32 GB,2666 MHz,DDR4,304.21 RON
Corsair,Movie,8 GB,2666 MHz,DDR4,1232.5 RON
Crucial,Father,8 GB,5200 MHz,DDR5,1311.22 RON
Kingston,Dinner,8 GB,5200 MHz,DDR5,1179.23 RON
Kingston,Simple,4 GB,6000 MHz,DDR5,1241.4 RON
Kingston,Language,8 GB,3200 MHz,DDR4,271.68 RON
ADATA,Size,64 GB,6000 MHz,DDR5,916.07 RON
Crucial,Fine,16 GB,2400 MHz,DDR4,579.78 RON
HyperX,Argue,8 GB,3600 MHz,DDR4,911.22 RON
G.Skill,Get,64 GB,3000 MHz,DDR4,1222.46 RON
G.Skill,Visit,32 GB,3000 MHz,DDR4,282.98 RON
Crucial,At,8 GB,3200 MHz,DDR4,820.57 RON
HyperX,Election,32 GB,5200 MHz,DDR5,878.57 RON
ADATA,I,64 GB,5200 MHz,DDR5,559.55 RON
Corsair,Bed,32 GB,3000 MHz,DDR4,1346.08 RON
Crucial,Window,64 GB,3600 MHz,DDR4,90.82 RON
HyperX,Eat,8 GB,2133 MHz,DDR4,1045.25 RON
Corsair,Itself,4 GB,3600 MHz,DDR4,694.79 RON
Kingston,Pay,32 GB,5600 MHz,DDR5,178.33 RON
Kingston,Including,64 GB,6000 MHz,DDR5,1476.36 RON
G.Skill,Attorney,8 GB,5200 MHz,DDR5,981.11 RON
Corsair,Brother,16 GB,3000 MHz,DDR4,259.84 RON
Crucial,Who,32 GB,3000 MHz,DDR4,351.62 RON
Patriot,Letter,64 GB,5600 MHz,DDR5,1008.34 RON
G.Skill,Painting,64 GB,2400 MHz,DDR4,310.83 RON
Crucial,Statement,32 GB,3600 MHz,DDR4,667.12 RON
Corsair,Any,4 GB,5200 MHz,DDR5,1170.05 RON
Crucial,Indicate,8 GB,2133 MHz,DDR4,982.8 RON
Crucial,Understand,32 GB,3600 MHz,DDR4,652.45 RON
Crucial,Quality,8 GB,2133 MHz,DDR4,1439.74 RON
ADATA,Tell,64 GB,2666 MHz,DDR4,949.84 RON
Kingston,Poor,8 GB,6000 MHz,DDR5,731.79 RON
G.Skill,Possible,16 GB,5600 MHz,DDR5,1431.07 RON
HyperX,Traditional,8 GB,2666 MHz,DDR4,1234.66 RON
ADATA,Technology,64 GB,5200 MHz,DDR5,1062.22 RON
HyperX,Sometimes,8 GB,6000 MHz,DDR5,656.0 RON
G.Skill,Which,8 GB,5600 MHz,DDR5,894.56 RON
HyperX,Staff,16 GB,2666 MHz,DDR4,297.78 RON
Corsair,Page,16 GB,5200 MHz,DDR5,1284.09 RON
Patriot,Knowledge,16 GB,2133 MHz,DDR4,1498.14 RON
G.Skill,Should,32 GB,2133 MHz,DDR4,562.73 RON
HyperX,Money,4 GB,5600 MHz,DDR5,128.48 RON
Patriot,Cup,4 GB,2666 MHz,DDR4,868.66 RON
Corsair,Production,16 GB,2133 MHz,DDR4,801.39 RON
ADATA,Other,16 GB,6000 MHz,DDR5,921.68 RON
G.Skill,Spring,64 GB,3000 MHz,DDR4,845.43 RON
G.Skill,Address,8 GB,5200 MHz,DDR5,887.77 RON
G.Skill,Level,4 GB,5200 MHz,DDR5,1162.17 RON
Patriot,Official,32 GB,3600 MHz,DDR4,177.69 RON
ADATA,Operation,32 GB,3600 MHz,DDR4,1067.28 RON
Crucial,Senior,4 GB,6000 MHz,DDR5,817.29 RON
HyperX,Dream,4 GB,5200 MHz,DDR5,598.9 RON
G.Skill,Sign,8 GB,5200 MHz,DDR5,1058.9 RON
Crucial,Performance,16 GB,5200 MHz,DDR5,1409.67 RON
HyperX,Over,4 GB,3600 MHz,DDR4,472.17 RON
Kingston,Charge,32 GB,5600 MHz,DDR5,1067.34 RON
Patriot,Ball,8 GB,3200 MHz,DDR4,1350.19 RON
Patriot,Expert,32 GB,3000 MHz,DDR4,997.35 RON
HyperX,Public,16 GB,5200 MHz,DDR5,1334.3 RON
G.Skill,Serve,16 GB,3000 MHz,DDR4,323.48 RON
Patriot,Out,32 GB,3600 MHz,DDR4,284.11 RON
G.Skill,Maybe,32 GB,6000 MHz,DDR5,188.71 RON
Kingston,Rock,64 GB,2400 MHz,DDR4,596.23 RON
Patriot,Through,8 GB,2133 MHz,DDR4,1319.25 RON
Corsair,Fly,16 GB,5600 MHz,DDR5,739.62 RON
Crucial,Two,64 GB,3200 MHz,DDR4,253.43 RON
G.Skill,Water,4 GB,3000 MHz,DDR4,225.22 RON
ADATA,Similar,8 GB,2133 MHz,DDR4,190.25 RON
ADATA,Clearly,32 GB,3600 MHz,DDR4,368.08 RON
ADATA,View,16 GB,3600 MHz,DDR4,484.13 RON
G.Skill,Serious,16 GB,3200 MHz,DDR4,282.57 RON
ADATA,Receive,64 GB,6000 MHz,DDR5,902.53 RON
ADATA,Adult,4 GB,3600 MHz,DDR4,1480.89 RON
ADATA,We,64 GB,5200 MHz,DDR5,303.54 RON
HyperX,Lawyer,4 GB,2400 MHz,DDR4,1473.43 RON
Kingston,Few,4 GB,2666 MHz,DDR4,729.51 RON
G.Skill,Attack,4 GB,2133 MHz,DDR4,104.83 RON
ADATA,Ask,32 GB,3600 MHz,DDR4,1225.28 RON
Crucial,Thing,16 GB,3600 MHz,DDR4,516.21 RON
HyperX,Understand,16 GB,2666 MHz,DDR4,1277.63 RON
Kingston,Place,64 GB,2666 MHz,DDR4,135.85 RON
Kingston,Side,16 GB,2400 MHz,DDR4,120.99 RON
Corsair,To,64 GB,3200 MHz,DDR4,921.02 RON
HyperX,Her,16 GB,3000 MHz,DDR4,1404.85 RON
ADATA,Hotel,16 GB,2400 MHz,DDR4,551.88 RON
HyperX,Step,16 GB,2666 MHz,DDR4,1475.28 RON
ADATA,Story,8 GB,3000 MHz,DDR4,778.52 RON
