Manufacturer, Model, Capacity_GB, Write Speed (MB/s), Read Speed (MB/s), Price
Crucial,Lawyer,256 GB,Between 1500 - 2000 MB/s,Between 1500 - 2000 MB/s,136.97 RON
Samsung,Key,500 GB,Between 1500 - 2000 MB/s,Between 1500 - 2000 MB/s,940.76 RON
Western Digital,Back,120 GB,Between 1500 - 2000 MB/s,Between 3000 - 4000 MB/s,666.05 RON
Corsair,Right,256 GB,Over 5000 MB/s,Between 3000 - 4000 MB/s,1350.27 RON
Crucial,Model,120 GB,Between 3000 - 4000 MB/s,Between 2000 - 2500 MB/s,622.63 RON
Seagate,Term,256 GB,Between 2000 - 2500 MB/s,Between 2500 - 3000 MB/s,1346.69 RON
Western Digital,Nothing,500 GB,Between 3000 - 4000 MB/s,Over 5000 MB/s,982.31 RON
Corsair,Ten,240 GB,Over 5000 MB/s,Between 2500 - 3000 MB/s,602.72 RON
Crucial,Sometimes,240 GB,Between 2000 - 2500 MB/s,Over 5000 MB/s,225.21 RON
ADATA,Agreement,240 GB,Over 5000 MB/s,Over 5000 MB/s,639.15 RON
Samsung,Analysis,500 GB,Between 2500 - 3000 MB/s,Between 1500 - 2000 MB/s,728.8 RON
Corsair,Road,120 GB,Between 1500 - 2000 MB/s,Between 3000 - 4000 MB/s,1367.72 RON
Corsair,That,120 GB,Between 1500 - 2000 MB/s,Between 3000 - 4000 MB/s,511.33 RON
Crucial,Choice,120 GB,Between 1500 - 2000 MB/s,Over 5000 MB/s,528.03 RON
Crucial,Soon,500 GB,Between 3000 - 4000 MB/s,Between 2000 - 2500 MB/s,863.56 RON
Corsair,Body,1000 GB,Between 1500 - 2000 MB/s,Between 2000 - 2500 MB/s,618.34 RON
Crucial,Onto,240 GB,Between 3000 - 4000 MB/s,Between 1500 - 2000 MB/s,764.22 RON
Corsair,Address,120 GB,Between 1500 - 2000 MB/s,Between 1500 - 2000 MB/s,381.44 RON
Samsung,Pay,256 GB,Over 5000 MB/s,Over 5000 MB/s,253.05 RON
Corsair,Matter,240 GB,Between 3000 - 4000 MB/s,Between 2500 - 3000 MB/s,93.69 RON
ADATA,Whole,128 GB,Between 2500 - 3000 MB/s,Between 2500 - 3000 MB/s,253.66 RON
Seagate,Adult,120 GB,Between 1500 - 2000 MB/s,Over 5000 MB/s,1180.49 RON
Corsair,Record,512 GB,Over 5000 MB/s,Between 3000 - 4000 MB/s,856.47 RON
ADATA,Western,240 GB,Between 1500 - 2000 MB/s,Over 5000 MB/s,1051.94 RON
ADATA,Itself,1000 GB,Between 1500 - 2000 MB/s,Between 2500 - 3000 MB/s,205.37 RON
Western Digital,Process,120 GB,Between 2500 - 3000 MB/s,Between 1500 - 2000 MB/s,425.26 RON
ADATA,Fill,128 GB,Between 2000 - 2500 MB/s,Between 1500 - 2000 MB/s,1049.56 RON
ADATA,Need,512 GB,Between 1500 - 2000 MB/s,Over 5000 MB/s,1096.88 RON
Crucial,Ten,2000 GB,Between 3000 - 4000 MB/s,Between 3000 - 4000 MB/s,262.7 RON
Seagate,Tonight,2000 GB,Over 5000 MB/s,Between 1500 - 2000 MB/s,1276.83 RON
Samsung,Light,512 GB,Between 3000 - 4000 MB/s,Over 5000 MB/s,1315.47 RON
Seagate,According,500 GB,Between 2500 - 3000 MB/s,Between 2000 - 2500 MB/s,820.11 RON
Crucial,Avoid,1000 GB,Between 3000 - 4000 MB/s,Between 1500 - 2000 MB/s,1414.29 RON
Corsair,Will,2000 GB,Between 2500 - 3000 MB/s,Between 2500 - 3000 MB/s,1102.1 RON
Seagate,Catch,2000 GB,Between 1500 - 2000 MB/s,Between 3000 - 4000 MB/s,221.52 RON
Western Digital,Even,240 GB,Between 2500 - 3000 MB/s,Over 5000 MB/s,624.99 RON
Western Digital,Summer,2000 GB,Between 2500 - 3000 MB/s,Between 1500 - 2000 MB/s,868.85 RON
Seagate,Manage,128 GB,Between 1500 - 2000 MB/s,Between 1500 - 2000 MB/s,1341.6 RON
Crucial,Event,120 GB,Between 2000 - 2500 MB/s,Over 5000 MB/s,327.32 RON
Seagate,Way,500 GB,Over 5000 MB/s,Between 2000 - 2500 MB/s,1120.93 RON
Western Digital,Security,256 GB,Between 2000 - 2500 MB/s,Between 3000 - 4000 MB/s,1434.08 RON
ADATA,Action,120 GB,Between 2000 - 2500 MB/s,Over 5000 MB/s,475.1 RON
Corsair,Someone,120 GB,Between 2500 - 3000 MB/s,Between 1500 - 2000 MB/s,800.2 RON
Western Digital,West,500 GB,Between 1500 - 2000 MB/s,Over 5000 MB/s,153.73 RON
Samsung,Huge,512 GB,Between 2500 - 3000 MB/s,Between 1500 - 2000 MB/s,1291.52 RON
Western Digital,Feeling,120 GB,Between 1500 - 2000 MB/s,Between 3000 - 4000 MB/s,648.49 RON
Western Digital,East,240 GB,Between 3000 - 4000 MB/s,Between 1500 - 2000 MB/s,272.89 RON
ADATA,Painting,1000 GB,Between 2000 - 2500 MB/s,Between 1500 - 2000 MB/s,1160.17 RON
Samsung,Lay,240 GB,Between 2000 - 2500 MB/s,Between 1500 - 2000 MB/s,299.25 RON
Samsung,Cup,240 GB,Between 2500 - 3000 MB/s,Between 2500 - 3000 MB/s,91.52 RON
Western Digital,Protect,120 GB,Between 1500 - 2000 MB/s,Over 5000 MB/s,1059.8 RON
Western Digital,Hard,256 GB,Between 2500 - 3000 MB/s,Over 5000 MB/s,671.85 RON
Corsair,Challenge,256 GB,Between 2500 - 3000 MB/s,Between 2000 - 2500 MB/s,305.95 RON
Western Digital,Along,512 GB,Over 5000 MB/s,Between 1500 - 2000 MB/s,1217.16 RON
Corsair,Understand,256 GB,Between 2000 - 2500 MB/s,Between 1500 - 2000 MB/s,1163.0 RON
Samsung,Shoulder,500 GB,Between 1500 - 2000 MB/s,Between 1500 - 2000 MB/s,1014.3 RON
Samsung,Radio,256 GB,Between 1500 - 2000 MB/s,Between 2000 - 2500 MB/s,474.14 RON
Samsung,Wind,2000 GB,Between 1500 - 2000 MB/s,Over 5000 MB/s,470.57 RON
Samsung,Attack,128 GB,Over 5000 MB/s,Over 5000 MB/s,762.67 RON
ADATA,Personal,2000 GB,Between 1500 - 2000 MB/s,Between 3000 - 4000 MB/s,975.39 RON
ADATA,Argue,128 GB,Over 5000 MB/s,Between 2500 - 3000 MB/s,947.98 RON
Crucial,Morning,2000 GB,Between 1500 - 2000 MB/s,Between 1500 - 2000 MB/s,927.45 RON
Corsair,Executive,120 GB,Over 5000 MB/s,Between 1500 - 2000 MB/s,647.71 RON
Crucial,Consider,240 GB,Over 5000 MB/s,Between 2500 - 3000 MB/s,774.39 RON
Samsung,Summer,500 GB,Between 1500 - 2000 MB/s,Between 3000 - 4000 MB/s,94.9 RON
Western Digital,Sometimes,2000 GB,Between 1500 - 2000 MB/s,Between 1500 - 2000 MB/s,284.61 RON
ADATA,Look,240 GB,Between 2000 - 2500 MB/s,Between 1500 - 2000 MB/s,363.61 RON
Samsung,Arrive,240 GB,Between 2000 - 2500 MB/s,Between 1500 - 2000 MB/s,1356.98 RON
Corsair,Seven,240 GB,Between 1500 - 2000 MB/s,Between 3000 - 4000 MB/s,319.07 RON
Seagate,Sing,1000 GB,Over 5000 MB/s,Between 1500 - 2000 MB/s,1250.96 RON
Western Digital,Best,500 GB,Between 1500 - 2000 MB/s,Between 3000 - 4000 MB/s,1362.25 RON
ADATA,Quite,128 GB,Between 2500 - 3000 MB/s,Between 2500 - 3000 MB/s,598.33 RON
Western Digital,Him,128 GB,Between 3000 - 4000 MB/s,Between 1500 - 2000 MB/s,1355.02 RON
Samsung,Weight,512 GB,Over 5000 MB/s,Over 5000 MB/s,411.02 RON
Seagate,Movie,256 GB,Between 3000 - 4000 MB/s,Between 1500 - 2000 MB/s,286.37 RON
Seagate,Prove,1000 GB,Over 5000 MB/s,Between 1500 - 2000 MB/s,823.24 RON
ADATA,Join,120 GB,Over 5000 MB/s,Over 5000 MB/s,1450.76 RON
ADATA,Activity,128 GB,Between 2000 - 2500 MB/s,Between 1500 - 2000 MB/s,573.12 RON
Samsung,On,2000 GB,Between 2000 - 2500 MB/s,Between 1500 - 2000 MB/s,133.55 RON
ADATA,Attention,240 GB,Between 3000 - 4000 MB/s,Between 2000 - 2500 MB/s,967.21 RON
ADATA,Set,128 GB,Between 3000 - 4000 MB/s,Between 2000 - 2500 MB/s,1290.32 RON
Seagate,Particularly,500 GB,Between 1500 - 2000 MB/s,Over 5000 MB/s,1428.45 RON
Western Digital,Fill,1000 GB,Between 3000 - 4000 MB/s,Between 1500 - 2000 MB/s,782.23 RON
Seagate,Paper,256 GB,Between 1500 - 2000 MB/s,Between 2000 - 2500 MB/s,1396.46 RON
ADATA,Another,2000 GB,Between 1500 - 2000 MB/s,Between 3000 - 4000 MB/s,291.11 RON
Crucial,Someone,120 GB,Between 2500 - 3000 MB/s,Between 1500 - 2000 MB/s,1393.37 RON
Crucial,Music,256 GB,Between 2000 - 2500 MB/s,Between 3000 - 4000 MB/s,1499.96 RON
Samsung,High,128 GB,Between 3000 - 4000 MB/s,Between 3000 - 4000 MB/s,274.94 RON
Seagate,Their,128 GB,Between 2500 - 3000 MB/s,Between 1500 - 2000 MB/s,182.82 RON
ADATA,He,512 GB,Between 2500 - 3000 MB/s,Over 5000 MB/s,642.26 RON
Corsair,Campaign,1000 GB,Between 1500 - 2000 MB/s,Between 2500 - 3000 MB/s,496.18 RON
Samsung,Pay,512 GB,Between 3000 - 4000 MB/s,Between 3000 - 4000 MB/s,307.83 RON
Crucial,Method,1000 GB,Between 1500 - 2000 MB/s,Between 3000 - 4000 MB/s,74.19 RON
Western Digital,Member,256 GB,Between 1500 - 2000 MB/s,Between 2500 - 3000 MB/s,1441.27 RON
Samsung,Factor,120 GB,Over 5000 MB/s,Between 2000 - 2500 MB/s,256.9 RON
Seagate,Occur,256 GB,Between 2500 - 3000 MB/s,Between 3000 - 4000 MB/s,763.57 RON
Western Digital,Million,120 GB,Over 5000 MB/s,Between 2500 - 3000 MB/s,817.52 RON
ADATA,Energy,2000 GB,Between 3000 - 4000 MB/s,Over 5000 MB/s,188.41 RON
ADATA,Paper,256 GB,Over 5000 MB/s,Between 1500 - 2000 MB/s,1297.68 RON
Seagate,Education,120 GB,Between 1500 - 2000 MB/s,Between 3000 - 4000 MB/s,1238.47 RON
Corsair,Share,240 GB,Between 2500 - 3000 MB/s,Over 5000 MB/s,1459.38 RON
Corsair,They,256 GB,Between 1500 - 2000 MB/s,Between 1500 - 2000 MB/s,1252.09 RON
Seagate,Event,500 GB,Between 1500 - 2000 MB/s,Between 1500 - 2000 MB/s,172.8 RON
ADATA,Court,120 GB,Over 5000 MB/s,Over 5000 MB/s,200.07 RON
Crucial,Listen,2000 GB,Between 2500 - 3000 MB/s,Between 1500 - 2000 MB/s,1231.9 RON
Crucial,Civil,1000 GB,Between 3000 - 4000 MB/s,Between 2000 - 2500 MB/s,391.66 RON
Crucial,Week,2000 GB,Between 2000 - 2500 MB/s,Between 2500 - 3000 MB/s,75.82 RON
Samsung,Fear,512 GB,Over 5000 MB/s,Between 2500 - 3000 MB/s,1396.58 RON
Crucial,Military,240 GB,Between 1500 - 2000 MB/s,Between 2500 - 3000 MB/s,809.96 RON
Crucial,Site,500 GB,Between 1500 - 2000 MB/s,Between 2000 - 2500 MB/s,134.61 RON
Seagate,Like,500 GB,Over 5000 MB/s,Between 1500 - 2000 MB/s,262.81 RON
Seagate,Foot,256 GB,Between 1500 - 2000 MB/s,Between 1500 - 2000 MB/s,1001.39 RON
Western Digital,Administration,512 GB,Between 1500 - 2000 MB/s,Between 2500 - 3000 MB/s,110.62 RON
Crucial,Service,128 GB,Between 2000 - 2500 MB/s,Between 3000 - 4000 MB/s,962.27 RON
Corsair,Race,512 GB,Between 2000 - 2500 MB/s,Between 2000 - 2500 MB/s,924.7 RON
Seagate,Bring,2000 GB,Between 1500 - 2000 MB/s,Between 3000 - 4000 MB/s,719.44 RON
Crucial,Ball,512 GB,Between 3000 - 4000 MB/s,Between 1500 - 2000 MB/s,498.0 RON
ADATA,Miss,128 GB,Between 3000 - 4000 MB/s,Between 2000 - 2500 MB/s,940.82 RON
ADATA,Oil,1000 GB,Between 2000 - 2500 MB/s,Between 3000 - 4000 MB/s,506.87 RON
Crucial,Same,512 GB,Between 2500 - 3000 MB/s,Over 5000 MB/s,1465.72 RON
ADATA,Important,500 GB,Between 2000 - 2500 MB/s,Between 1500 - 2000 MB/s,270.8 RON
Western Digital,Three,256 GB,Between 2500 - 3000 MB/s,Between 3000 - 4000 MB/s,1057.65 RON
Western Digital,Total,512 GB,Between 2000 - 2500 MB/s,Between 1500 - 2000 MB/s,1090.8 RON
ADATA,Around,512 GB,Between 1500 - 2000 MB/s,Between 2500 - 3000 MB/s,1090.0 RON
Seagate,Project,1000 GB,Over 5000 MB/s,Between 2500 - 3000 MB/s,342.71 RON
ADATA,Carry,2000 GB,Over 5000 MB/s,Between 2000 - 2500 MB/s,262.22 RON
Seagate,Wait,1000 GB,Between 3000 - 4000 MB/s,Between 3000 - 4000 MB/s,445.81 RON
Western Digital,Certainly,500 GB,Between 3000 - 4000 MB/s,Between 3000 - 4000 MB/s,505.01 RON
Samsung,Magazine,240 GB,Between 2500 - 3000 MB/s,Between 2000 - 2500 MB/s,1323.04 RON
Seagate,Professor,120 GB,Between 3000 - 4000 MB/s,Between 2500 - 3000 MB/s,595.43 RON
Samsung,Join,512 GB,Between 2500 - 3000 MB/s,Between 2500 - 3000 MB/s,952.8 RON
Seagate,Baby,128 GB,Between 1500 - 2000 MB/s,Between 3000 - 4000 MB/s,550.75 RON
Corsair,You,2000 GB,Between 1500 - 2000 MB/s,Between 1500 - 2000 MB/s,965.7 RON
Corsair,Drop,256 GB,Between 3000 - 4000 MB/s,Between 1500 - 2000 MB/s,775.87 RON
Samsung,Avoid,256 GB,Between 2000 - 2500 MB/s,Over 5000 MB/s,1432.5 RON
Seagate,Throughout,1000 GB,Between 3000 - 4000 MB/s,Between 2500 - 3000 MB/s,119.8 RON
ADATA,Ability,240 GB,Between 1500 - 2000 MB/s,Between 3000 - 4000 MB/s,176.74 RON
Crucial,Far,120 GB,Between 1500 - 2000 MB/s,Between 2500 - 3000 MB/s,423.94 RON
Crucial,Will,512 GB,Between 2000 - 2500 MB/s,Over 5000 MB/s,1025.67 RON
Corsair,Get,512 GB,Between 2500 - 3000 MB/s,Between 2500 - 3000 MB/s,857.21 RON
ADATA,Through,512 GB,Between 1500 - 2000 MB/s,Between 3000 - 4000 MB/s,1277.25 RON
Western Digital,Line,256 GB,Between 3000 - 4000 MB/s,Between 2500 - 3000 MB/s,1204.81 RON
Seagate,Mother,120 GB,Over 5000 MB/s,Between 1500 - 2000 MB/s,1317.77 RON
Crucial,Become,120 GB,Over 5000 MB/s,Between 3000 - 4000 MB/s,973.11 RON
Western Digital,Worker,2000 GB,Between 1500 - 2000 MB/s,Between 1500 - 2000 MB/s,692.42 RON
Samsung,Bank,512 GB,Between 2000 - 2500 MB/s,Between 1500 - 2000 MB/s,1160.67 RON
ADATA,Yard,2000 GB,Between 2500 - 3000 MB/s,Over 5000 MB/s,485.94 RON
Crucial,Great,500 GB,Over 5000 MB/s,Over 5000 MB/s,1146.42 RON
Western Digital,About,1000 GB,Between 2500 - 3000 MB/s,Between 2000 - 2500 MB/s,869.42 RON
Western Digital,I,256 GB,Between 2500 - 3000 MB/s,Between 2000 - 2500 MB/s,906.5 RON
Corsair,Ability,512 GB,Between 1500 - 2000 MB/s,Between 1500 - 2000 MB/s,1134.57 RON
Western Digital,Represent,500 GB,Over 5000 MB/s,Over 5000 MB/s,1392.23 RON
Crucial,Number,128 GB,Between 2000 - 2500 MB/s,Between 2000 - 2500 MB/s,436.5 RON
Corsair,Window,512 GB,Between 1500 - 2000 MB/s,Over 5000 MB/s,1173.54 RON
ADATA,Turn,512 GB,Between 2000 - 2500 MB/s,Between 1500 - 2000 MB/s,900.87 RON
Samsung,Agency,2000 GB,Between 3000 - 4000 MB/s,Between 2500 - 3000 MB/s,970.38 RON
Samsung,Bag,120 GB,Between 1500 - 2000 MB/s,Between 2000 - 2500 MB/s,281.42 RON
Crucial,Majority,128 GB,Between 1500 - 2000 MB/s,Between 1500 - 2000 MB/s,426.39 RON
Crucial,Fall,128 GB,Between 1500 - 2000 MB/s,Over 5000 MB/s,132.07 RON
Western Digital,Yourself,128 GB,Between 2500 - 3000 MB/s,Between 2000 - 2500 MB/s,1330.89 RON
Seagate,Raise,240 GB,Between 3000 - 4000 MB/s,Between 1500 - 2000 MB/s,1418.01 RON
Corsair,Four,512 GB,Between 2000 - 2500 MB/s,Between 3000 - 4000 MB/s,230.66 RON
Corsair,Thank,256 GB,Between 2500 - 3000 MB/s,Over 5000 MB/s,258.7 RON
Samsung,Economic,256 GB,Between 2000 - 2500 MB/s,Between 3000 - 4000 MB/s,119.98 RON
Corsair,Start,1000 GB,Between 3000 - 4000 MB/s,Over 5000 MB/s,1243.34 RON
Samsung,Suddenly,240 GB,Between 2000 - 2500 MB/s,Between 2000 - 2500 MB/s,155.63 RON
Crucial,Service,2000 GB,Between 1500 - 2000 MB/s,Between 1500 - 2000 MB/s,960.85 RON
Samsung,Way,128 GB,Between 1500 - 2000 MB/s,Between 1500 - 2000 MB/s,443.31 RON
Samsung,Learn,512 GB,Between 2500 - 3000 MB/s,Between 1500 - 2000 MB/s,751.09 RON
Samsung,Someone,256 GB,Between 1500 - 2000 MB/s,Over 5000 MB/s,590.41 RON
Corsair,Determine,120 GB,Between 2500 - 3000 MB/s,Between 2000 - 2500 MB/s,1250.52 RON
Western Digital,Business,256 GB,Between 3000 - 4000 MB/s,Between 2000 - 2500 MB/s,592.59 RON
Western Digital,Radio,2000 GB,Between 2000 - 2500 MB/s,Between 2500 - 3000 MB/s,1061.91 RON
Crucial,Note,240 GB,Between 1500 - 2000 MB/s,Between 2000 - 2500 MB/s,1181.34 RON
ADATA,Understand,2000 GB,Between 3000 - 4000 MB/s,Over 5000 MB/s,335.58 RON
Corsair,Physical,512 GB,Over 5000 MB/s,Between 1500 - 2000 MB/s,551.73 RON
Crucial,Past,256 GB,Between 2000 - 2500 MB/s,Between 1500 - 2000 MB/s,1069.29 RON
Samsung,Development,120 GB,Over 5000 MB/s,Between 1500 - 2000 MB/s,1417.09 RON
ADATA,Century,128 GB,Between 3000 - 4000 MB/s,Between 2000 - 2500 MB/s,804.9 RON
Western Digital,Trouble,500 GB,Between 3000 - 4000 MB/s,Between 1500 - 2000 MB/s,191.31 RON
ADATA,During,2000 GB,Between 3000 - 4000 MB/s,Between 1500 - 2000 MB/s,1301.82 RON
Seagate,Different,128 GB,Between 1500 - 2000 MB/s,Between 1500 - 2000 MB/s,1086.68 RON
Samsung,Past,1000 GB,Between 1500 - 2000 MB/s,Between 2500 - 3000 MB/s,462.61 RON
Seagate,Yard,256 GB,Between 2000 - 2500 MB/s,Between 1500 - 2000 MB/s,995.76 RON
ADATA,Fact,512 GB,Over 5000 MB/s,Between 1500 - 2000 MB/s,467.54 RON
Corsair,Who,256 GB,Over 5000 MB/s,Between 2500 - 3000 MB/s,1381.47 RON
Samsung,Tree,120 GB,Between 3000 - 4000 MB/s,Between 2500 - 3000 MB/s,361.88 RON
Crucial,Focus,1000 GB,Between 3000 - 4000 MB/s,Between 1500 - 2000 MB/s,618.6 RON
Corsair,Affect,256 GB,Over 5000 MB/s,Between 3000 - 4000 MB/s,731.15 RON
Samsung,None,256 GB,Between 3000 - 4000 MB/s,Between 1500 - 2000 MB/s,629.79 RON
Crucial,Lawyer,512 GB,Between 2000 - 2500 MB/s,Between 2000 - 2500 MB/s,718.28 RON
Crucial,Today,256 GB,Between 1500 - 2000 MB/s,Between 2000 - 2500 MB/s,432.64 RON
Crucial,Compare,120 GB,Over 5000 MB/s,Between 3000 - 4000 MB/s,775.75 RON
Crucial,Success,2000 GB,Between 2500 - 3000 MB/s,Between 2500 - 3000 MB/s,1068.8 RON
Corsair,Sport,2000 GB,Between 2000 - 2500 MB/s,Over 5000 MB/s,747.14 RON
ADATA,Top,512 GB,Between 1500 - 2000 MB/s,Between 1500 - 2000 MB/s,1320.15 RON
ADATA,Their,128 GB,Between 1500 - 2000 MB/s,Between 1500 - 2000 MB/s,575.51 RON
Corsair,Like,2000 GB,Between 3000 - 4000 MB/s,Between 2500 - 3000 MB/s,879.63 RON
Samsung,Mouth,128 GB,Over 5000 MB/s,Between 3000 - 4000 MB/s,222.1 RON
ADATA,Security,2000 GB,Between 3000 - 4000 MB/s,Between 1500 - 2000 MB/s,852.29 RON
Western Digital,Per,1000 GB,Over 5000 MB/s,Between 2000 - 2500 MB/s,703.15 RON
Crucial,Try,240 GB,Between 3000 - 4000 MB/s,Between 1500 - 2000 MB/s,1243.94 RON
Samsung,Away,1000 GB,Between 1500 - 2000 MB/s,Between 3000 - 4000 MB/s,941.22 RON
Crucial,Four,500 GB,Between 2000 - 2500 MB/s,Between 3000 - 4000 MB/s,1421.89 RON
Seagate,Ability,500 GB,Over 5000 MB/s,Over 5000 MB/s,1435.94 RON
Crucial,Serve,500 GB,Between 1500 - 2000 MB/s,Between 2500 - 3000 MB/s,862.2 RON
Seagate,Sure,500 GB,Between 2500 - 3000 MB/s,Between 2000 - 2500 MB/s,813.87 RON
Western Digital,History,500 GB,Over 5000 MB/s,Between 3000 - 4000 MB/s,95.22 RON
Western Digital,Heart,256 GB,Between 2000 - 2500 MB/s,Between 2500 - 3000 MB/s,789.41 RON
Seagate,Born,256 GB,Between 1500 - 2000 MB/s,Between 2000 - 2500 MB/s,499.57 RON
Western Digital,Yeah,2000 GB,Between 2000 - 2500 MB/s,Between 3000 - 4000 MB/s,975.61 RON
Samsung,Candidate,1000 GB,Between 1500 - 2000 MB/s,Between 3000 - 4000 MB/s,813.75 RON
Corsair,Point,1000 GB,Between 2000 - 2500 MB/s,Between 2000 - 2500 MB/s,686.22 RON
Samsung,Less,240 GB,Over 5000 MB/s,Between 1500 - 2000 MB/s,785.43 RON
Seagate,Structure,512 GB,Between 1500 - 2000 MB/s,Over 5000 MB/s,260.63 RON
Crucial,Pretty,2000 GB,Over 5000 MB/s,Over 5000 MB/s,533.66 RON
ADATA,Whose,1000 GB,Between 2000 - 2500 MB/s,Between 2500 - 3000 MB/s,1173.12 RON
Western Digital,Site,512 GB,Over 5000 MB/s,Over 5000 MB/s,653.02 RON
ADATA,Life,256 GB,Between 1500 - 2000 MB/s,Between 2500 - 3000 MB/s,493.34 RON
ADATA,Authority,1000 GB,Between 1500 - 2000 MB/s,Between 3000 - 4000 MB/s,599.45 RON
ADATA,Benefit,240 GB,Between 2000 - 2500 MB/s,Between 3000 - 4000 MB/s,719.51 RON
Crucial,Hundred,120 GB,Between 2000 - 2500 MB/s,Between 3000 - 4000 MB/s,594.14 RON
ADATA,Together,256 GB,Over 5000 MB/s,Between 1500 - 2000 MB/s,185.92 RON
Corsair,Ahead,2000 GB,Between 1500 - 2000 MB/s,Between 1500 - 2000 MB/s,266.8 RON
Corsair,Hand,240 GB,Between 1500 - 2000 MB/s,Between 1500 - 2000 MB/s,1213.11 RON
ADATA,Whose,240 GB,Between 1500 - 2000 MB/s,Between 1500 - 2000 MB/s,933.85 RON
Crucial,Their,1000 GB,Over 5000 MB/s,Between 2500 - 3000 MB/s,1483.55 RON
Crucial,That,2000 GB,Between 1500 - 2000 MB/s,Between 3000 - 4000 MB/s,179.13 RON
Western Digital,Conference,240 GB,Between 1500 - 2000 MB/s,Over 5000 MB/s,634.97 RON
ADATA,Fund,240 GB,Over 5000 MB/s,Between 1500 - 2000 MB/s,1150.98 RON
Seagate,Ok,128 GB,Between 2000 - 2500 MB/s,Between 2000 - 2500 MB/s,890.34 RON
Samsung,So,240 GB,Over 5000 MB/s,Between 3000 - 4000 MB/s,333.87 RON
Western Digital,Address,128 GB,Between 2500 - 3000 MB/s,Between 1500 - 2000 MB/s,924.45 RON
Crucial,Remember,240 GB,Between 2000 - 2500 MB/s,Between 1500 - 2000 MB/s,953.03 RON
Western Digital,Bag,500 GB,Between 1500 - 2000 MB/s,Over 5000 MB/s,854.13 RON
Seagate,Nation,128 GB,Between 2500 - 3000 MB/s,Over 5000 MB/s,1096.58 RON
ADATA,Baby,256 GB,Between 1500 - 2000 MB/s,Between 2500 - 3000 MB/s,1274.72 RON
Samsung,Teach,512 GB,Between 2000 - 2500 MB/s,Between 1500 - 2000 MB/s,712.05 RON
ADATA,Medical,1000 GB,Between 2000 - 2500 MB/s,Between 3000 - 4000 MB/s,692.46 RON
ADATA,Newspaper,240 GB,Over 5000 MB/s,Between 1500 - 2000 MB/s,1092.39 RON
ADATA,Together,256 GB,Over 5000 MB/s,Between 1500 - 2000 MB/s,1055.84 RON
Western Digital,Road,128 GB,Between 1500 - 2000 MB/s,Between 1500 - 2000 MB/s,1062.67 RON
Corsair,Huge,240 GB,Between 2500 - 3000 MB/s,Between 1500 - 2000 MB/s,924.28 RON
Crucial,Already,1000 GB,Between 1500 - 2000 MB/s,Between 2000 - 2500 MB/s,683.93 RON
Seagate,Ok,500 GB,Between 1500 - 2000 MB/s,Over 5000 MB/s,678.86 RON
Western Digital,Defense,128 GB,Between 2500 - 3000 MB/s,Between 2000 - 2500 MB/s,154.81 RON
Seagate,Near,128 GB,Over 5000 MB/s,Between 2000 - 2500 MB/s,715.07 RON
Western Digital,Act,512 GB,Between 3000 - 4000 MB/s,Between 1500 - 2000 MB/s,625.46 RON
Crucial,Establish,2000 GB,Between 3000 - 4000 MB/s,Between 3000 - 4000 MB/s,955.51 RON
Crucial,Star,120 GB,Between 2500 - 3000 MB/s,Between 2000 - 2500 MB/s,314.96 RON
Western Digital,Under,240 GB,Between 1500 - 2000 MB/s,Between 2000 - 2500 MB/s,1264.4 RON
Western Digital,Commercial,500 GB,Over 5000 MB/s,Between 2500 - 3000 MB/s,499.76 RON
ADATA,Pm,2000 GB,Between 3000 - 4000 MB/s,Between 2000 - 2500 MB/s,706.85 RON
Crucial,Heavy,500 GB,Between 3000 - 4000 MB/s,Between 2000 - 2500 MB/s,963.06 RON
Seagate,Real,2000 GB,Between 1500 - 2000 MB/s,Between 1500 - 2000 MB/s,746.37 RON
Western Digital,All,240 GB,Between 3000 - 4000 MB/s,Over 5000 MB/s,831.38 RON
Seagate,Quickly,2000 GB,Between 1500 - 2000 MB/s,Between 3000 - 4000 MB/s,1482.76 RON
Seagate,Seven,120 GB,Between 1500 - 2000 MB/s,Over 5000 MB/s,1195.83 RON
Samsung,Art,128 GB,Between 1500 - 2000 MB/s,Over 5000 MB/s,605.08 RON
Western Digital,Nice,120 GB,Between 1500 - 2000 MB/s,Between 3000 - 4000 MB/s,857.44 RON
Crucial,Concern,2000 GB,Over 5000 MB/s,Between 2000 - 2500 MB/s,250.67 RON
Crucial,House,256 GB,Between 1500 - 2000 MB/s,Between 2000 - 2500 MB/s,600.77 RON
ADATA,Recently,2000 GB,Between 2000 - 2500 MB/s,Between 1500 - 2000 MB/s,597.39 RON
Corsair,Media,128 GB,Over 5000 MB/s,Between 2500 - 3000 MB/s,658.44 RON
Samsung,Discussion,500 GB,Between 2000 - 2500 MB/s,Between 1500 - 2000 MB/s,1031.7 RON
ADATA,Treatment,120 GB,Between 1500 - 2000 MB/s,Between 2000 - 2500 MB/s,1218.73 RON
Crucial,Country,128 GB,Between 2000 - 2500 MB/s,Over 5000 MB/s,1434.06 RON
Corsair,Skin,500 GB,Between 3000 - 4000 MB/s,Between 2000 - 2500 MB/s,210.43 RON
Western Digital,Pattern,512 GB,Between 2500 - 3000 MB/s,Between 2000 - 2500 MB/s,614.41 RON
Western Digital,Church,256 GB,Over 5000 MB/s,Between 2000 - 2500 MB/s,913.99 RON
Samsung,Agent,500 GB,Between 2500 - 3000 MB/s,Between 2500 - 3000 MB/s,381.6 RON
Crucial,Card,128 GB,Between 1500 - 2000 MB/s,Between 1500 - 2000 MB/s,672.75 RON
Crucial,Language,2000 GB,Between 2000 - 2500 MB/s,Between 1500 - 2000 MB/s,1468.78 RON
Corsair,True,500 GB,Between 3000 - 4000 MB/s,Between 1500 - 2000 MB/s,212.36 RON
Corsair,Kid,120 GB,Between 3000 - 4000 MB/s,Between 2000 - 2500 MB/s,724.88 RON
ADATA,Edge,512 GB,Between 3000 - 4000 MB/s,Between 2500 - 3000 MB/s,915.63 RON
Crucial,Then,128 GB,Over 5000 MB/s,Between 3000 - 4000 MB/s,153.39 RON
Crucial,Husband,2000 GB,Between 2000 - 2500 MB/s,Between 3000 - 4000 MB/s,755.72 RON
Corsair,Relate,500 GB,Over 5000 MB/s,Between 1500 - 2000 MB/s,1200.12 RON
Samsung,Decision,500 GB,Between 2500 - 3000 MB/s,Between 3000 - 4000 MB/s,1180.35 RON
ADATA,Even,240 GB,Between 1500 - 2000 MB/s,Between 1500 - 2000 MB/s,711.47 RON
Western Digital,Must,512 GB,Between 3000 - 4000 MB/s,Over 5000 MB/s,828.87 RON
Western Digital,Mind,500 GB,Between 1500 - 2000 MB/s,Between 1500 - 2000 MB/s,220.24 RON
Samsung,Voice,128 GB,Between 1500 - 2000 MB/s,Between 1500 - 2000 MB/s,170.04 RON
Crucial,Easy,120 GB,Between 1500 - 2000 MB/s,Over 5000 MB/s,265.2 RON
Corsair,By,1000 GB,Between 2500 - 3000 MB/s,Between 3000 - 4000 MB/s,1392.39 RON
Seagate,Present,240 GB,Between 2500 - 3000 MB/s,Between 1500 - 2000 MB/s,1347.66 RON
ADATA,Respond,2000 GB,Between 2000 - 2500 MB/s,Over 5000 MB/s,1303.73 RON
Crucial,Article,512 GB,Between 2500 - 3000 MB/s,Between 3000 - 4000 MB/s,1341.28 RON
Seagate,Artist,1000 GB,Between 1500 - 2000 MB/s,Between 2500 - 3000 MB/s,1394.29 RON
ADATA,West,1000 GB,Between 3000 - 4000 MB/s,Between 2500 - 3000 MB/s,883.3 RON
Western Digital,Shake,512 GB,Between 2000 - 2500 MB/s,Between 2500 - 3000 MB/s,540.99 RON
Western Digital,Student,120 GB,Over 5000 MB/s,Between 1500 - 2000 MB/s,1050.21 RON
Samsung,Again,240 GB,Between 2500 - 3000 MB/s,Between 3000 - 4000 MB/s,162.55 RON
ADATA,Exactly,512 GB,Between 2500 - 3000 MB/s,Between 1500 - 2000 MB/s,809.0 RON
Corsair,Help,256 GB,Between 1500 - 2000 MB/s,Between 1500 - 2000 MB/s,583.45 RON
ADATA,Still,256 GB,Between 1500 - 2000 MB/s,Between 1500 - 2000 MB/s,1240.19 RON
Seagate,Week,120 GB,Between 2000 - 2500 MB/s,Between 1500 - 2000 MB/s,1210.05 RON
ADATA,Finally,2000 GB,Over 5000 MB/s,Over 5000 MB/s,465.42 RON
Seagate,Light,120 GB,Between 1500 - 2000 MB/s,Over 5000 MB/s,568.78 RON
Western Digital,Few,240 GB,Over 5000 MB/s,Over 5000 MB/s,1287.1 RON
Corsair,Before,120 GB,Over 5000 MB/s,Between 1500 - 2000 MB/s,1077.5 RON
Crucial,Bit,512 GB,Between 1500 - 2000 MB/s,Between 2500 - 3000 MB/s,247.99 RON
Western Digital,Leader,240 GB,Between 3000 - 4000 MB/s,Over 5000 MB/s,85.34 RON
Western Digital,Method,240 GB,Between 3000 - 4000 MB/s,Over 5000 MB/s,886.39 RON
Western Digital,Next,1000 GB,Between 3000 - 4000 MB/s,Between 3000 - 4000 MB/s,1187.88 RON
ADATA,Between,240 GB,Over 5000 MB/s,Between 1500 - 2000 MB/s,468.29 RON
Western Digital,Represent,500 GB,Between 1500 - 2000 MB/s,Between 2000 - 2500 MB/s,111.71 RON
Crucial,Kitchen,128 GB,Between 1500 - 2000 MB/s,Between 2000 - 2500 MB/s,1018.56 RON
Corsair,He,120 GB,Between 3000 - 4000 MB/s,Between 2500 - 3000 MB/s,586.03 RON
Crucial,Perform,512 GB,Over 5000 MB/s,Between 2500 - 3000 MB/s,356.07 RON
Corsair,Number,240 GB,Over 5000 MB/s,Between 1500 - 2000 MB/s,530.65 RON
ADATA,Collection,120 GB,Between 1500 - 2000 MB/s,Between 2000 - 2500 MB/s,1182.45 RON
Western Digital,Edge,500 GB,Between 3000 - 4000 MB/s,Between 3000 - 4000 MB/s,670.75 RON
Crucial,Remember,1000 GB,Over 5000 MB/s,Between 3000 - 4000 MB/s,1258.92 RON
Corsair,Tonight,128 GB,Between 1500 - 2000 MB/s,Between 2000 - 2500 MB/s,806.53 RON
ADATA,Type,256 GB,Between 3000 - 4000 MB/s,Between 3000 - 4000 MB/s,389.63 RON
ADATA,Option,2000 GB,Between 2000 - 2500 MB/s,Between 2000 - 2500 MB/s,144.39 RON
Western Digital,Fine,1000 GB,Between 1500 - 2000 MB/s,Between 3000 - 4000 MB/s,1271.26 RON
Corsair,Catch,256 GB,Between 2500 - 3000 MB/s,Between 1500 - 2000 MB/s,1041.58 RON
Western Digital,Present,128 GB,Over 5000 MB/s,Between 1500 - 2000 MB/s,1035.46 RON
Western Digital,Strong,120 GB,Between 1500 - 2000 MB/s,Between 3000 - 4000 MB/s,926.36 RON
ADATA,Claim,256 GB,Over 5000 MB/s,Over 5000 MB/s,461.88 RON
ADATA,Growth,240 GB,Over 5000 MB/s,Over 5000 MB/s,749.21 RON
Western Digital,Production,1000 GB,Between 1500 - 2000 MB/s,Between 2000 - 2500 MB/s,1015.46 RON
Samsung,Age,240 GB,Between 1500 - 2000 MB/s,Over 5000 MB/s,725.82 RON
ADATA,Avoid,120 GB,Between 1500 - 2000 MB/s,Between 2000 - 2500 MB/s,1116.09 RON
Seagate,Positive,512 GB,Between 1500 - 2000 MB/s,Between 2000 - 2500 MB/s,364.29 RON
Western Digital,Safe,240 GB,Between 3000 - 4000 MB/s,Between 3000 - 4000 MB/s,1184.6 RON
ADATA,Security,512 GB,Between 1500 - 2000 MB/s,Between 1500 - 2000 MB/s,1349.59 RON
Samsung,However,120 GB,Between 1500 - 2000 MB/s,Between 2500 - 3000 MB/s,687.38 RON
Seagate,Seven,1000 GB,Over 5000 MB/s,Over 5000 MB/s,296.25 RON
Corsair,Put,1000 GB,Between 2000 - 2500 MB/s,Between 1500 - 2000 MB/s,1399.01 RON
ADATA,Turn,1000 GB,Between 1500 - 2000 MB/s,Between 2500 - 3000 MB/s,1286.89 RON
Samsung,Hour,120 GB,Between 1500 - 2000 MB/s,Between 2500 - 3000 MB/s,1098.61 RON
Samsung,Itself,512 GB,Between 3000 - 4000 MB/s,Between 2500 - 3000 MB/s,718.52 RON
Seagate,Common,512 GB,Between 2000 - 2500 MB/s,Between 1500 - 2000 MB/s,1196.12 RON
Samsung,Dinner,2000 GB,Between 2000 - 2500 MB/s,Between 2500 - 3000 MB/s,1178.28 RON
ADATA,Huge,1000 GB,Over 5000 MB/s,Between 1500 - 2000 MB/s,1275.16 RON
Crucial,Usually,1000 GB,Between 2500 - 3000 MB/s,Between 1500 - 2000 MB/s,423.64 RON
Corsair,Term,120 GB,Between 2000 - 2500 MB/s,Between 2500 - 3000 MB/s,1368.61 RON
Samsung,Short,128 GB,Between 3000 - 4000 MB/s,Between 1500 - 2000 MB/s,780.13 RON
Corsair,Sea,128 GB,Between 3000 - 4000 MB/s,Over 5000 MB/s,1090.66 RON
Seagate,Price,500 GB,Over 5000 MB/s,Between 1500 - 2000 MB/s,1325.81 RON
Crucial,Government,120 GB,Between 2500 - 3000 MB/s,Between 2500 - 3000 MB/s,275.41 RON
Crucial,Mission,256 GB,Between 1500 - 2000 MB/s,Between 1500 - 2000 MB/s,587.59 RON
Corsair,Technology,256 GB,Between 1500 - 2000 MB/s,Over 5000 MB/s,315.88 RON
Samsung,Interest,500 GB,Between 1500 - 2000 MB/s,Between 3000 - 4000 MB/s,1264.74 RON
ADATA,Billion,512 GB,Between 1500 - 2000 MB/s,Between 2500 - 3000 MB/s,811.21 RON
Samsung,Realize,120 GB,Between 3000 - 4000 MB/s,Over 5000 MB/s,674.32 RON
Western Digital,In,256 GB,Between 2000 - 2500 MB/s,Between 1500 - 2000 MB/s,1048.42 RON
Seagate,Plant,120 GB,Between 3000 - 4000 MB/s,Between 2000 - 2500 MB/s,1126.93 RON
Seagate,Professor,240 GB,Between 2000 - 2500 MB/s,Between 2000 - 2500 MB/s,186.57 RON
Western Digital,Model,1000 GB,Between 2500 - 3000 MB/s,Between 2000 - 2500 MB/s,1290.19 RON
Western Digital,Begin,1000 GB,Between 3000 - 4000 MB/s,Between 2000 - 2500 MB/s,877.08 RON
Samsung,Name,128 GB,Between 1500 - 2000 MB/s,Between 2500 - 3000 MB/s,1350.97 RON
Corsair,Bit,256 GB,Between 1500 - 2000 MB/s,Between 2500 - 3000 MB/s,931.2 RON
Samsung,Wish,120 GB,Between 1500 - 2000 MB/s,Over 5000 MB/s,415.17 RON
ADATA,Everything,2000 GB,Between 2500 - 3000 MB/s,Between 2500 - 3000 MB/s,1190.3 RON
Samsung,Economy,512 GB,Between 3000 - 4000 MB/s,Between 1500 - 2000 MB/s,729.66 RON
Corsair,Evening,120 GB,Between 2000 - 2500 MB/s,Between 2000 - 2500 MB/s,388.66 RON
Crucial,Least,256 GB,Over 5000 MB/s,Between 2500 - 3000 MB/s,651.77 RON
Crucial,Us,500 GB,Between 2000 - 2500 MB/s,Between 2000 - 2500 MB/s,397.05 RON
Corsair,Inside,256 GB,Between 2000 - 2500 MB/s,Between 2500 - 3000 MB/s,1108.94 RON
Crucial,Interest,2000 GB,Between 3000 - 4000 MB/s,Between 1500 - 2000 MB/s,540.68 RON
Corsair,Seat,500 GB,Between 1500 - 2000 MB/s,Between 2000 - 2500 MB/s,1265.54 RON
Seagate,He,1000 GB,Between 2500 - 3000 MB/s,Over 5000 MB/s,1033.4 RON
Seagate,Western,120 GB,Between 3000 - 4000 MB/s,Over 5000 MB/s,164.43 RON
ADATA,Anyone,240 GB,Between 2500 - 3000 MB/s,Between 1500 - 2000 MB/s,496.76 RON
Samsung,Sometimes,120 GB,Between 2000 - 2500 MB/s,Between 1500 - 2000 MB/s,1288.11 RON
ADATA,Tax,120 GB,Between 3000 - 4000 MB/s,Between 1500 - 2000 MB/s,917.42 RON
Corsair,Performance,128 GB,Over 5000 MB/s,Between 1500 - 2000 MB/s,837.09 RON
Samsung,Mrs,256 GB,Between 1500 - 2000 MB/s,Between 3000 - 4000 MB/s,807.67 RON
Crucial,Build,2000 GB,Between 1500 - 2000 MB/s,Between 3000 - 4000 MB/s,1450.09 RON
Crucial,Simple,512 GB,Between 1500 - 2000 MB/s,Between 1500 - 2000 MB/s,1231.48 RON
Corsair,Resource,256 GB,Between 2500 - 3000 MB/s,Between 3000 - 4000 MB/s,616.28 RON
Samsung,Manage,240 GB,Between 3000 - 4000 MB/s,Between 2000 - 2500 MB/s,656.63 RON
ADATA,This,128 GB,Between 1500 - 2000 MB/s,Between 2000 - 2500 MB/s,815.1 RON
Crucial,Mouth,512 GB,Between 1500 - 2000 MB/s,Between 3000 - 4000 MB/s,321.23 RON
Samsung,Probably,2000 GB,Between 1500 - 2000 MB/s,Between 3000 - 4000 MB/s,929.83 RON
Samsung,Fish,240 GB,Between 2000 - 2500 MB/s,Between 3000 - 4000 MB/s,859.52 RON
Corsair,Wall,120 GB,Over 5000 MB/s,Over 5000 MB/s,549.44 RON
Seagate,Tree,120 GB,Between 1500 - 2000 MB/s,Between 1500 - 2000 MB/s,801.79 RON
ADATA,Activity,128 GB,Between 3000 - 4000 MB/s,Between 2500 - 3000 MB/s,1268.21 RON
Western Digital,Least,128 GB,Between 2000 - 2500 MB/s,Between 2000 - 2500 MB/s,305.54 RON
Western Digital,Ago,1000 GB,Between 1500 - 2000 MB/s,Between 1500 - 2000 MB/s,451.55 RON
ADATA,Tell,2000 GB,Between 3000 - 4000 MB/s,Between 1500 - 2000 MB/s,1007.79 RON
Crucial,Necessary,240 GB,Between 2000 - 2500 MB/s,Between 1500 - 2000 MB/s,195.46 RON
Samsung,After,1000 GB,Over 5000 MB/s,Between 2000 - 2500 MB/s,946.42 RON
Seagate,Season,240 GB,Between 1500 - 2000 MB/s,Over 5000 MB/s,1004.52 RON
Corsair,Leave,2000 GB,Between 2000 - 2500 MB/s,Between 1500 - 2000 MB/s,817.43 RON
Western Digital,Production,128 GB,Between 1500 - 2000 MB/s,Between 3000 - 4000 MB/s,174.48 RON
ADATA,Show,1000 GB,Over 5000 MB/s,Between 2000 - 2500 MB/s,501.97 RON
Seagate,Billion,128 GB,Between 3000 - 4000 MB/s,Between 1500 - 2000 MB/s,370.81 RON
Western Digital,Foot,240 GB,Between 3000 - 4000 MB/s,Over 5000 MB/s,991.58 RON
Samsung,Site,240 GB,Over 5000 MB/s,Between 1500 - 2000 MB/s,646.4 RON
Western Digital,Mrs,2000 GB,Between 1500 - 2000 MB/s,Between 1500 - 2000 MB/s,734.3 RON
Crucial,Eat,1000 GB,Between 2500 - 3000 MB/s,Between 2000 - 2500 MB/s,70.56 RON
Corsair,Experience,2000 GB,Over 5000 MB/s,Between 1500 - 2000 MB/s,988.93 RON
Seagate,Team,256 GB,Between 1500 - 2000 MB/s,Between 3000 - 4000 MB/s,504.04 RON
Western Digital,Half,120 GB,Between 2500 - 3000 MB/s,Over 5000 MB/s,1076.75 RON
Samsung,Structure,256 GB,Between 3000 - 4000 MB/s,Between 1500 - 2000 MB/s,797.86 RON
Western Digital,Especially,1000 GB,Between 2000 - 2500 MB/s,Between 1500 - 2000 MB/s,1458.71 RON
ADATA,Able,256 GB,Between 1500 - 2000 MB/s,Between 2500 - 3000 MB/s,267.42 RON
Corsair,Use,500 GB,Over 5000 MB/s,Between 2500 - 3000 MB/s,135.91 RON
Crucial,Military,512 GB,Between 1500 - 2000 MB/s,Between 2500 - 3000 MB/s,1071.33 RON
Crucial,Remember,512 GB,Over 5000 MB/s,Over 5000 MB/s,735.45 RON
Western Digital,West,2000 GB,Between 3000 - 4000 MB/s,Between 2500 - 3000 MB/s,122.55 RON
Crucial,Newspaper,256 GB,Between 3000 - 4000 MB/s,Between 1500 - 2000 MB/s,1162.71 RON
Corsair,Cultural,512 GB,Between 2000 - 2500 MB/s,Between 1500 - 2000 MB/s,1160.58 RON
Seagate,Budget,500 GB,Between 1500 - 2000 MB/s,Between 3000 - 4000 MB/s,1182.89 RON
Samsung,Across,120 GB,Between 1500 - 2000 MB/s,Between 1500 - 2000 MB/s,922.12 RON
Western Digital,Out,2000 GB,Between 1500 - 2000 MB/s,Over 5000 MB/s,436.19 RON
Seagate,Success,500 GB,Between 2000 - 2500 MB/s,Between 2500 - 3000 MB/s,1399.99 RON
ADATA,Across,120 GB,Between 3000 - 4000 MB/s,Between 2000 - 2500 MB/s,392.77 RON
Corsair,Feel,512 GB,Between 2500 - 3000 MB/s,Between 2000 - 2500 MB/s,334.45 RON
ADATA,Perform,500 GB,Between 2500 - 3000 MB/s,Over 5000 MB/s,98.22 RON
Corsair,Experience,240 GB,Between 1500 - 2000 MB/s,Between 2500 - 3000 MB/s,141.88 RON
Corsair,There,120 GB,Between 2000 - 2500 MB/s,Between 1500 - 2000 MB/s,476.06 RON
Samsung,Glass,240 GB,Between 2000 - 2500 MB/s,Between 1500 - 2000 MB/s,1291.57 RON
Seagate,Measure,1000 GB,Between 2000 - 2500 MB/s,Between 2000 - 2500 MB/s,637.71 RON
ADATA,Improve,1000 GB,Between 3000 - 4000 MB/s,Between 1500 - 2000 MB/s,732.32 RON
Samsung,Issue,512 GB,Over 5000 MB/s,Between 1500 - 2000 MB/s,1201.08 RON
ADATA,Dog,500 GB,Between 2000 - 2500 MB/s,Over 5000 MB/s,92.87 RON
Crucial,Car,512 GB,Between 1500 - 2000 MB/s,Between 1500 - 2000 MB/s,118.26 RON
Seagate,Become,2000 GB,Over 5000 MB/s,Between 2000 - 2500 MB/s,778.81 RON
Samsung,Level,1000 GB,Between 2500 - 3000 MB/s,Between 2500 - 3000 MB/s,720.41 RON
Samsung,Officer,512 GB,Between 2500 - 3000 MB/s,Between 3000 - 4000 MB/s,752.23 RON
Crucial,Pretty,512 GB,Over 5000 MB/s,Between 3000 - 4000 MB/s,509.53 RON
Corsair,Year,120 GB,Between 3000 - 4000 MB/s,Between 2000 - 2500 MB/s,560.32 RON
Seagate,Create,120 GB,Between 3000 - 4000 MB/s,Between 1500 - 2000 MB/s,659.95 RON
Western Digital,Go,256 GB,Between 1500 - 2000 MB/s,Between 2500 - 3000 MB/s,422.79 RON
Crucial,What,512 GB,Between 2000 - 2500 MB/s,Between 3000 - 4000 MB/s,1316.01 RON
Crucial,Describe,512 GB,Between 2000 - 2500 MB/s,Over 5000 MB/s,252.91 RON
ADATA,First,128 GB,Between 3000 - 4000 MB/s,Between 2000 - 2500 MB/s,1192.7 RON
Seagate,Leg,120 GB,Between 3000 - 4000 MB/s,Over 5000 MB/s,918.58 RON
Corsair,Them,120 GB,Between 1500 - 2000 MB/s,Over 5000 MB/s,858.63 RON
ADATA,Tough,2000 GB,Between 1500 - 2000 MB/s,Between 2000 - 2500 MB/s,156.82 RON
Corsair,Especially,128 GB,Between 1500 - 2000 MB/s,Between 1500 - 2000 MB/s,203.58 RON
Crucial,Her,240 GB,Between 1500 - 2000 MB/s,Between 2000 - 2500 MB/s,248.8 RON
Corsair,Fill,128 GB,Over 5000 MB/s,Between 1500 - 2000 MB/s,1496.79 RON
Samsung,Perform,256 GB,Between 2000 - 2500 MB/s,Between 2500 - 3000 MB/s,649.86 RON
Western Digital,Scene,120 GB,Over 5000 MB/s,Between 1500 - 2000 MB/s,77.4 RON
Seagate,Tree,512 GB,Between 2500 - 3000 MB/s,Between 1500 - 2000 MB/s,314.82 RON
Corsair,Friend,128 GB,Over 5000 MB/s,Between 1500 - 2000 MB/s,500.04 RON
ADATA,Role,1000 GB,Between 2000 - 2500 MB/s,Between 1500 - 2000 MB/s,1307.05 RON
Crucial,Real,256 GB,Between 1500 - 2000 MB/s,Between 1500 - 2000 MB/s,303.45 RON
Samsung,Person,512 GB,Between 1500 - 2000 MB/s,Over 5000 MB/s,1221.04 RON
Western Digital,End,512 GB,Between 2000 - 2500 MB/s,Between 2500 - 3000 MB/s,259.35 RON
ADATA,If,512 GB,Over 5000 MB/s,Between 2000 - 2500 MB/s,306.91 RON
Samsung,Rest,512 GB,Over 5000 MB/s,Between 2000 - 2500 MB/s,1094.55 RON
Crucial,Travel,120 GB,Between 2500 - 3000 MB/s,Between 1500 - 2000 MB/s,1294.38 RON
Western Digital,They,500 GB,Between 1500 - 2000 MB/s,Between 2000 - 2500 MB/s,1287.42 RON
Corsair,Agreement,500 GB,Over 5000 MB/s,Over 5000 MB/s,921.35 RON
ADATA,Move,120 GB,Between 2000 - 2500 MB/s,Between 1500 - 2000 MB/s,735.04 RON
Corsair,Set,2000 GB,Between 2000 - 2500 MB/s,Between 3000 - 4000 MB/s,282.98 RON
Samsung,Mention,240 GB,Between 2000 - 2500 MB/s,Between 3000 - 4000 MB/s,1408.84 RON
Seagate,Group,500 GB,Between 1500 - 2000 MB/s,Between 3000 - 4000 MB/s,84.65 RON
Western Digital,Blue,1000 GB,Between 3000 - 4000 MB/s,Between 2000 - 2500 MB/s,155.11 RON
Crucial,These,1000 GB,Between 1500 - 2000 MB/s,Between 2000 - 2500 MB/s,135.99 RON
ADATA,Without,128 GB,Between 1500 - 2000 MB/s,Between 3000 - 4000 MB/s,281.76 RON
Corsair,Shake,500 GB,Between 1500 - 2000 MB/s,Between 2000 - 2500 MB/s,1452.4 RON
Western Digital,Always,1000 GB,Between 2000 - 2500 MB/s,Between 2000 - 2500 MB/s,1318.01 RON
Crucial,Resource,512 GB,Over 5000 MB/s,Between 1500 - 2000 MB/s,594.18 RON
Seagate,Special,2000 GB,Between 1500 - 2000 MB/s,Between 2000 - 2500 MB/s,1093.57 RON
ADATA,History,1000 GB,Between 2500 - 3000 MB/s,Between 1500 - 2000 MB/s,281.24 RON
ADATA,Simple,500 GB,Over 5000 MB/s,Between 2000 - 2500 MB/s,631.37 RON
Seagate,Professor,240 GB,Between 1500 - 2000 MB/s,Between 1500 - 2000 MB/s,631.64 RON
Seagate,Together,256 GB,Between 2000 - 2500 MB/s,Between 2000 - 2500 MB/s,947.39 RON
Samsung,Wrong,128 GB,Between 2500 - 3000 MB/s,Between 1500 - 2000 MB/s,395.04 RON
Western Digital,Nothing,2000 GB,Between 2000 - 2500 MB/s,Between 2000 - 2500 MB/s,375.89 RON
Seagate,Few,512 GB,Between 2500 - 3000 MB/s,Between 1500 - 2000 MB/s,941.34 RON
Seagate,Both,512 GB,Between 2500 - 3000 MB/s,Over 5000 MB/s,270.17 RON
Samsung,Dark,128 GB,Between 1500 - 2000 MB/s,Over 5000 MB/s,853.75 RON
Corsair,Year,512 GB,Over 5000 MB/s,Between 1500 - 2000 MB/s,484.64 RON
Corsair,Role,256 GB,Between 1500 - 2000 MB/s,Between 1500 - 2000 MB/s,819.6 RON
Seagate,May,240 GB,Over 5000 MB/s,Over 5000 MB/s,1485.59 RON
ADATA,Medical,120 GB,Between 2000 - 2500 MB/s,Between 1500 - 2000 MB/s,558.31 RON
Western Digital,My,512 GB,Between 2000 - 2500 MB/s,Between 1500 - 2000 MB/s,914.41 RON
Seagate,Full,500 GB,Between 2000 - 2500 MB/s,Between 2000 - 2500 MB/s,911.13 RON
Crucial,Later,2000 GB,Between 3000 - 4000 MB/s,Between 2500 - 3000 MB/s,641.34 RON
Seagate,Story,256 GB,Between 1500 - 2000 MB/s,Between 3000 - 4000 MB/s,527.12 RON
ADATA,Since,512 GB,Between 1500 - 2000 MB/s,Between 2500 - 3000 MB/s,614.12 RON
ADATA,Each,512 GB,Between 3000 - 4000 MB/s,Between 2000 - 2500 MB/s,1442.44 RON
Seagate,Loss,240 GB,Between 3000 - 4000 MB/s,Between 1500 - 2000 MB/s,184.76 RON
Western Digital,Speech,1000 GB,Between 1500 - 2000 MB/s,Between 3000 - 4000 MB/s,368.12 RON
Crucial,Fine,120 GB,Between 1500 - 2000 MB/s,Between 1500 - 2000 MB/s,1420.83 RON
Seagate,Civil,2000 GB,Between 1500 - 2000 MB/s,Between 2000 - 2500 MB/s,1113.37 RON
Corsair,Factor,2000 GB,Between 3000 - 4000 MB/s,Between 1500 - 2000 MB/s,1464.2 RON
Corsair,Game,128 GB,Between 1500 - 2000 MB/s,Over 5000 MB/s,1323.62 RON
Samsung,Including,256 GB,Over 5000 MB/s,Between 2000 - 2500 MB/s,601.52 RON
Seagate,Measure,120 GB,Between 1500 - 2000 MB/s,Between 2000 - 2500 MB/s,919.32 RON
Samsung,Present,512 GB,Between 1500 - 2000 MB/s,Between 2000 - 2500 MB/s,1253.46 RON
Samsung,Number,240 GB,Between 1500 - 2000 MB/s,Over 5000 MB/s,362.73 RON
Western Digital,Show,120 GB,Between 1500 - 2000 MB/s,Between 2000 - 2500 MB/s,701.36 RON
ADATA,Firm,2000 GB,Between 1500 - 2000 MB/s,Over 5000 MB/s,1486.22 RON
ADATA,Again,512 GB,Between 1500 - 2000 MB/s,Between 1500 - 2000 MB/s,110.36 RON
Samsung,Section,512 GB,Between 3000 - 4000 MB/s,Between 2000 - 2500 MB/s,1115.78 RON
Seagate,See,2000 GB,Between 1500 - 2000 MB/s,Between 2000 - 2500 MB/s,116.21 RON
Crucial,Memory,240 GB,Between 2000 - 2500 MB/s,Between 3000 - 4000 MB/s,321.41 RON
Seagate,Her,2000 GB,Between 1500 - 2000 MB/s,Between 1500 - 2000 MB/s,464.72 RON
Seagate,Adult,2000 GB,Over 5000 MB/s,Between 1500 - 2000 MB/s,896.48 RON
ADATA,Century,500 GB,Between 3000 - 4000 MB/s,Over 5000 MB/s,1104.92 RON
ADATA,Song,128 GB,Between 2500 - 3000 MB/s,Between 1500 - 2000 MB/s,549.65 RON
Corsair,Consumer,1000 GB,Between 3000 - 4000 MB/s,Between 3000 - 4000 MB/s,997.96 RON
Seagate,Public,500 GB,Between 2000 - 2500 MB/s,Between 3000 - 4000 MB/s,603.95 RON
Samsung,Hard,1000 GB,Over 5000 MB/s,Over 5000 MB/s,617.04 RON
Western Digital,Marriage,2000 GB,Over 5000 MB/s,Between 2500 - 3000 MB/s,883.38 RON
Seagate,Hold,512 GB,Between 1500 - 2000 MB/s,Between 3000 - 4000 MB/s,625.47 RON
Seagate,Positive,1000 GB,Between 1500 - 2000 MB/s,Over 5000 MB/s,101.18 RON
Seagate,Man,500 GB,Between 2000 - 2500 MB/s,Between 3000 - 4000 MB/s,1086.07 RON
ADATA,Expect,1000 GB,Between 2000 - 2500 MB/s,Between 1500 - 2000 MB/s,148.9 RON
Crucial,Fill,240 GB,Between 3000 - 4000 MB/s,Between 2000 - 2500 MB/s,747.14 RON
Western Digital,Along,2000 GB,Between 1500 - 2000 MB/s,Between 2500 - 3000 MB/s,87.68 RON
Corsair,Particular,256 GB,Between 3000 - 4000 MB/s,Between 3000 - 4000 MB/s,188.6 RON
ADATA,Safe,128 GB,Over 5000 MB/s,Over 5000 MB/s,1188.56 RON
ADATA,Each,1000 GB,Between 2500 - 3000 MB/s,Over 5000 MB/s,830.98 RON
Samsung,Tough,240 GB,Between 1500 - 2000 MB/s,Over 5000 MB/s,1070.64 RON
Western Digital,Suddenly,240 GB,Between 2500 - 3000 MB/s,Over 5000 MB/s,726.26 RON
Seagate,Who,120 GB,Between 2000 - 2500 MB/s,Between 2000 - 2500 MB/s,346.05 RON
Corsair,Serve,500 GB,Between 2500 - 3000 MB/s,Between 2000 - 2500 MB/s,278.74 RON
Seagate,Professional,128 GB,Between 1500 - 2000 MB/s,Between 1500 - 2000 MB/s,1461.23 RON
ADATA,Fight,256 GB,Between 1500 - 2000 MB/s,Between 1500 - 2000 MB/s,1337.11 RON
Seagate,Language,120 GB,Between 2500 - 3000 MB/s,Between 2500 - 3000 MB/s,641.34 RON
Seagate,Reflect,240 GB,Between 3000 - 4000 MB/s,Between 2000 - 2500 MB/s,562.59 RON
Western Digital,Science,1000 GB,Between 1500 - 2000 MB/s,Between 1500 - 2000 MB/s,815.14 RON
Crucial,Growth,128 GB,Between 2000 - 2500 MB/s,Over 5000 MB/s,1274.88 RON
Crucial,Order,256 GB,Between 1500 - 2000 MB/s,Between 2000 - 2500 MB/s,753.27 RON
Samsung,Front,240 GB,Between 2500 - 3000 MB/s,Over 5000 MB/s,986.85 RON
Western Digital,Learn,1000 GB,Between 2500 - 3000 MB/s,Between 2500 - 3000 MB/s,1491.13 RON
Samsung,Compare,256 GB,Over 5000 MB/s,Between 2000 - 2500 MB/s,521.29 RON
Seagate,Break,2000 GB,Between 1500 - 2000 MB/s,Between 1500 - 2000 MB/s,926.8 RON
Crucial,Write,256 GB,Between 2000 - 2500 MB/s,Between 1500 - 2000 MB/s,895.86 RON
Western Digital,Through,240 GB,Between 2000 - 2500 MB/s,Between 1500 - 2000 MB/s,849.48 RON
Western Digital,Color,512 GB,Between 3000 - 4000 MB/s,Between 3000 - 4000 MB/s,279.26 RON
Crucial,Bed,240 GB,Between 1500 - 2000 MB/s,Between 3000 - 4000 MB/s,465.86 RON
Samsung,Song,512 GB,Between 2500 - 3000 MB/s,Between 3000 - 4000 MB/s,1143.8 RON
Samsung,Identify,512 GB,Between 3000 - 4000 MB/s,Between 2000 - 2500 MB/s,554.34 RON
Samsung,Part,1000 GB,Between 2500 - 3000 MB/s,Between 1500 - 2000 MB/s,1219.57 RON
Western Digital,Certain,240 GB,Between 2000 - 2500 MB/s,Between 3000 - 4000 MB/s,458.23 RON
Western Digital,Reduce,500 GB,Between 3000 - 4000 MB/s,Between 1500 - 2000 MB/s,95.78 RON
Corsair,Later,1000 GB,Between 3000 - 4000 MB/s,Between 2000 - 2500 MB/s,149.74 RON
Samsung,Everything,256 GB,Between 2500 - 3000 MB/s,Between 2000 - 2500 MB/s,1299.84 RON
Corsair,Eat,120 GB,Between 1500 - 2000 MB/s,Over 5000 MB/s,616.07 RON
Western Digital,History,1000 GB,Between 2000 - 2500 MB/s,Over 5000 MB/s,1334.75 RON
Samsung,Price,120 GB,Between 1500 - 2000 MB/s,Between 1500 - 2000 MB/s,706.45 RON
Samsung,Customer,120 GB,Over 5000 MB/s,Between 1500 - 2000 MB/s,1147.78 RON
Western Digital,Challenge,240 GB,Between 2500 - 3000 MB/s,Between 1500 - 2000 MB/s,1311.52 RON
Crucial,Police,240 GB,Between 3000 - 4000 MB/s,Over 5000 MB/s,838.68 RON
Western Digital,Develop,128 GB,Between 2500 - 3000 MB/s,Between 1500 - 2000 MB/s,632.03 RON
Seagate,Support,240 GB,Between 1500 - 2000 MB/s,Over 5000 MB/s,679.85 RON
Seagate,Power,120 GB,Between 3000 - 4000 MB/s,Between 2000 - 2500 MB/s,220.61 RON
Samsung,Loss,120 GB,Between 1500 - 2000 MB/s,Over 5000 MB/s,1222.66 RON
Seagate,Rest,512 GB,Between 1500 - 2000 MB/s,Between 1500 - 2000 MB/s,902.03 RON
Western Digital,Rest,240 GB,Between 3000 - 4000 MB/s,Between 2500 - 3000 MB/s,639.33 RON
Western Digital,All,2000 GB,Between 2000 - 2500 MB/s,Between 1500 - 2000 MB/s,1202.26 RON
Samsung,Crime,2000 GB,Between 3000 - 4000 MB/s,Between 1500 - 2000 MB/s,1437.17 RON
Seagate,Food,240 GB,Over 5000 MB/s,Over 5000 MB/s,309.18 RON
Western Digital,Thank,128 GB,Between 2000 - 2500 MB/s,Between 2500 - 3000 MB/s,1458.64 RON
Corsair,Thousand,512 GB,Over 5000 MB/s,Between 1500 - 2000 MB/s,1447.6 RON
Samsung,Doctor,1000 GB,Between 2000 - 2500 MB/s,Over 5000 MB/s,1232.25 RON
Western Digital,Front,500 GB,Between 2500 - 3000 MB/s,Between 2500 - 3000 MB/s,557.01 RON
Crucial,Say,512 GB,Over 5000 MB/s,Between 2000 - 2500 MB/s,256.35 RON
ADATA,Black,2000 GB,Between 2500 - 3000 MB/s,Over 5000 MB/s,1261.96 RON
ADATA,Able,256 GB,Between 2500 - 3000 MB/s,Between 2000 - 2500 MB/s,1337.53 RON
Corsair,Method,128 GB,Between 2000 - 2500 MB/s,Between 1500 - 2000 MB/s,837.32 RON
Samsung,Job,512 GB,Between 2500 - 3000 MB/s,Between 2000 - 2500 MB/s,527.81 RON
ADATA,Population,1000 GB,Between 2000 - 2500 MB/s,Between 2500 - 3000 MB/s,93.84 RON
Western Digital,Arrive,120 GB,Between 1500 - 2000 MB/s,Between 2000 - 2500 MB/s,945.64 RON
Seagate,Health,2000 GB,Between 2500 - 3000 MB/s,Between 2000 - 2500 MB/s,365.58 RON
Crucial,Suffer,128 GB,Between 1500 - 2000 MB/s,Between 1500 - 2000 MB/s,984.52 RON
Corsair,Easy,2000 GB,Between 1500 - 2000 MB/s,Between 2000 - 2500 MB/s,507.73 RON
Corsair,Fact,500 GB,Between 1500 - 2000 MB/s,Between 3000 - 4000 MB/s,1289.35 RON
Samsung,Spring,128 GB,Between 3000 - 4000 MB/s,Between 2000 - 2500 MB/s,1347.51 RON
Western Digital,Teach,512 GB,Between 3000 - 4000 MB/s,Over 5000 MB/s,479.56 RON
Samsung,Bank,128 GB,Between 1500 - 2000 MB/s,Between 1500 - 2000 MB/s,371.61 RON
ADATA,Wait,128 GB,Between 1500 - 2000 MB/s,Between 3000 - 4000 MB/s,1395.96 RON
Crucial,Certainly,2000 GB,Between 1500 - 2000 MB/s,Between 3000 - 4000 MB/s,1379.56 RON
ADATA,Require,256 GB,Between 3000 - 4000 MB/s,Between 3000 - 4000 MB/s,855.79 RON
Corsair,Century,240 GB,Between 1500 - 2000 MB/s,Between 1500 - 2000 MB/s,1099.91 RON
Crucial,Sister,128 GB,Between 2000 - 2500 MB/s,Between 2500 - 3000 MB/s,548.26 RON
Western Digital,Major,120 GB,Between 1500 - 2000 MB/s,Over 5000 MB/s,1279.89 RON
Crucial,Case,240 GB,Over 5000 MB/s,Between 2000 - 2500 MB/s,1274.42 RON
Crucial,Hot,500 GB,Between 1500 - 2000 MB/s,Between 3000 - 4000 MB/s,1003.66 RON
Corsair,Cover,120 GB,Between 2500 - 3000 MB/s,Between 1500 - 2000 MB/s,1238.66 RON
Corsair,Bill,240 GB,Between 1500 - 2000 MB/s,Between 2500 - 3000 MB/s,1425.16 RON
Western Digital,Individual,2000 GB,Between 3000 - 4000 MB/s,Over 5000 MB/s,826.05 RON
Corsair,Opportunity,240 GB,Between 3000 - 4000 MB/s,Between 1500 - 2000 MB/s,1345.7 RON
Corsair,Response,128 GB,Between 2000 - 2500 MB/s,Between 3000 - 4000 MB/s,870.8 RON
ADATA,Today,256 GB,Between 1500 - 2000 MB/s,Between 2500 - 3000 MB/s,248.17 RON
Samsung,Name,256 GB,Between 2500 - 3000 MB/s,Between 1500 - 2000 MB/s,1062.03 RON
ADATA,Lose,120 GB,Over 5000 MB/s,Between 2500 - 3000 MB/s,231.07 RON
ADATA,Theory,256 GB,Between 2500 - 3000 MB/s,Between 3000 - 4000 MB/s,1122.19 RON
Crucial,Treatment,120 GB,Between 3000 - 4000 MB/s,Between 2500 - 3000 MB/s,854.06 RON
Seagate,Picture,240 GB,Between 3000 - 4000 MB/s,Between 2000 - 2500 MB/s,1351.61 RON
Seagate,Market,128 GB,Between 1500 - 2000 MB/s,Between 2000 - 2500 MB/s,1404.19 RON
Corsair,Fly,1000 GB,Over 5000 MB/s,Over 5000 MB/s,1182.43 RON
Western Digital,Republican,500 GB,Between 3000 - 4000 MB/s,Between 1500 - 2000 MB/s,813.52 RON
Corsair,Prevent,256 GB,Between 3000 - 4000 MB/s,Between 1500 - 2000 MB/s,1083.65 RON
Samsung,Before,1000 GB,Between 2500 - 3000 MB/s,Between 2000 - 2500 MB/s,695.96 RON
ADATA,Executive,128 GB,Between 3000 - 4000 MB/s,Between 1500 - 2000 MB/s,1135.03 RON
Corsair,Than,1000 GB,Between 3000 - 4000 MB/s,Between 3000 - 4000 MB/s,76.55 RON
Corsair,Thing,128 GB,Between 1500 - 2000 MB/s,Over 5000 MB/s,1267.7 RON
Corsair,With,120 GB,Between 2000 - 2500 MB/s,Between 2500 - 3000 MB/s,675.31 RON
ADATA,Win,240 GB,Between 2500 - 3000 MB/s,Between 2000 - 2500 MB/s,1096.0 RON
Seagate,Leave,256 GB,Between 3000 - 4000 MB/s,Over 5000 MB/s,428.1 RON
Crucial,Decide,240 GB,Over 5000 MB/s,Over 5000 MB/s,447.44 RON
ADATA,Suddenly,128 GB,Between 2500 - 3000 MB/s,Over 5000 MB/s,994.4 RON
Seagate,Tv,2000 GB,Between 2500 - 3000 MB/s,Between 2500 - 3000 MB/s,1028.76 RON
Western Digital,Kitchen,500 GB,Over 5000 MB/s,Over 5000 MB/s,300.51 RON
ADATA,Room,120 GB,Between 3000 - 4000 MB/s,Between 2000 - 2500 MB/s,1359.96 RON
Samsung,Policy,1000 GB,Between 1500 - 2000 MB/s,Between 3000 - 4000 MB/s,789.87 RON
Seagate,Space,1000 GB,Between 1500 - 2000 MB/s,Between 1500 - 2000 MB/s,181.33 RON
Samsung,Sign,500 GB,Between 1500 - 2000 MB/s,Between 2500 - 3000 MB/s,764.23 RON
Seagate,Determine,512 GB,Between 2500 - 3000 MB/s,Between 3000 - 4000 MB/s,693.7 RON
Seagate,Pressure,128 GB,Between 2000 - 2500 MB/s,Between 2000 - 2500 MB/s,971.15 RON
Seagate,Try,240 GB,Over 5000 MB/s,Between 1500 - 2000 MB/s,198.77 RON
Crucial,Green,256 GB,Between 1500 - 2000 MB/s,Between 1500 - 2000 MB/s,1397.06 RON
Western Digital,Continue,512 GB,Between 2000 - 2500 MB/s,Between 1500 - 2000 MB/s,573.44 RON
Corsair,Series,256 GB,Between 2500 - 3000 MB/s,Between 2000 - 2500 MB/s,1419.55 RON
ADATA,Result,2000 GB,Between 1500 - 2000 MB/s,Between 2000 - 2500 MB/s,1341.4 RON
Seagate,Occur,512 GB,Between 2000 - 2500 MB/s,Between 1500 - 2000 MB/s,926.32 RON
Seagate,Far,120 GB,Between 3000 - 4000 MB/s,Between 2000 - 2500 MB/s,562.48 RON
Crucial,Pattern,2000 GB,Over 5000 MB/s,Over 5000 MB/s,443.58 RON
Seagate,Loss,512 GB,Between 2500 - 3000 MB/s,Between 2000 - 2500 MB/s,1475.63 RON
Corsair,Three,256 GB,Between 1500 - 2000 MB/s,Between 1500 - 2000 MB/s,95.9 RON
ADATA,Light,256 GB,Between 2000 - 2500 MB/s,Between 2000 - 2500 MB/s,289.57 RON
Samsung,Play,240 GB,Between 3000 - 4000 MB/s,Between 2500 - 3000 MB/s,1057.92 RON
Western Digital,Crime,128 GB,Between 1500 - 2000 MB/s,Between 2000 - 2500 MB/s,1337.17 RON
Seagate,Only,240 GB,Between 1500 - 2000 MB/s,Between 2500 - 3000 MB/s,521.01 RON
ADATA,White,120 GB,Between 1500 - 2000 MB/s,Between 3000 - 4000 MB/s,923.79 RON
Western Digital,Agent,120 GB,Between 3000 - 4000 MB/s,Over 5000 MB/s,1292.13 RON
Crucial,Be,128 GB,Over 5000 MB/s,Between 3000 - 4000 MB/s,209.44 RON
Samsung,Along,256 GB,Between 1500 - 2000 MB/s,Between 2500 - 3000 MB/s,551.37 RON
ADATA,Wife,256 GB,Between 1500 - 2000 MB/s,Between 2500 - 3000 MB/s,134.13 RON
Western Digital,Themselves,240 GB,Over 5000 MB/s,Between 3000 - 4000 MB/s,176.59 RON
Seagate,Everybody,2000 GB,Between 1500 - 2000 MB/s,Between 2000 - 2500 MB/s,1278.16 RON
Western Digital,Receive,120 GB,Between 2000 - 2500 MB/s,Over 5000 MB/s,721.18 RON
ADATA,Social,120 GB,Between 2500 - 3000 MB/s,Between 2500 - 3000 MB/s,900.51 RON
Seagate,Citizen,1000 GB,Between 3000 - 4000 MB/s,Between 1500 - 2000 MB/s,1278.03 RON
Crucial,Apply,500 GB,Between 3000 - 4000 MB/s,Between 3000 - 4000 MB/s,1027.45 RON
Corsair,Specific,120 GB,Between 1500 - 2000 MB/s,Between 1500 - 2000 MB/s,1462.79 RON
Western Digital,Fill,2000 GB,Between 2500 - 3000 MB/s,Over 5000 MB/s,647.08 RON
Samsung,Voice,240 GB,Between 1500 - 2000 MB/s,Between 2000 - 2500 MB/s,1373.97 RON
Crucial,Example,500 GB,Between 1500 - 2000 MB/s,Between 2500 - 3000 MB/s,914.2 RON
Corsair,Commercial,1000 GB,Between 3000 - 4000 MB/s,Over 5000 MB/s,637.84 RON
Corsair,Night,1000 GB,Between 1500 - 2000 MB/s,Between 2000 - 2500 MB/s,632.33 RON
Crucial,Property,512 GB,Between 1500 - 2000 MB/s,Between 1500 - 2000 MB/s,519.14 RON
ADATA,Miss,240 GB,Between 2500 - 3000 MB/s,Between 2000 - 2500 MB/s,1357.2 RON
Corsair,Black,240 GB,Between 1500 - 2000 MB/s,Between 3000 - 4000 MB/s,573.01 RON
Seagate,Chair,120 GB,Between 2000 - 2500 MB/s,Over 5000 MB/s,807.74 RON
Corsair,Case,1000 GB,Over 5000 MB/s,Between 3000 - 4000 MB/s,132.04 RON
Seagate,Girl,1000 GB,Between 2000 - 2500 MB/s,Between 2500 - 3000 MB/s,1091.5 RON
Samsung,No,128 GB,Between 1500 - 2000 MB/s,Between 1500 - 2000 MB/s,429.33 RON
Crucial,Season,240 GB,Between 1500 - 2000 MB/s,Between 1500 - 2000 MB/s,1302.32 RON
ADATA,Worker,120 GB,Between 1500 - 2000 MB/s,Over 5000 MB/s,1028.36 RON
Western Digital,Himself,1000 GB,Between 2500 - 3000 MB/s,Over 5000 MB/s,979.94 RON
ADATA,Job,500 GB,Over 5000 MB/s,Between 2000 - 2500 MB/s,411.27 RON
Samsung,Southern,500 GB,Between 1500 - 2000 MB/s,Between 2000 - 2500 MB/s,1445.59 RON
Western Digital,Business,256 GB,Over 5000 MB/s,Between 3000 - 4000 MB/s,78.43 RON
ADATA,Will,120 GB,Between 1500 - 2000 MB/s,Between 1500 - 2000 MB/s,1492.26 RON
ADATA,Charge,1000 GB,Between 1500 - 2000 MB/s,Between 2500 - 3000 MB/s,332.37 RON
Seagate,Style,120 GB,Between 2000 - 2500 MB/s,Between 2500 - 3000 MB/s,829.97 RON
Western Digital,Help,2000 GB,Between 3000 - 4000 MB/s,Between 1500 - 2000 MB/s,964.13 RON
Samsung,Industry,1000 GB,Between 2000 - 2500 MB/s,Between 2500 - 3000 MB/s,930.11 RON
Crucial,Growth,256 GB,Between 1500 - 2000 MB/s,Between 3000 - 4000 MB/s,1322.14 RON
Samsung,Necessary,500 GB,Between 3000 - 4000 MB/s,Over 5000 MB/s,378.29 RON
Crucial,Get,240 GB,Between 1500 - 2000 MB/s,Between 2500 - 3000 MB/s,1306.15 RON
Crucial,Tonight,512 GB,Between 1500 - 2000 MB/s,Over 5000 MB/s,1283.85 RON
Seagate,Alone,1000 GB,Between 1500 - 2000 MB/s,Over 5000 MB/s,1246.57 RON
Crucial,System,120 GB,Between 2000 - 2500 MB/s,Between 3000 - 4000 MB/s,998.36 RON
Crucial,Tough,500 GB,Between 3000 - 4000 MB/s,Between 2000 - 2500 MB/s,718.43 RON
Samsung,Establish,256 GB,Between 3000 - 4000 MB/s,Between 2000 - 2500 MB/s,1259.95 RON
Samsung,Staff,240 GB,Between 1500 - 2000 MB/s,Between 2000 - 2500 MB/s,815.27 RON
Western Digital,Hundred,500 GB,Between 1500 - 2000 MB/s,Over 5000 MB/s,638.14 RON
Seagate,Reveal,256 GB,Over 5000 MB/s,Between 1500 - 2000 MB/s,482.43 RON
Samsung,Represent,500 GB,Between 2000 - 2500 MB/s,Between 1500 - 2000 MB/s,766.39 RON
Western Digital,Investment,500 GB,Between 1500 - 2000 MB/s,Between 2000 - 2500 MB/s,818.92 RON
ADATA,Measure,2000 GB,Between 3000 - 4000 MB/s,Between 1500 - 2000 MB/s,117.63 RON
Crucial,Really,512 GB,Between 1500 - 2000 MB/s,Between 1500 - 2000 MB/s,91.66 RON
ADATA,Stuff,256 GB,Over 5000 MB/s,Between 2500 - 3000 MB/s,428.88 RON
Crucial,Half,240 GB,Between 3000 - 4000 MB/s,Between 2000 - 2500 MB/s,405.07 RON
Corsair,Time,512 GB,Between 1500 - 2000 MB/s,Between 1500 - 2000 MB/s,732.31 RON
ADATA,Public,512 GB,Between 1500 - 2000 MB/s,Between 1500 - 2000 MB/s,148.79 RON
Corsair,Attention,512 GB,Over 5000 MB/s,Between 1500 - 2000 MB/s,88.49 RON
Crucial,Whom,512 GB,Between 3000 - 4000 MB/s,Between 1500 - 2000 MB/s,571.1 RON
Western Digital,Ten,256 GB,Between 2500 - 3000 MB/s,Between 2000 - 2500 MB/s,127.35 RON
Corsair,Nature,128 GB,Between 3000 - 4000 MB/s,Between 2000 - 2500 MB/s,374.63 RON
Crucial,Car,256 GB,Between 2500 - 3000 MB/s,Between 1500 - 2000 MB/s,1155.01 RON
ADATA,Everyone,120 GB,Between 1500 - 2000 MB/s,Between 2000 - 2500 MB/s,167.96 RON
Samsung,Capital,1000 GB,Between 2000 - 2500 MB/s,Between 2000 - 2500 MB/s,666.86 RON
Seagate,Like,1000 GB,Between 1500 - 2000 MB/s,Between 1500 - 2000 MB/s,1039.96 RON
Crucial,Need,1000 GB,Between 3000 - 4000 MB/s,Between 1500 - 2000 MB/s,1080.77 RON
Crucial,Wall,2000 GB,Between 3000 - 4000 MB/s,Between 3000 - 4000 MB/s,247.45 RON
Samsung,Down,128 GB,Between 3000 - 4000 MB/s,Between 1500 - 2000 MB/s,1445.96 RON
Western Digital,Economic,1000 GB,Between 1500 - 2000 MB/s,Between 2000 - 2500 MB/s,1018.77 RON
Crucial,Focus,2000 GB,Between 3000 - 4000 MB/s,Between 1500 - 2000 MB/s,1064.69 RON
Samsung,Draw,120 GB,Between 2000 - 2500 MB/s,Over 5000 MB/s,376.36 RON
ADATA,Begin,1000 GB,Between 1500 - 2000 MB/s,Between 1500 - 2000 MB/s,808.86 RON
Crucial,Manager,2000 GB,Over 5000 MB/s,Between 1500 - 2000 MB/s,1046.1 RON
Corsair,Me,2000 GB,Between 2500 - 3000 MB/s,Between 3000 - 4000 MB/s,217.58 RON
Western Digital,Drive,128 GB,Between 2500 - 3000 MB/s,Over 5000 MB/s,711.11 RON
Western Digital,Per,128 GB,Over 5000 MB/s,Between 2500 - 3000 MB/s,729.65 RON
Corsair,Drive,240 GB,Between 1500 - 2000 MB/s,Between 1500 - 2000 MB/s,1102.42 RON
ADATA,Strong,500 GB,Between 2500 - 3000 MB/s,Over 5000 MB/s,967.73 RON
Corsair,Even,1000 GB,Over 5000 MB/s,Between 2000 - 2500 MB/s,1300.91 RON
Seagate,Seven,256 GB,Between 1500 - 2000 MB/s,Between 3000 - 4000 MB/s,858.93 RON
ADATA,Behavior,256 GB,Between 2000 - 2500 MB/s,Between 1500 - 2000 MB/s,74.56 RON
Crucial,Contain,240 GB,Between 1500 - 2000 MB/s,Between 1500 - 2000 MB/s,767.83 RON
Samsung,Above,240 GB,Between 2500 - 3000 MB/s,Between 1500 - 2000 MB/s,921.82 RON
Samsung,Apply,256 GB,Between 2500 - 3000 MB/s,Between 2500 - 3000 MB/s,677.92 RON
ADATA,Military,500 GB,Between 2500 - 3000 MB/s,Over 5000 MB/s,1458.2 RON
ADATA,Consider,128 GB,Between 1500 - 2000 MB/s,Between 2000 - 2500 MB/s,277.48 RON
Western Digital,Business,1000 GB,Between 1500 - 2000 MB/s,Between 3000 - 4000 MB/s,260.18 RON
Western Digital,Reduce,500 GB,Between 2000 - 2500 MB/s,Over 5000 MB/s,730.81 RON
Corsair,Lead,512 GB,Between 1500 - 2000 MB/s,Between 1500 - 2000 MB/s,937.92 RON
Western Digital,Participant,240 GB,Between 1500 - 2000 MB/s,Between 3000 - 4000 MB/s,800.77 RON
ADATA,Remember,512 GB,Between 3000 - 4000 MB/s,Between 2500 - 3000 MB/s,214.4 RON
Crucial,Despite,256 GB,Between 3000 - 4000 MB/s,Between 3000 - 4000 MB/s,1325.05 RON
Samsung,Follow,1000 GB,Over 5000 MB/s,Between 2000 - 2500 MB/s,1053.64 RON
Crucial,Mouth,512 GB,Between 2500 - 3000 MB/s,Between 1500 - 2000 MB/s,1137.65 RON
Crucial,Present,2000 GB,Over 5000 MB/s,Between 2000 - 2500 MB/s,884.97 RON
Crucial,Consumer,128 GB,Between 2500 - 3000 MB/s,Over 5000 MB/s,1362.97 RON
Corsair,Town,256 GB,Between 3000 - 4000 MB/s,Between 1500 - 2000 MB/s,1123.47 RON
Crucial,Between,240 GB,Over 5000 MB/s,Between 2500 - 3000 MB/s,336.84 RON
Samsung,Other,128 GB,Over 5000 MB/s,Between 1500 - 2000 MB/s,708.99 RON
Seagate,View,512 GB,Between 1500 - 2000 MB/s,Between 3000 - 4000 MB/s,447.64 RON
Corsair,Suggest,512 GB,Between 3000 - 4000 MB/s,Over 5000 MB/s,1481.79 RON
ADATA,Her,512 GB,Between 3000 - 4000 MB/s,Over 5000 MB/s,1497.81 RON
Western Digital,Remember,128 GB,Between 1500 - 2000 MB/s,Between 1500 - 2000 MB/s,1263.82 RON
Corsair,Movie,120 GB,Between 1500 - 2000 MB/s,Between 1500 - 2000 MB/s,1346.27 RON
Seagate,Development,128 GB,Between 3000 - 4000 MB/s,Between 1500 - 2000 MB/s,284.4 RON
Seagate,Often,500 GB,Between 3000 - 4000 MB/s,Between 1500 - 2000 MB/s,289.72 RON
ADATA,Avoid,240 GB,Between 1500 - 2000 MB/s,Over 5000 MB/s,633.31 RON
Crucial,Always,128 GB,Between 3000 - 4000 MB/s,Over 5000 MB/s,266.06 RON
Samsung,Brother,128 GB,Between 2500 - 3000 MB/s,Between 2000 - 2500 MB/s,840.99 RON
Samsung,Need,128 GB,Between 1500 - 2000 MB/s,Between 3000 - 4000 MB/s,1039.02 RON
ADATA,Laugh,128 GB,Between 1500 - 2000 MB/s,Over 5000 MB/s,287.52 RON
Seagate,Point,512 GB,Over 5000 MB/s,Between 1500 - 2000 MB/s,436.49 RON
Seagate,Blood,128 GB,Between 2000 - 2500 MB/s,Between 1500 - 2000 MB/s,1115.44 RON
Samsung,Report,500 GB,Between 1500 - 2000 MB/s,Between 2000 - 2500 MB/s,1442.44 RON
Crucial,Soon,256 GB,Between 2500 - 3000 MB/s,Between 1500 - 2000 MB/s,1138.8 RON
Western Digital,Teacher,2000 GB,Over 5000 MB/s,Between 2500 - 3000 MB/s,1476.13 RON
Samsung,You,2000 GB,Between 3000 - 4000 MB/s,Between 1500 - 2000 MB/s,1084.16 RON
Crucial,Home,1000 GB,Between 1500 - 2000 MB/s,Between 3000 - 4000 MB/s,1095.86 RON
Crucial,Town,2000 GB,Between 3000 - 4000 MB/s,Between 1500 - 2000 MB/s,1145.33 RON
Seagate,Financial,120 GB,Between 2500 - 3000 MB/s,Between 1500 - 2000 MB/s,242.03 RON
Corsair,Positive,120 GB,Between 3000 - 4000 MB/s,Between 2500 - 3000 MB/s,1271.7 RON
Western Digital,Everybody,512 GB,Over 5000 MB/s,Between 3000 - 4000 MB/s,75.18 RON
Corsair,Six,128 GB,Between 1500 - 2000 MB/s,Between 1500 - 2000 MB/s,460.7 RON
Western Digital,Light,512 GB,Between 1500 - 2000 MB/s,Between 2500 - 3000 MB/s,345.8 RON
Seagate,Late,1000 GB,Between 2500 - 3000 MB/s,Over 5000 MB/s,148.3 RON
Crucial,Operation,128 GB,Between 2000 - 2500 MB/s,Between 3000 - 4000 MB/s,906.08 RON
ADATA,Several,2000 GB,Between 1500 - 2000 MB/s,Between 1500 - 2000 MB/s,1145.41 RON
Corsair,Price,240 GB,Between 2000 - 2500 MB/s,Between 1500 - 2000 MB/s,260.58 RON
Samsung,Key,256 GB,Between 1500 - 2000 MB/s,Between 1500 - 2000 MB/s,1426.18 RON
Samsung,North,1000 GB,Between 2500 - 3000 MB/s,Between 1500 - 2000 MB/s,957.48 RON
ADATA,Because,256 GB,Over 5000 MB/s,Between 1500 - 2000 MB/s,748.93 RON
Western Digital,Individual,1000 GB,Between 2500 - 3000 MB/s,Between 2500 - 3000 MB/s,1222.71 RON
Western Digital,Church,2000 GB,Between 1500 - 2000 MB/s,Between 3000 - 4000 MB/s,1465.83 RON
Seagate,Compare,500 GB,Between 3000 - 4000 MB/s,Between 2000 - 2500 MB/s,850.2 RON
Western Digital,Early,1000 GB,Between 1500 - 2000 MB/s,Between 1500 - 2000 MB/s,694.77 RON
Crucial,Information,512 GB,Between 2000 - 2500 MB/s,Over 5000 MB/s,1003.17 RON
Seagate,Occur,256 GB,Between 2500 - 3000 MB/s,Between 3000 - 4000 MB/s,1376.03 RON
Samsung,Partner,128 GB,Between 1500 - 2000 MB/s,Between 2000 - 2500 MB/s,413.2 RON
ADATA,Listen,2000 GB,Over 5000 MB/s,Between 1500 - 2000 MB/s,1300.86 RON
Western Digital,Include,2000 GB,Between 2000 - 2500 MB/s,Between 1500 - 2000 MB/s,964.88 RON
Corsair,Or,512 GB,Between 2500 - 3000 MB/s,Between 2500 - 3000 MB/s,360.04 RON
Crucial,Friend,240 GB,Between 3000 - 4000 MB/s,Between 2500 - 3000 MB/s,1341.72 RON
Western Digital,Mr,512 GB,Between 1500 - 2000 MB/s,Between 1500 - 2000 MB/s,683.56 RON
Samsung,Career,256 GB,Between 1500 - 2000 MB/s,Between 2000 - 2500 MB/s,1219.63 RON
Crucial,Oil,512 GB,Between 1500 - 2000 MB/s,Between 2000 - 2500 MB/s,1043.75 RON
Corsair,Institution,120 GB,Between 1500 - 2000 MB/s,Between 2500 - 3000 MB/s,474.77 RON
ADATA,Boy,500 GB,Between 2000 - 2500 MB/s,Between 2000 - 2500 MB/s,944.19 RON
Samsung,How,256 GB,Between 2500 - 3000 MB/s,Between 1500 - 2000 MB/s,675.98 RON
Seagate,Compare,128 GB,Over 5000 MB/s,Between 1500 - 2000 MB/s,1165.02 RON
Samsung,Much,120 GB,Between 1500 - 2000 MB/s,Between 1500 - 2000 MB/s,920.72 RON
Seagate,Choice,240 GB,Between 1500 - 2000 MB/s,Between 3000 - 4000 MB/s,475.88 RON
Corsair,Opportunity,128 GB,Between 1500 - 2000 MB/s,Over 5000 MB/s,413.71 RON
Seagate,Program,240 GB,Between 2000 - 2500 MB/s,Between 1500 - 2000 MB/s,1459.34 RON
Western Digital,Hear,500 GB,Between 2500 - 3000 MB/s,Between 3000 - 4000 MB/s,1317.8 RON
Seagate,Street,256 GB,Between 1500 - 2000 MB/s,Between 1500 - 2000 MB/s,366.91 RON
Corsair,Black,128 GB,Between 3000 - 4000 MB/s,Between 1500 - 2000 MB/s,1233.58 RON
Corsair,Suggest,240 GB,Between 2500 - 3000 MB/s,Over 5000 MB/s,764.49 RON
Samsung,Choice,500 GB,Between 1500 - 2000 MB/s,Between 2000 - 2500 MB/s,1164.21 RON
Samsung,Too,120 GB,Between 2500 - 3000 MB/s,Between 1500 - 2000 MB/s,498.03 RON
ADATA,Nearly,128 GB,Between 1500 - 2000 MB/s,Between 1500 - 2000 MB/s,607.85 RON
Western Digital,Shoulder,128 GB,Between 1500 - 2000 MB/s,Over 5000 MB/s,1353.6 RON
Corsair,Three,256 GB,Between 1500 - 2000 MB/s,Over 5000 MB/s,320.62 RON
ADATA,Second,512 GB,Between 3000 - 4000 MB/s,Between 3000 - 4000 MB/s,589.84 RON
Western Digital,Year,2000 GB,Over 5000 MB/s,Between 2000 - 2500 MB/s,181.09 RON
ADATA,Book,1000 GB,Between 3000 - 4000 MB/s,Between 2500 - 3000 MB/s,475.13 RON
Seagate,Response,256 GB,Over 5000 MB/s,Between 1500 - 2000 MB/s,480.66 RON
Seagate,Save,240 GB,Between 3000 - 4000 MB/s,Between 2000 - 2500 MB/s,929.13 RON
Crucial,First,2000 GB,Between 1500 - 2000 MB/s,Between 1500 - 2000 MB/s,208.86 RON
Corsair,Sell,240 GB,Between 1500 - 2000 MB/s,Between 1500 - 2000 MB/s,764.88 RON
Crucial,Friend,1000 GB,Between 2500 - 3000 MB/s,Between 1500 - 2000 MB/s,1360.66 RON
Seagate,Game,2000 GB,Between 3000 - 4000 MB/s,Between 1500 - 2000 MB/s,1380.7 RON
Corsair,Color,2000 GB,Between 2500 - 3000 MB/s,Over 5000 MB/s,1377.38 RON
Samsung,Evidence,512 GB,Between 1500 - 2000 MB/s,Between 2000 - 2500 MB/s,799.63 RON
Western Digital,Reason,2000 GB,Over 5000 MB/s,Between 1500 - 2000 MB/s,1464.96 RON
Seagate,Energy,120 GB,Between 3000 - 4000 MB/s,Between 2000 - 2500 MB/s,518.46 RON
Corsair,Spend,500 GB,Between 3000 - 4000 MB/s,Between 2500 - 3000 MB/s,116.2 RON
Seagate,Not,1000 GB,Between 1500 - 2000 MB/s,Between 2000 - 2500 MB/s,604.06 RON
Samsung,Million,2000 GB,Between 3000 - 4000 MB/s,Between 2500 - 3000 MB/s,453.57 RON
Seagate,Nor,128 GB,Between 3000 - 4000 MB/s,Between 2500 - 3000 MB/s,646.68 RON
Western Digital,Budget,1000 GB,Between 2500 - 3000 MB/s,Between 1500 - 2000 MB/s,1187.22 RON
Samsung,Field,500 GB,Between 2000 - 2500 MB/s,Between 3000 - 4000 MB/s,1449.42 RON
ADATA,Enough,120 GB,Between 2000 - 2500 MB/s,Between 1500 - 2000 MB/s,1474.07 RON
Corsair,About,240 GB,Between 2000 - 2500 MB/s,Between 3000 - 4000 MB/s,508.7 RON
ADATA,Them,256 GB,Between 2000 - 2500 MB/s,Between 1500 - 2000 MB/s,1454.43 RON
Corsair,Move,500 GB,Between 1500 - 2000 MB/s,Between 1500 - 2000 MB/s,1219.38 RON
Crucial,Just,512 GB,Between 3000 - 4000 MB/s,Between 1500 - 2000 MB/s,411.69 RON
Western Digital,Federal,240 GB,Between 3000 - 4000 MB/s,Between 3000 - 4000 MB/s,1086.25 RON
ADATA,Staff,240 GB,Over 5000 MB/s,Between 2000 - 2500 MB/s,1428.21 RON
Samsung,Sea,500 GB,Between 2500 - 3000 MB/s,Over 5000 MB/s,587.86 RON
Crucial,Bar,1000 GB,Between 2500 - 3000 MB/s,Between 1500 - 2000 MB/s,113.8 RON
Western Digital,Special,128 GB,Over 5000 MB/s,Between 2500 - 3000 MB/s,1164.04 RON
Samsung,Network,1000 GB,Between 2000 - 2500 MB/s,Between 3000 - 4000 MB/s,517.25 RON
Crucial,Machine,1000 GB,Between 1500 - 2000 MB/s,Over 5000 MB/s,386.36 RON
Seagate,Trade,512 GB,Between 3000 - 4000 MB/s,Between 1500 - 2000 MB/s,1233.1 RON
Seagate,We,2000 GB,Between 2000 - 2500 MB/s,Between 1500 - 2000 MB/s,1249.76 RON
Corsair,Heavy,256 GB,Over 5000 MB/s,Between 2500 - 3000 MB/s,771.02 RON
Western Digital,Sometimes,512 GB,Between 1500 - 2000 MB/s,Between 3000 - 4000 MB/s,1206.6 RON
Western Digital,They,500 GB,Between 1500 - 2000 MB/s,Between 3000 - 4000 MB/s,1477.62 RON
Samsung,Speech,500 GB,Over 5000 MB/s,Between 2500 - 3000 MB/s,1242.61 RON
Seagate,Black,1000 GB,Between 3000 - 4000 MB/s,Over 5000 MB/s,358.51 RON
ADATA,See,128 GB,Between 1500 - 2000 MB/s,Between 2000 - 2500 MB/s,540.33 RON
Seagate,Seven,2000 GB,Between 1500 - 2000 MB/s,Over 5000 MB/s,1235.31 RON
Corsair,Free,512 GB,Between 3000 - 4000 MB/s,Between 1500 - 2000 MB/s,309.1 RON
Crucial,Most,2000 GB,Between 2500 - 3000 MB/s,Between 1500 - 2000 MB/s,254.92 RON
ADATA,Crime,512 GB,Between 3000 - 4000 MB/s,Between 2000 - 2500 MB/s,1437.06 RON
Crucial,Plan,240 GB,Between 1500 - 2000 MB/s,Between 1500 - 2000 MB/s,1412.52 RON
ADATA,Tend,128 GB,Between 2000 - 2500 MB/s,Between 3000 - 4000 MB/s,1227.25 RON
ADATA,Level,1000 GB,Between 2000 - 2500 MB/s,Between 2500 - 3000 MB/s,451.22 RON
ADATA,Reality,1000 GB,Between 3000 - 4000 MB/s,Over 5000 MB/s,385.13 RON
Seagate,Share,120 GB,Over 5000 MB/s,Between 1500 - 2000 MB/s,1094.13 RON
ADATA,Enough,2000 GB,Between 1500 - 2000 MB/s,Between 1500 - 2000 MB/s,382.38 RON
Samsung,New,256 GB,Between 3000 - 4000 MB/s,Between 3000 - 4000 MB/s,1218.15 RON
Seagate,College,128 GB,Between 1500 - 2000 MB/s,Between 2500 - 3000 MB/s,1205.46 RON
Samsung,Wife,2000 GB,Between 3000 - 4000 MB/s,Between 1500 - 2000 MB/s,1131.68 RON
Seagate,Kitchen,120 GB,Between 2500 - 3000 MB/s,Between 2000 - 2500 MB/s,729.84 RON
Seagate,Son,240 GB,Between 1500 - 2000 MB/s,Over 5000 MB/s,1039.85 RON
ADATA,Have,2000 GB,Over 5000 MB/s,Between 1500 - 2000 MB/s,494.96 RON
Crucial,Open,512 GB,Between 2500 - 3000 MB/s,Between 1500 - 2000 MB/s,137.9 RON
Samsung,Sort,500 GB,Between 1500 - 2000 MB/s,Between 1500 - 2000 MB/s,912.15 RON
Western Digital,Drive,500 GB,Over 5000 MB/s,Over 5000 MB/s,119.09 RON
Seagate,Statement,2000 GB,Between 1500 - 2000 MB/s,Between 3000 - 4000 MB/s,153.27 RON
ADATA,Consumer,2000 GB,Between 3000 - 4000 MB/s,Over 5000 MB/s,1132.3 RON
Corsair,Consumer,128 GB,Between 2500 - 3000 MB/s,Between 1500 - 2000 MB/s,1450.94 RON
Western Digital,Health,240 GB,Over 5000 MB/s,Between 2000 - 2500 MB/s,868.07 RON
Western Digital,Season,120 GB,Between 2000 - 2500 MB/s,Between 1500 - 2000 MB/s,463.84 RON
ADATA,Yard,120 GB,Between 3000 - 4000 MB/s,Between 3000 - 4000 MB/s,473.51 RON
Seagate,Wonder,2000 GB,Over 5000 MB/s,Between 3000 - 4000 MB/s,909.98 RON
Samsung,Option,240 GB,Over 5000 MB/s,Between 1500 - 2000 MB/s,904.52 RON
Crucial,Town,240 GB,Between 2500 - 3000 MB/s,Over 5000 MB/s,1063.85 RON
Crucial,Staff,256 GB,Between 1500 - 2000 MB/s,Between 3000 - 4000 MB/s,833.04 RON
Seagate,Include,256 GB,Between 1500 - 2000 MB/s,Over 5000 MB/s,465.97 RON
Crucial,Card,500 GB,Between 1500 - 2000 MB/s,Between 2500 - 3000 MB/s,914.69 RON
Western Digital,Relationship,1000 GB,Between 2500 - 3000 MB/s,Between 1500 - 2000 MB/s,196.18 RON
Samsung,Fact,2000 GB,Between 1500 - 2000 MB/s,Between 2500 - 3000 MB/s,494.98 RON
Crucial,Crime,120 GB,Between 1500 - 2000 MB/s,Over 5000 MB/s,386.85 RON
ADATA,Time,500 GB,Between 2000 - 2500 MB/s,Between 3000 - 4000 MB/s,718.76 RON
Corsair,Policy,1000 GB,Between 1500 - 2000 MB/s,Between 1500 - 2000 MB/s,1249.32 RON
Western Digital,Defense,128 GB,Between 1500 - 2000 MB/s,Between 3000 - 4000 MB/s,373.64 RON
Samsung,Age,512 GB,Over 5000 MB/s,Between 2000 - 2500 MB/s,406.88 RON
Western Digital,Fund,128 GB,Between 1500 - 2000 MB/s,Between 2000 - 2500 MB/s,1044.15 RON
Western Digital,Great,512 GB,Over 5000 MB/s,Between 1500 - 2000 MB/s,854.46 RON
Samsung,Rate,240 GB,Between 2500 - 3000 MB/s,Between 1500 - 2000 MB/s,478.09 RON
Crucial,Card,256 GB,Over 5000 MB/s,Between 3000 - 4000 MB/s,118.45 RON
Western Digital,Writer,2000 GB,Between 2000 - 2500 MB/s,Between 2000 - 2500 MB/s,1268.18 RON
Seagate,Operation,500 GB,Between 2500 - 3000 MB/s,Between 2000 - 2500 MB/s,1391.42 RON
Seagate,Try,500 GB,Between 3000 - 4000 MB/s,Over 5000 MB/s,245.86 RON
Corsair,Leader,512 GB,Between 2500 - 3000 MB/s,Between 1500 - 2000 MB/s,504.49 RON
Western Digital,Country,500 GB,Between 1500 - 2000 MB/s,Between 1500 - 2000 MB/s,297.59 RON
Seagate,Yard,500 GB,Between 2000 - 2500 MB/s,Between 2000 - 2500 MB/s,466.1 RON
Corsair,Research,240 GB,Between 1500 - 2000 MB/s,Between 1500 - 2000 MB/s,876.11 RON
Samsung,Wish,128 GB,Between 2500 - 3000 MB/s,Between 1500 - 2000 MB/s,1305.67 RON
ADATA,Time,256 GB,Over 5000 MB/s,Over 5000 MB/s,1344.66 RON
Seagate,Relate,128 GB,Between 1500 - 2000 MB/s,Over 5000 MB/s,871.55 RON
Western Digital,Various,512 GB,Between 1500 - 2000 MB/s,Between 1500 - 2000 MB/s,536.64 RON
Seagate,Future,1000 GB,Between 1500 - 2000 MB/s,Over 5000 MB/s,156.83 RON
Corsair,Them,240 GB,Between 2000 - 2500 MB/s,Between 2000 - 2500 MB/s,1154.33 RON
Crucial,Animal,120 GB,Between 1500 - 2000 MB/s,Between 2000 - 2500 MB/s,324.78 RON
Western Digital,Stock,256 GB,Over 5000 MB/s,Over 5000 MB/s,658.55 RON
Western Digital,Rich,2000 GB,Between 1500 - 2000 MB/s,Between 1500 - 2000 MB/s,666.33 RON
Western Digital,Really,512 GB,Over 5000 MB/s,Over 5000 MB/s,483.0 RON
Crucial,Something,256 GB,Over 5000 MB/s,Over 5000 MB/s,1173.49 RON
Crucial,Near,2000 GB,Over 5000 MB/s,Over 5000 MB/s,248.78 RON
Samsung,Anything,120 GB,Over 5000 MB/s,Between 2500 - 3000 MB/s,928.39 RON
Seagate,Soldier,2000 GB,Between 3000 - 4000 MB/s,Between 2500 - 3000 MB/s,963.37 RON
Crucial,Summer,500 GB,Between 1500 - 2000 MB/s,Between 2500 - 3000 MB/s,1281.29 RON
Western Digital,Campaign,1000 GB,Between 2000 - 2500 MB/s,Between 1500 - 2000 MB/s,1096.48 RON
ADATA,Attorney,500 GB,Over 5000 MB/s,Between 3000 - 4000 MB/s,329.98 RON
Seagate,Though,240 GB,Between 3000 - 4000 MB/s,Between 2500 - 3000 MB/s,363.66 RON
Crucial,Either,512 GB,Over 5000 MB/s,Between 2500 - 3000 MB/s,619.33 RON
Western Digital,Only,2000 GB,Between 3000 - 4000 MB/s,Between 1500 - 2000 MB/s,288.45 RON
Samsung,Control,500 GB,Over 5000 MB/s,Between 1500 - 2000 MB/s,1337.53 RON
Seagate,Somebody,500 GB,Between 1500 - 2000 MB/s,Between 2000 - 2500 MB/s,903.39 RON
Western Digital,Join,512 GB,Between 2500 - 3000 MB/s,Between 1500 - 2000 MB/s,233.14 RON
Corsair,Effort,512 GB,Over 5000 MB/s,Between 3000 - 4000 MB/s,550.09 RON
Western Digital,New,1000 GB,Over 5000 MB/s,Between 2500 - 3000 MB/s,1075.83 RON
Crucial,Before,120 GB,Between 3000 - 4000 MB/s,Between 1500 - 2000 MB/s,1114.8 RON
Crucial,Economic,1000 GB,Between 2500 - 3000 MB/s,Over 5000 MB/s,335.03 RON
ADATA,Recently,120 GB,Between 2000 - 2500 MB/s,Between 1500 - 2000 MB/s,327.61 RON
Samsung,Allow,120 GB,Between 3000 - 4000 MB/s,Between 1500 - 2000 MB/s,172.59 RON
Corsair,Later,256 GB,Over 5000 MB/s,Over 5000 MB/s,81.16 RON
Corsair,Entire,120 GB,Between 3000 - 4000 MB/s,Between 2500 - 3000 MB/s,444.18 RON
ADATA,One,2000 GB,Between 1500 - 2000 MB/s,Between 2000 - 2500 MB/s,372.16 RON
Western Digital,New,2000 GB,Over 5000 MB/s,Over 5000 MB/s,814.16 RON
Seagate,Vote,120 GB,Between 1500 - 2000 MB/s,Between 1500 - 2000 MB/s,918.64 RON
ADATA,Old,256 GB,Between 1500 - 2000 MB/s,Between 3000 - 4000 MB/s,396.43 RON
Corsair,Seem,512 GB,Between 2500 - 3000 MB/s,Between 2000 - 2500 MB/s,811.04 RON
Western Digital,However,128 GB,Between 2000 - 2500 MB/s,Between 2500 - 3000 MB/s,419.78 RON
Corsair,Truth,256 GB,Between 2500 - 3000 MB/s,Over 5000 MB/s,944.61 RON
Samsung,Seem,1000 GB,Between 3000 - 4000 MB/s,Between 3000 - 4000 MB/s,1465.64 RON
Seagate,Bill,128 GB,Between 3000 - 4000 MB/s,Between 3000 - 4000 MB/s,732.0 RON
Seagate,Throw,2000 GB,Over 5000 MB/s,Between 3000 - 4000 MB/s,623.52 RON
Samsung,Tv,512 GB,Between 1500 - 2000 MB/s,Between 3000 - 4000 MB/s,1039.85 RON
Western Digital,Usually,256 GB,Between 1500 - 2000 MB/s,Over 5000 MB/s,1456.8 RON
ADATA,Its,500 GB,Between 1500 - 2000 MB/s,Between 2000 - 2500 MB/s,390.23 RON
Samsung,Along,240 GB,Between 3000 - 4000 MB/s,Between 3000 - 4000 MB/s,226.92 RON
Crucial,Field,500 GB,Between 3000 - 4000 MB/s,Between 2500 - 3000 MB/s,135.17 RON
Western Digital,Increase,512 GB,Between 3000 - 4000 MB/s,Between 2000 - 2500 MB/s,220.93 RON
Corsair,More,1000 GB,Between 1500 - 2000 MB/s,Between 1500 - 2000 MB/s,325.77 RON
Western Digital,Consider,512 GB,Between 3000 - 4000 MB/s,Between 1500 - 2000 MB/s,390.54 RON
Western Digital,Consumer,128 GB,Between 2500 - 3000 MB/s,Between 3000 - 4000 MB/s,416.15 RON
Western Digital,Truth,512 GB,Over 5000 MB/s,Between 2500 - 3000 MB/s,923.9 RON
Seagate,Serve,1000 GB,Between 2000 - 2500 MB/s,Between 1500 - 2000 MB/s,729.68 RON
ADATA,Cup,240 GB,Between 1500 - 2000 MB/s,Between 3000 - 4000 MB/s,870.91 RON
Seagate,Black,128 GB,Over 5000 MB/s,Between 1500 - 2000 MB/s,1136.7 RON
Corsair,Soon,120 GB,Over 5000 MB/s,Between 2500 - 3000 MB/s,850.81 RON
Corsair,Room,2000 GB,Between 1500 - 2000 MB/s,Between 1500 - 2000 MB/s,174.14 RON
Corsair,Account,256 GB,Between 3000 - 4000 MB/s,Between 1500 - 2000 MB/s,561.45 RON
Seagate,Catch,512 GB,Between 1500 - 2000 MB/s,Between 1500 - 2000 MB/s,1274.83 RON
Western Digital,Easy,240 GB,Between 3000 - 4000 MB/s,Between 3000 - 4000 MB/s,456.38 RON
Crucial,Serious,120 GB,Between 1500 - 2000 MB/s,Between 1500 - 2000 MB/s,1417.61 RON
Crucial,Worker,512 GB,Between 1500 - 2000 MB/s,Over 5000 MB/s,1493.83 RON
Corsair,Close,256 GB,Over 5000 MB/s,Between 1500 - 2000 MB/s,745.41 RON
Samsung,Fine,240 GB,Between 2500 - 3000 MB/s,Over 5000 MB/s,1427.27 RON
Crucial,Spend,256 GB,Over 5000 MB/s,Between 1500 - 2000 MB/s,1204.27 RON
Seagate,Start,512 GB,Between 3000 - 4000 MB/s,Over 5000 MB/s,1477.47 RON
Seagate,Alone,2000 GB,Between 1500 - 2000 MB/s,Between 2500 - 3000 MB/s,723.38 RON
Samsung,They,128 GB,Between 1500 - 2000 MB/s,Between 2500 - 3000 MB/s,415.5 RON
Seagate,Can,256 GB,Between 1500 - 2000 MB/s,Between 2500 - 3000 MB/s,1038.72 RON
Seagate,Base,512 GB,Between 1500 - 2000 MB/s,Between 2500 - 3000 MB/s,272.8 RON
Western Digital,Skin,120 GB,Between 1500 - 2000 MB/s,Between 2000 - 2500 MB/s,598.69 RON
Corsair,Necessary,2000 GB,Between 2000 - 2500 MB/s,Between 2500 - 3000 MB/s,1075.78 RON
Corsair,Different,256 GB,Between 2500 - 3000 MB/s,Between 2000 - 2500 MB/s,982.39 RON
Western Digital,Quality,256 GB,Between 1500 - 2000 MB/s,Between 1500 - 2000 MB/s,836.71 RON
Corsair,Author,256 GB,Over 5000 MB/s,Between 1500 - 2000 MB/s,757.5 RON
Corsair,Next,500 GB,Between 1500 - 2000 MB/s,Between 2500 - 3000 MB/s,1306.28 RON
Samsung,Low,128 GB,Between 1500 - 2000 MB/s,Between 2500 - 3000 MB/s,1385.02 RON
ADATA,Notice,256 GB,Between 2000 - 2500 MB/s,Over 5000 MB/s,1029.24 RON
Seagate,Dream,512 GB,Between 2500 - 3000 MB/s,Between 2000 - 2500 MB/s,673.87 RON
Crucial,Either,128 GB,Between 2000 - 2500 MB/s,Between 2500 - 3000 MB/s,1206.29 RON
Corsair,With,1000 GB,Between 1500 - 2000 MB/s,Between 2000 - 2500 MB/s,1188.55 RON
ADATA,Century,2000 GB,Between 2500 - 3000 MB/s,Between 1500 - 2000 MB/s,140.54 RON
Corsair,Foreign,512 GB,Between 3000 - 4000 MB/s,Over 5000 MB/s,155.63 RON
Corsair,Sign,1000 GB,Between 2500 - 3000 MB/s,Between 2500 - 3000 MB/s,397.61 RON
Samsung,News,128 GB,Over 5000 MB/s,Between 2000 - 2500 MB/s,236.49 RON
ADATA,All,240 GB,Between 1500 - 2000 MB/s,Between 1500 - 2000 MB/s,440.69 RON
ADATA,Over,2000 GB,Between 1500 - 2000 MB/s,Between 1500 - 2000 MB/s,1473.89 RON
Seagate,Mind,240 GB,Between 3000 - 4000 MB/s,Between 2000 - 2500 MB/s,889.4 RON
Western Digital,Act,1000 GB,Between 2500 - 3000 MB/s,Between 2000 - 2500 MB/s,1163.8 RON
ADATA,Mr,1000 GB,Between 2500 - 3000 MB/s,Between 1500 - 2000 MB/s,1018.59 RON
Crucial,Knowledge,512 GB,Between 1500 - 2000 MB/s,Between 1500 - 2000 MB/s,685.32 RON
Seagate,Last,256 GB,Between 1500 - 2000 MB/s,Between 1500 - 2000 MB/s,535.29 RON
ADATA,Offer,500 GB,Between 3000 - 4000 MB/s,Over 5000 MB/s,1296.55 RON
Corsair,Summer,128 GB,Between 1500 - 2000 MB/s,Between 1500 - 2000 MB/s,562.06 RON
Crucial,Decide,128 GB,Over 5000 MB/s,Between 2500 - 3000 MB/s,412.13 RON
Corsair,Concern,120 GB,Between 2500 - 3000 MB/s,Between 2500 - 3000 MB/s,368.23 RON
Samsung,Season,2000 GB,Between 1500 - 2000 MB/s,Between 2000 - 2500 MB/s,664.19 RON
Seagate,People,500 GB,Between 1500 - 2000 MB/s,Between 2000 - 2500 MB/s,380.41 RON
Crucial,Spring,240 GB,Between 1500 - 2000 MB/s,Between 3000 - 4000 MB/s,1430.92 RON
Western Digital,Provide,120 GB,Between 2500 - 3000 MB/s,Between 1500 - 2000 MB/s,671.12 RON
Samsung,Free,1000 GB,Between 3000 - 4000 MB/s,Between 3000 - 4000 MB/s,252.12 RON
Samsung,World,240 GB,Over 5000 MB/s,Between 1500 - 2000 MB/s,203.07 RON
Samsung,Religious,2000 GB,Between 1500 - 2000 MB/s,Between 1500 - 2000 MB/s,1132.18 RON
Samsung,Night,500 GB,Between 1500 - 2000 MB/s,Over 5000 MB/s,497.17 RON
Western Digital,By,512 GB,Between 2000 - 2500 MB/s,Between 2500 - 3000 MB/s,850.16 RON
Western Digital,Our,1000 GB,Between 2000 - 2500 MB/s,Over 5000 MB/s,281.98 RON
ADATA,Down,500 GB,Between 2000 - 2500 MB/s,Between 1500 - 2000 MB/s,1074.02 RON
Samsung,Friend,240 GB,Between 3000 - 4000 MB/s,Between 2500 - 3000 MB/s,1354.13 RON
Seagate,Case,256 GB,Between 3000 - 4000 MB/s,Between 2500 - 3000 MB/s,570.02 RON
Corsair,Authority,2000 GB,Between 2000 - 2500 MB/s,Between 1500 - 2000 MB/s,1467.43 RON
Crucial,Magazine,240 GB,Between 2000 - 2500 MB/s,Between 2000 - 2500 MB/s,1196.3 RON
Seagate,Safe,512 GB,Between 1500 - 2000 MB/s,Between 2500 - 3000 MB/s,138.88 RON
Crucial,Class,240 GB,Between 2000 - 2500 MB/s,Between 1500 - 2000 MB/s,1054.82 RON
Western Digital,Beat,256 GB,Between 1500 - 2000 MB/s,Over 5000 MB/s,1144.93 RON
Seagate,American,1000 GB,Between 1500 - 2000 MB/s,Between 1500 - 2000 MB/s,1058.49 RON
Corsair,Region,128 GB,Between 3000 - 4000 MB/s,Between 3000 - 4000 MB/s,790.22 RON
ADATA,Establish,500 GB,Between 2000 - 2500 MB/s,Between 2500 - 3000 MB/s,708.84 RON
Corsair,Young,1000 GB,Over 5000 MB/s,Between 1500 - 2000 MB/s,820.28 RON
Western Digital,However,1000 GB,Between 2500 - 3000 MB/s,Between 2000 - 2500 MB/s,641.21 RON
Western Digital,American,256 GB,Between 3000 - 4000 MB/s,Between 1500 - 2000 MB/s,651.82 RON
Western Digital,Investment,120 GB,Between 2500 - 3000 MB/s,Between 2000 - 2500 MB/s,1025.36 RON
Samsung,Country,256 GB,Between 3000 - 4000 MB/s,Over 5000 MB/s,1453.75 RON
Crucial,Movement,128 GB,Between 1500 - 2000 MB/s,Over 5000 MB/s,1490.14 RON
Crucial,Education,2000 GB,Between 2000 - 2500 MB/s,Between 3000 - 4000 MB/s,842.41 RON
