Manufacturer, Model, Memory (GB), Memory BUS (bit), Price
Zotac,Risk 4800,4 GB,128 bit,7262.88 RON
Zotac,Unit 4700,16 GB,256 bit,5688.3 RON
Asus,Investment 3500,12 GB,192 bit,3559.29 RON
Zotac,Leave 4400,16 GB,128 bit,5961.86 RON
Asus,Employee 4800,16 GB,192 bit,8088.59 RON
MSI,Kind 3800,12 GB,192 bit,5142.62 RON
Gigabyte,Evidence 4100,4 GB,192 bit,7521.64 RON
Zotac,Want 4300,4 GB,192 bit,3581.27 RON
MSI,Tonight 5100,16 GB,128 bit,9298.76 RON
MSI,Building 4800,24 GB,256 bit,9177.91 RON
Palit,Clearly 3700,8 GB,256 bit,2256.59 RON
MSI,Many 4100,24 GB,192 bit,9713.4 RON
Palit,Number 4300,8 GB,192 bit,4625.71 RON
Palit,Discover 3500,16 GB,256 bit,9010.62 RON
Palit,Less 3700,8 GB,192 bit,7848.59 RON
Asus,Care 5300,24 GB,128 bit,1194.02 RON
MSI,Security 3700,6 GB,128 bit,2592.48 RON
MSI,Boy 4600,4 GB,192 bit,9732.12 RON
Zotac,Mention 5300,8 GB,256 bit,6765.55 RON
Zotac,Short 5500,12 GB,256 bit,6819.82 RON
Zotac,Board 3300,8 GB,128 bit,4749.03 RON
Gigabyte,Field 5400,6 GB,128 bit,8591.75 RON
Asus,Member 5200,8 GB,128 bit,7526.77 RON
MSI,Minute 3400,24 GB,256 bit,6852.94 RON
Gigabyte,Federal 5400,6 GB,256 bit,5323.78 RON
Palit,Notice 3800,24 GB,128 bit,9963.83 RON
Gigabyte,People 5000,8 GB,128 bit,4615.75 RON
MSI,Budget 4900,8 GB,256 bit,6572.52 RON
Asus,Hit 3900,24 GB,256 bit,1183.11 RON
MSI,Order 4300,6 GB,192 bit,7846.07 RON
Zotac,Catch 4900,16 GB,192 bit,8309.33 RON
Palit,Focus 5400,24 GB,192 bit,7097.34 RON
Asus,Mention 4100,6 GB,128 bit,5399.53 RON
MSI,Apply 3800,24 GB,256 bit,9918.98 RON
Palit,Policy 5500,24 GB,128 bit,3000.21 RON
Asus,Enough 3300,16 GB,256 bit,1535.06 RON
Palit,Medical 4500,12 GB,192 bit,2664.41 RON
MSI,Democrat 3700,6 GB,128 bit,7110.75 RON
Palit,Study 4500,8 GB,128 bit,9264.13 RON
Gigabyte,Call 4100,6 GB,192 bit,6697.4 RON
Zotac,Kind 3600,8 GB,256 bit,9376.57 RON
Zotac,Set 4300,24 GB,256 bit,2233.8 RON
Asus,Give 5400,6 GB,192 bit,8213.28 RON
Asus,Even 3800,12 GB,192 bit,6602.62 RON
MSI,Whatever 4800,4 GB,192 bit,4757.97 RON
Asus,Difficult 4800,8 GB,256 bit,9011.86 RON
MSI,Trade 3300,24 GB,192 bit,9170.86 RON
Palit,Kid 4800,8 GB,128 bit,5110.11 RON
Palit,North 3400,12 GB,256 bit,3014.03 RON
Palit,Need 4600,8 GB,256 bit,6394.66 RON
Palit,Member 4500,12 GB,128 bit,1663.05 RON
Gigabyte,Question 3400,16 GB,192 bit,4669.19 RON
Asus,Body 3300,6 GB,128 bit,7134.86 RON
Palit,Put 4600,4 GB,128 bit,2151.87 RON
MSI,Building 5400,4 GB,128 bit,3104.2 RON
Gigabyte,Down 4200,6 GB,192 bit,6694.47 RON
Asus,Well 4700,16 GB,256 bit,4228.68 RON
Gigabyte,Local 4900,4 GB,256 bit,3247.26 RON
Asus,Them 3600,8 GB,256 bit,4533.98 RON
Palit,High 4300,8 GB,256 bit,1800.04 RON
Palit,Husband 4000,6 GB,256 bit,4118.12 RON
Asus,Foreign 3500,16 GB,128 bit,4600.16 RON
MSI,Trial 3700,8 GB,128 bit,5772.85 RON
MSI,Third 5400,6 GB,256 bit,8504.82 RON
Palit,Occur 5000,6 GB,128 bit,3789.39 RON
Asus,Former 3300,4 GB,256 bit,3628.59 RON
Gigabyte,Water 4900,16 GB,192 bit,7005.54 RON
Palit,Visit 5500,8 GB,192 bit,2350.9 RON
Asus,Prevent 5300,12 GB,128 bit,1262.89 RON
Gigabyte,Quality 5100,16 GB,192 bit,5891.0 RON
Gigabyte,Region 5200,6 GB,128 bit,1698.36 RON
Zotac,Answer 3400,12 GB,192 bit,3907.47 RON
Asus,Receive 4700,12 GB,192 bit,7352.86 RON
Zotac,Sell 3900,24 GB,192 bit,5174.58 RON
Gigabyte,Whatever 4400,24 GB,128 bit,8921.67 RON
Asus,Catch 4600,6 GB,128 bit,8715.56 RON
Asus,Maintain 4000,4 GB,128 bit,1595.55 RON
MSI,Industry 3400,6 GB,192 bit,2687.93 RON
Palit,Mr 4600,6 GB,192 bit,1513.62 RON
Zotac,Military 5400,6 GB,128 bit,2413.45 RON
Gigabyte,Management 3900,6 GB,192 bit,1257.71 RON
Zotac,Policy 4800,6 GB,256 bit,1754.44 RON
Gigabyte,Figure 4900,6 GB,256 bit,3551.78 RON
Gigabyte,Remain 3700,4 GB,192 bit,1029.49 RON
MSI,Law 4900,4 GB,128 bit,9548.84 RON
Asus,Customer 4900,12 GB,192 bit,9968.38 RON
MSI,Term 3600,8 GB,256 bit,8302.15 RON
Zotac,Wind 5200,24 GB,256 bit,2702.53 RON
Palit,Day 3700,16 GB,128 bit,7883.67 RON
Gigabyte,Main 4700,12 GB,128 bit,3966.17 RON
Palit,Try 4900,12 GB,256 bit,3510.29 RON
Gigabyte,Left 5500,24 GB,128 bit,1341.84 RON
Zotac,Environmental 5000,8 GB,128 bit,3763.07 RON
Palit,State 3600,16 GB,192 bit,1786.82 RON
Zotac,Long 4300,24 GB,128 bit,5613.91 RON
Zotac,Might 5500,4 GB,128 bit,5705.78 RON
Gigabyte,Our 3700,12 GB,128 bit,7103.48 RON
Zotac,Certainly 3400,6 GB,256 bit,5853.91 RON
Gigabyte,Record 4600,4 GB,128 bit,8189.27 RON
MSI,Four 4600,6 GB,192 bit,5656.01 RON
Palit,Degree 3400,16 GB,192 bit,1946.33 RON
MSI,Miss 3300,24 GB,256 bit,2753.1 RON
Palit,Deep 4500,8 GB,256 bit,6424.42 RON
MSI,Lose 3500,12 GB,128 bit,3205.52 RON
Palit,Force 4000,8 GB,128 bit,5868.87 RON
MSI,Go 5100,6 GB,256 bit,4583.45 RON
Palit,Picture 3900,12 GB,128 bit,3639.25 RON
Asus,Each 3800,16 GB,192 bit,6677.57 RON
Zotac,When 4500,16 GB,128 bit,3885.04 RON
Palit,Stock 3400,12 GB,128 bit,7115.25 RON
Zotac,These 4300,4 GB,128 bit,8424.9 RON
MSI,Network 4200,6 GB,192 bit,7837.47 RON
Zotac,Tough 5200,6 GB,128 bit,1152.2 RON
Gigabyte,Say 3400,6 GB,128 bit,6191.84 RON
Palit,What 4700,16 GB,256 bit,7300.23 RON
MSI,So 4400,24 GB,256 bit,6710.19 RON
Gigabyte,Page 4600,8 GB,256 bit,1782.1 RON
Asus,Give 3300,8 GB,256 bit,2689.85 RON
Zotac,And 4700,12 GB,192 bit,9342.0 RON
Palit,Mission 4500,4 GB,192 bit,3033.85 RON
Palit,Level 4700,6 GB,256 bit,3650.69 RON
Zotac,Field 3500,16 GB,192 bit,6007.39 RON
MSI,Republican 4000,16 GB,128 bit,9997.81 RON
Zotac,Success 4600,8 GB,128 bit,5863.29 RON
Gigabyte,A 4500,12 GB,128 bit,5985.96 RON
MSI,Administration 4600,16 GB,192 bit,1582.18 RON
MSI,Space 4900,12 GB,256 bit,7801.19 RON
Zotac,Wife 3900,12 GB,256 bit,2047.23 RON
Zotac,Her 4200,6 GB,256 bit,9171.61 RON
Asus,Tend 4600,16 GB,256 bit,6512.99 RON
MSI,Red 3500,4 GB,192 bit,6928.9 RON
Asus,Cause 5300,12 GB,128 bit,6001.64 RON
Palit,Talk 4500,16 GB,256 bit,5704.55 RON
Palit,Allow 3300,16 GB,128 bit,9943.14 RON
MSI,Capital 5500,16 GB,128 bit,1023.28 RON
MSI,Security 4200,24 GB,128 bit,4742.58 RON
MSI,Person 4200,12 GB,128 bit,8396.46 RON
MSI,Off 3300,24 GB,256 bit,3371.74 RON
Gigabyte,Form 4200,12 GB,256 bit,3390.18 RON
MSI,Central 3700,24 GB,192 bit,6575.26 RON
Asus,Minute 3700,24 GB,256 bit,2612.26 RON
Gigabyte,Positive 3300,24 GB,128 bit,7698.89 RON
Zotac,Before 5300,24 GB,192 bit,6897.01 RON
Zotac,Page 3600,12 GB,192 bit,5536.54 RON
MSI,Garden 4300,24 GB,256 bit,3067.12 RON
MSI,Thought 4500,12 GB,256 bit,1451.52 RON
Palit,Spend 4000,6 GB,128 bit,5327.1 RON
MSI,Page 5400,12 GB,192 bit,4322.65 RON
Zotac,Citizen 5100,16 GB,192 bit,5615.2 RON
Zotac,House 5300,4 GB,192 bit,4427.91 RON
Gigabyte,Order 3400,6 GB,192 bit,4489.81 RON
Palit,Big 4800,12 GB,192 bit,4689.3 RON
Palit,Glass 3800,8 GB,128 bit,7242.23 RON
Gigabyte,West 4400,16 GB,128 bit,4010.25 RON
Palit,Huge 3500,12 GB,128 bit,1068.74 RON
Asus,Ask 5000,4 GB,128 bit,6408.19 RON
Asus,Want 3500,12 GB,256 bit,4869.99 RON
MSI,Modern 5400,8 GB,128 bit,1042.47 RON
Gigabyte,Too 4800,8 GB,256 bit,6053.86 RON
Asus,Design 5400,12 GB,192 bit,6417.52 RON
Gigabyte,Build 4900,6 GB,128 bit,3022.96 RON
Palit,Make 3400,12 GB,192 bit,6941.44 RON
Zotac,Last 3600,24 GB,128 bit,3985.74 RON
Gigabyte,Only 4800,4 GB,256 bit,8935.2 RON
MSI,Site 4400,24 GB,192 bit,3583.19 RON
Zotac,Response 3800,8 GB,128 bit,1717.77 RON
Asus,Laugh 5300,6 GB,256 bit,2446.64 RON
Gigabyte,Mother 3500,12 GB,256 bit,7162.29 RON
Gigabyte,Trouble 5100,12 GB,256 bit,9351.98 RON
MSI,Board 5300,24 GB,128 bit,9007.55 RON
Asus,Admit 4300,6 GB,128 bit,3303.7 RON
Gigabyte,Summer 3700,24 GB,256 bit,5029.48 RON
Asus,Star 5200,8 GB,256 bit,8790.96 RON
Zotac,Long 5000,6 GB,192 bit,3336.37 RON
MSI,Food 3700,12 GB,192 bit,6355.5 RON
Zotac,Behavior 5300,24 GB,128 bit,9937.79 RON
Palit,Eat 5100,4 GB,128 bit,4786.69 RON
MSI,Environmental 4200,4 GB,128 bit,5864.01 RON
Zotac,Director 4400,6 GB,192 bit,4848.62 RON
Asus,Do 3400,4 GB,256 bit,5447.56 RON
MSI,Have 4200,16 GB,256 bit,4042.43 RON
Palit,Although 4000,16 GB,192 bit,2462.22 RON
Palit,Free 4400,24 GB,128 bit,7006.09 RON
Asus,Detail 5300,4 GB,192 bit,4184.62 RON
MSI,Decision 3700,24 GB,128 bit,7062.24 RON
Palit,Tend 4700,6 GB,192 bit,9764.47 RON
Zotac,Build 3400,4 GB,192 bit,1666.02 RON
Palit,Apply 4900,24 GB,256 bit,8643.13 RON
Gigabyte,Garden 3600,16 GB,128 bit,9612.95 RON
Asus,About 3400,16 GB,128 bit,5949.38 RON
Gigabyte,Measure 4900,16 GB,192 bit,3388.89 RON
Zotac,Different 3700,12 GB,256 bit,4397.69 RON
Zotac,Watch 4000,12 GB,256 bit,5640.61 RON
Palit,Or 4900,6 GB,192 bit,9489.25 RON
Zotac,While 5300,24 GB,128 bit,6453.59 RON
Gigabyte,Color 5200,24 GB,192 bit,3918.18 RON
MSI,Than 5000,12 GB,256 bit,1036.59 RON
Zotac,Center 4900,12 GB,256 bit,2921.46 RON
Asus,His 3700,12 GB,256 bit,8567.49 RON
Zotac,Growth 3600,6 GB,256 bit,2513.73 RON
Palit,Know 4100,8 GB,128 bit,5539.23 RON
Gigabyte,Hospital 4200,16 GB,192 bit,9033.1 RON
Asus,Authority 4900,8 GB,256 bit,2941.29 RON
Gigabyte,Style 4700,6 GB,256 bit,7481.05 RON
MSI,Serve 3600,24 GB,128 bit,6440.44 RON
Asus,Science 5400,4 GB,128 bit,6430.25 RON
Palit,Someone 5100,12 GB,192 bit,3853.62 RON
MSI,Person 5400,24 GB,128 bit,9327.22 RON
Palit,Conference 4100,24 GB,192 bit,7060.21 RON
Palit,Maintain 4900,8 GB,192 bit,3631.79 RON
Asus,Rich 3700,12 GB,128 bit,6428.51 RON
MSI,Term 4200,24 GB,192 bit,9401.91 RON
Gigabyte,Follow 5400,4 GB,256 bit,2550.84 RON
Asus,Become 4400,12 GB,128 bit,3493.11 RON
Palit,Theory 4100,4 GB,256 bit,7038.17 RON
Gigabyte,Our 4900,24 GB,128 bit,5921.65 RON
Zotac,Manager 4500,16 GB,128 bit,1812.65 RON
Asus,Plant 3600,8 GB,128 bit,9670.36 RON
Gigabyte,Respond 4100,6 GB,128 bit,7996.73 RON
Zotac,Within 4900,6 GB,192 bit,3088.01 RON
Palit,Week 3800,6 GB,128 bit,5817.5 RON
MSI,Important 5200,4 GB,192 bit,2456.12 RON
Zotac,Wear 4700,16 GB,192 bit,3208.32 RON
Zotac,Drive 5300,8 GB,192 bit,8325.02 RON
Palit,Smile 4100,16 GB,192 bit,3576.33 RON
Zotac,Head 3400,6 GB,192 bit,3964.99 RON
Zotac,Ask 5500,6 GB,256 bit,3244.48 RON
Asus,Second 3400,24 GB,256 bit,5628.06 RON
Palit,Professional 5200,16 GB,192 bit,5494.52 RON
MSI,International 5300,6 GB,256 bit,5004.04 RON
Asus,Record 4900,6 GB,256 bit,2359.92 RON
Zotac,Order 4300,24 GB,256 bit,8546.28 RON
Zotac,Television 4400,12 GB,256 bit,1452.19 RON
Zotac,Wind 4900,24 GB,192 bit,8499.31 RON
MSI,Happy 4100,6 GB,128 bit,3187.69 RON
Gigabyte,Modern 5500,24 GB,192 bit,5969.28 RON
MSI,Nice 4800,4 GB,256 bit,2457.56 RON
MSI,Past 5200,12 GB,256 bit,3660.16 RON
Zotac,Seat 3700,24 GB,256 bit,3168.67 RON
Palit,Nothing 3400,6 GB,256 bit,1240.93 RON
Palit,That 3400,12 GB,256 bit,6668.12 RON
Zotac,Young 4000,12 GB,192 bit,9673.77 RON
Gigabyte,Red 5500,12 GB,192 bit,5105.04 RON
Asus,Just 3900,24 GB,192 bit,7053.4 RON
Gigabyte,Traditional 4200,16 GB,256 bit,6368.39 RON
MSI,Manager 4900,12 GB,128 bit,4765.93 RON
Asus,Local 4200,4 GB,192 bit,5195.16 RON
Palit,House 5100,16 GB,128 bit,9522.68 RON
Palit,Control 5200,6 GB,256 bit,2641.2 RON
Asus,Smile 4100,8 GB,192 bit,8013.39 RON
Gigabyte,List 4400,8 GB,192 bit,5696.72 RON
Asus,Education 3800,4 GB,128 bit,4575.28 RON
Zotac,Firm 4300,24 GB,128 bit,1998.12 RON
Zotac,View 5300,16 GB,192 bit,4517.0 RON
Zotac,Prepare 4000,16 GB,256 bit,5193.64 RON
MSI,Challenge 5400,12 GB,128 bit,1852.94 RON
Palit,Central 4300,24 GB,192 bit,4721.56 RON
Palit,Admit 4200,24 GB,192 bit,1592.39 RON
Gigabyte,Clearly 4400,16 GB,128 bit,9012.15 RON
Gigabyte,Nature 4200,16 GB,256 bit,3624.02 RON
Palit,Night 4200,16 GB,256 bit,6684.47 RON
Palit,Thought 3900,12 GB,192 bit,1854.08 RON
MSI,Gas 3700,12 GB,192 bit,7376.48 RON
Zotac,My 4100,8 GB,256 bit,4757.31 RON
Palit,Also 5100,16 GB,128 bit,3045.91 RON
Zotac,Health 4200,24 GB,256 bit,9232.74 RON
Gigabyte,Start 5200,16 GB,128 bit,7926.31 RON
MSI,Technology 4800,24 GB,128 bit,1067.04 RON
Asus,Lay 3900,16 GB,128 bit,3594.14 RON
Zotac,Woman 5100,24 GB,192 bit,3279.6 RON
Gigabyte,Win 3500,24 GB,192 bit,9904.9 RON
Gigabyte,Sport 4600,4 GB,192 bit,2245.55 RON
Palit,Effort 3500,16 GB,256 bit,4722.82 RON
Asus,Everything 4300,24 GB,192 bit,7468.26 RON
MSI,Generation 5100,8 GB,192 bit,2322.24 RON
Gigabyte,Late 3500,12 GB,192 bit,9611.32 RON
Asus,Yet 4400,6 GB,128 bit,6767.08 RON
Zotac,Room 3900,4 GB,128 bit,1712.84 RON
Zotac,Determine 4800,16 GB,192 bit,7626.05 RON
Palit,Affect 5100,6 GB,256 bit,8752.81 RON
MSI,Near 3800,12 GB,192 bit,8385.21 RON
Asus,Small 5000,4 GB,256 bit,4147.29 RON
Zotac,Culture 3300,8 GB,192 bit,7089.53 RON
MSI,Weight 3500,8 GB,128 bit,9738.58 RON
Gigabyte,Idea 3500,16 GB,256 bit,1068.52 RON
Palit,Thank 4400,6 GB,192 bit,1955.29 RON
Asus,Itself 5300,24 GB,192 bit,3465.86 RON
MSI,Idea 4500,24 GB,256 bit,7339.45 RON
Zotac,Mention 3600,12 GB,256 bit,5240.26 RON
Zotac,Include 4400,24 GB,128 bit,3373.22 RON
Asus,Scene 4800,16 GB,256 bit,5709.25 RON
Asus,Address 5200,24 GB,256 bit,1571.88 RON
MSI,Sense 4000,6 GB,128 bit,3408.64 RON
Asus,Floor 5000,4 GB,192 bit,9020.7 RON
Gigabyte,Candidate 4300,6 GB,256 bit,9336.4 RON
MSI,Your 4400,8 GB,128 bit,7648.18 RON
Asus,Human 3800,6 GB,128 bit,8568.16 RON
MSI,Daughter 4600,4 GB,192 bit,2015.06 RON
MSI,Professional 5100,6 GB,256 bit,2003.44 RON
Gigabyte,Continue 3800,8 GB,192 bit,1665.26 RON
Gigabyte,Like 3300,16 GB,192 bit,7641.64 RON
Palit,Event 4200,16 GB,128 bit,9245.81 RON
MSI,Hotel 5200,24 GB,192 bit,4477.41 RON
MSI,Teach 5200,4 GB,256 bit,1549.01 RON
Palit,Method 4700,4 GB,128 bit,5819.24 RON
Palit,Later 3500,8 GB,256 bit,6784.52 RON
Palit,Practice 4200,12 GB,192 bit,9798.32 RON
Asus,Mr 5500,6 GB,192 bit,7540.21 RON
Zotac,Show 3900,16 GB,192 bit,5211.61 RON
MSI,Involve 4500,24 GB,256 bit,3749.12 RON
Gigabyte,Wear 5200,16 GB,256 bit,1210.98 RON
MSI,Read 3900,16 GB,192 bit,5817.13 RON
MSI,Hand 4900,12 GB,256 bit,1604.3 RON
MSI,Door 5000,16 GB,128 bit,6979.2 RON
Zotac,Five 5300,12 GB,256 bit,7489.01 RON
MSI,Author 3300,16 GB,256 bit,8784.2 RON
Zotac,Recently 5500,24 GB,192 bit,4223.27 RON
MSI,Single 4100,16 GB,128 bit,9361.09 RON
Asus,Career 3500,8 GB,192 bit,5345.26 RON
Palit,Those 3300,12 GB,256 bit,5363.04 RON
Palit,Man 3900,6 GB,128 bit,4780.09 RON
Palit,Share 4200,8 GB,128 bit,9088.36 RON
Gigabyte,She 3600,16 GB,256 bit,2932.82 RON
Palit,Agent 3500,6 GB,256 bit,2532.25 RON
Gigabyte,Late 5100,6 GB,128 bit,6359.01 RON
Asus,Boy 4500,6 GB,256 bit,7347.99 RON
MSI,Myself 4600,6 GB,192 bit,9926.04 RON
MSI,Daughter 4900,16 GB,128 bit,5550.78 RON
Palit,Government 3500,12 GB,192 bit,3148.71 RON
MSI,Film 3900,24 GB,128 bit,4783.58 RON
MSI,Bit 3800,6 GB,128 bit,6148.76 RON
MSI,Add 3300,12 GB,256 bit,2189.02 RON
Asus,Amount 4300,12 GB,128 bit,8066.71 RON
Palit,Medical 3900,16 GB,128 bit,9167.87 RON
Gigabyte,Garden 3600,12 GB,128 bit,7969.33 RON
Palit,Speech 4400,4 GB,256 bit,9605.25 RON
Asus,Claim 3800,12 GB,128 bit,9720.77 RON
Gigabyte,Appear 3400,6 GB,192 bit,5797.76 RON
Asus,No 5000,8 GB,192 bit,7257.79 RON
MSI,Energy 3300,4 GB,256 bit,4128.04 RON
MSI,Community 4900,4 GB,192 bit,1154.57 RON
MSI,Him 3500,12 GB,256 bit,4654.53 RON
Gigabyte,Peace 4700,6 GB,256 bit,6153.36 RON
Gigabyte,Draw 5300,6 GB,128 bit,8790.2 RON
Gigabyte,Large 4400,8 GB,192 bit,2613.78 RON
Asus,Guy 5200,12 GB,256 bit,9234.44 RON
Zotac,Total 4200,12 GB,128 bit,9226.0 RON
Gigabyte,May 5200,16 GB,128 bit,3401.12 RON
Palit,Bring 4200,24 GB,128 bit,4426.83 RON
Zotac,Current 4100,16 GB,256 bit,3318.37 RON
Asus,Mention 4500,16 GB,192 bit,9058.29 RON
Gigabyte,Per 4900,4 GB,256 bit,1976.05 RON
Palit,Turn 4700,4 GB,192 bit,6141.58 RON
Zotac,Interesting 5300,4 GB,256 bit,8247.32 RON
Gigabyte,Apply 4100,16 GB,192 bit,4529.38 RON
MSI,Relate 3600,4 GB,256 bit,1544.04 RON
Asus,Lead 4600,6 GB,192 bit,9043.4 RON
MSI,Also 3600,24 GB,128 bit,1857.67 RON
Palit,Subject 4400,8 GB,128 bit,1068.29 RON
Asus,Break 4600,8 GB,192 bit,6819.22 RON
Gigabyte,Strategy 3400,12 GB,256 bit,4570.48 RON
Gigabyte,Boy 3400,12 GB,192 bit,6524.76 RON
MSI,Class 5400,6 GB,128 bit,3387.34 RON
MSI,Voice 3600,16 GB,128 bit,3560.77 RON
Gigabyte,Red 5100,12 GB,256 bit,9819.66 RON
Gigabyte,Federal 4600,8 GB,256 bit,9379.94 RON
Palit,Anything 4300,6 GB,256 bit,7682.49 RON
Zotac,Job 3700,12 GB,256 bit,1542.57 RON
Gigabyte,Better 3300,8 GB,256 bit,7117.98 RON
Zotac,Before 4300,24 GB,128 bit,2202.16 RON
Zotac,Morning 4300,12 GB,192 bit,7040.71 RON
Asus,Responsibility 5400,4 GB,256 bit,8214.49 RON
Gigabyte,Happen 5100,24 GB,128 bit,1678.19 RON
MSI,Yes 4400,12 GB,192 bit,9142.61 RON
MSI,Lot 3400,6 GB,128 bit,9958.39 RON
Palit,Above 4100,16 GB,256 bit,1353.25 RON
Palit,Oil 5500,4 GB,128 bit,4550.83 RON
Asus,Provide 3400,8 GB,192 bit,9549.98 RON
MSI,Crime 3300,6 GB,128 bit,8779.81 RON
Gigabyte,Investment 4800,12 GB,256 bit,8822.08 RON
Asus,Factor 4600,8 GB,192 bit,1774.8 RON
Gigabyte,Share 4100,16 GB,128 bit,3378.82 RON
MSI,Traditional 4200,16 GB,128 bit,6266.66 RON
Palit,Already 5400,4 GB,256 bit,5886.61 RON
Palit,Tell 3400,12 GB,192 bit,9556.74 RON
MSI,Her 3800,6 GB,256 bit,6441.97 RON
Palit,Eight 5500,4 GB,192 bit,8345.12 RON
Gigabyte,Black 3900,16 GB,128 bit,3193.44 RON
Zotac,Relate 3500,16 GB,192 bit,7802.62 RON
Zotac,Nor 4800,4 GB,128 bit,3785.17 RON
Asus,Share 5000,16 GB,256 bit,3538.14 RON
MSI,Major 3700,8 GB,256 bit,1145.08 RON
Gigabyte,Center 4300,24 GB,128 bit,8163.62 RON
MSI,Foot 3700,12 GB,128 bit,8034.75 RON
Asus,Sport 5500,16 GB,256 bit,4065.19 RON
Gigabyte,Field 3300,4 GB,128 bit,3814.25 RON
Gigabyte,Evening 3500,8 GB,192 bit,7623.04 RON
MSI,Action 5500,6 GB,256 bit,4548.41 RON
Palit,Wrong 3800,8 GB,256 bit,4684.79 RON
Palit,Seven 5400,16 GB,128 bit,9628.19 RON
Palit,Loss 3400,24 GB,256 bit,5997.95 RON
Asus,Attorney 3300,8 GB,128 bit,2510.97 RON
Palit,Should 4900,24 GB,256 bit,3131.4 RON
Asus,Great 4600,24 GB,128 bit,5961.49 RON
Zotac,Provide 4100,6 GB,128 bit,1584.64 RON
Asus,Behavior 3800,16 GB,128 bit,9234.27 RON
Zotac,Guess 4400,16 GB,192 bit,2234.47 RON
Gigabyte,Full 4000,24 GB,128 bit,2527.46 RON
Palit,Sort 3800,8 GB,192 bit,1814.04 RON
Asus,Respond 4800,16 GB,128 bit,8507.24 RON
Palit,Impact 3800,12 GB,192 bit,3530.69 RON
MSI,Choice 4400,16 GB,256 bit,8879.2 RON
MSI,Throw 5100,4 GB,128 bit,6808.23 RON
Palit,Choose 4800,24 GB,256 bit,1495.76 RON
MSI,Necessary 4700,8 GB,128 bit,6898.18 RON
Gigabyte,Direction 5300,6 GB,256 bit,8234.1 RON
Palit,Agency 4000,6 GB,128 bit,7555.9 RON
MSI,Stuff 5100,6 GB,128 bit,2861.56 RON
Asus,Study 3300,24 GB,128 bit,2270.72 RON
Palit,Teach 4900,6 GB,128 bit,2607.89 RON
Asus,Then 4400,16 GB,256 bit,8645.21 RON
Zotac,Source 3600,24 GB,192 bit,7792.1 RON
Gigabyte,By 3700,6 GB,256 bit,5121.81 RON
Gigabyte,Century 4400,8 GB,128 bit,4457.9 RON
Palit,Much 4100,4 GB,128 bit,7041.05 RON
Asus,Onto 5200,24 GB,256 bit,5281.03 RON
Gigabyte,Week 4700,16 GB,256 bit,4033.92 RON
MSI,Put 4000,6 GB,192 bit,7845.66 RON
Asus,Out 4700,4 GB,128 bit,4133.87 RON
MSI,Arm 3300,6 GB,256 bit,8764.48 RON
Palit,Toward 3600,4 GB,128 bit,3109.83 RON
MSI,Crime 4500,24 GB,128 bit,2784.28 RON
Gigabyte,Direction 4600,8 GB,192 bit,8441.94 RON
Gigabyte,As 4300,16 GB,256 bit,6695.92 RON
Asus,Woman 4700,12 GB,256 bit,6894.85 RON
MSI,Member 5200,8 GB,192 bit,3021.33 RON
Asus,Imagine 5500,16 GB,128 bit,2796.61 RON
Asus,Run 5200,16 GB,256 bit,4477.12 RON
Palit,His 4100,12 GB,256 bit,2538.48 RON
MSI,Author 5400,6 GB,128 bit,5508.65 RON
Palit,Crime 5400,12 GB,128 bit,6865.57 RON
Zotac,Describe 4300,4 GB,192 bit,7746.25 RON
Asus,Two 3700,24 GB,192 bit,5583.25 RON
Palit,Test 4400,24 GB,256 bit,5509.55 RON
Palit,Onto 3500,4 GB,256 bit,4856.69 RON
Gigabyte,Operation 4400,4 GB,128 bit,6794.96 RON
MSI,Experience 4900,24 GB,256 bit,1300.8 RON
Palit,Practice 3400,16 GB,192 bit,9056.72 RON
Asus,Knowledge 3600,16 GB,192 bit,6669.83 RON
Palit,Call 3400,16 GB,256 bit,5203.32 RON
MSI,Wall 4400,6 GB,128 bit,8943.98 RON
Zotac,Will 4000,12 GB,128 bit,1252.34 RON
Palit,Age 4200,16 GB,192 bit,5520.12 RON
Gigabyte,Attention 3400,16 GB,256 bit,3360.75 RON
Palit,Perform 4800,12 GB,256 bit,3404.93 RON
Zotac,Fish 5200,8 GB,128 bit,7354.85 RON
Zotac,Thousand 5000,4 GB,192 bit,7673.73 RON
MSI,Entire 3600,8 GB,128 bit,2924.06 RON
Palit,Crime 3600,16 GB,256 bit,3620.6 RON
Palit,His 3400,12 GB,128 bit,4132.71 RON
Zotac,Ago 3800,4 GB,128 bit,8393.08 RON
Palit,Easy 4800,8 GB,256 bit,5691.19 RON
Zotac,Certain 3400,24 GB,256 bit,3674.91 RON
Asus,Tough 4700,6 GB,192 bit,6275.06 RON
Gigabyte,Opportunity 3900,8 GB,256 bit,1001.27 RON
Asus,Wife 5400,24 GB,256 bit,1340.91 RON
Gigabyte,None 4000,4 GB,192 bit,5013.7 RON
MSI,Federal 3700,16 GB,192 bit,1783.64 RON
Asus,Owner 4000,6 GB,192 bit,6847.26 RON
Asus,Result 3600,12 GB,256 bit,5253.71 RON
Gigabyte,Price 3800,8 GB,192 bit,6603.01 RON
MSI,It 4600,12 GB,192 bit,1111.9 RON
MSI,Ok 4700,16 GB,128 bit,6512.77 RON
Asus,Almost 3600,16 GB,192 bit,5958.81 RON
Palit,President 4500,6 GB,256 bit,9889.58 RON
MSI,Want 3500,4 GB,128 bit,8399.18 RON
Palit,Center 5400,24 GB,128 bit,8883.48 RON
Gigabyte,Decade 3600,16 GB,256 bit,3160.86 RON
Zotac,Employee 4800,8 GB,128 bit,2736.02 RON
Zotac,Necessary 4800,8 GB,256 bit,6076.71 RON
Zotac,Machine 4200,6 GB,192 bit,7156.27 RON
Zotac,Early 3500,24 GB,128 bit,1262.68 RON
Palit,Create 4800,16 GB,192 bit,5866.55 RON
Asus,Religious 5000,12 GB,192 bit,6956.71 RON
Asus,Eye 4600,12 GB,192 bit,2558.41 RON
Palit,Side 4200,4 GB,192 bit,5851.5 RON
Zotac,Walk 5400,16 GB,128 bit,9027.68 RON
Asus,Majority 4100,16 GB,128 bit,8310.35 RON
Gigabyte,Goal 3400,12 GB,256 bit,5369.7 RON
Zotac,Poor 4400,4 GB,192 bit,3234.02 RON
Gigabyte,Suggest 3500,12 GB,192 bit,2802.96 RON
Palit,Course 4000,24 GB,192 bit,3188.18 RON
MSI,Growth 3900,4 GB,256 bit,2690.99 RON
Gigabyte,Why 3900,16 GB,128 bit,7361.23 RON
Palit,Mr 5100,4 GB,128 bit,5576.16 RON
MSI,Draw 3300,8 GB,256 bit,4827.7 RON
MSI,Appear 4100,8 GB,256 bit,3377.76 RON
Asus,Attorney 3800,12 GB,256 bit,1980.72 RON
Zotac,Board 3600,6 GB,192 bit,6424.43 RON
Gigabyte,Kind 4200,24 GB,256 bit,4473.79 RON
Asus,Room 4800,12 GB,192 bit,3359.66 RON
Zotac,Turn 4300,8 GB,128 bit,6931.7 RON
Gigabyte,Sport 5500,6 GB,192 bit,9709.69 RON
Asus,Sea 4200,6 GB,256 bit,8735.87 RON
Zotac,Half 5200,8 GB,128 bit,6088.58 RON
MSI,Talk 3400,4 GB,128 bit,2243.21 RON
Gigabyte,Individual 4600,8 GB,128 bit,3024.85 RON
Zotac,Probably 3800,6 GB,256 bit,1941.98 RON
MSI,You 5400,24 GB,128 bit,7588.23 RON
Gigabyte,Time 4300,16 GB,192 bit,3772.6 RON
Asus,Happy 3500,24 GB,128 bit,1181.06 RON
Palit,Performance 4900,24 GB,256 bit,4171.5 RON
Gigabyte,Third 5100,24 GB,256 bit,1869.81 RON
Palit,How 3800,12 GB,192 bit,3957.23 RON
Gigabyte,Pattern 4600,6 GB,192 bit,8037.81 RON
Zotac,During 4900,8 GB,128 bit,6016.38 RON
Zotac,Culture 4400,12 GB,128 bit,6371.81 RON
Gigabyte,Explain 4400,24 GB,192 bit,2406.57 RON
Gigabyte,Range 5200,6 GB,192 bit,2108.29 RON
Gigabyte,Box 5100,16 GB,256 bit,8663.25 RON
Asus,Politics 3500,12 GB,192 bit,7251.42 RON
Palit,Already 4400,24 GB,256 bit,1101.67 RON
Palit,Prevent 3700,24 GB,128 bit,1363.59 RON
MSI,Single 3600,8 GB,128 bit,7883.46 RON
Gigabyte,Eat 5100,6 GB,128 bit,4324.98 RON
Zotac,Strategy 5400,6 GB,256 bit,7367.74 RON
Asus,Although 4800,4 GB,192 bit,2013.47 RON
Asus,Before 3700,12 GB,256 bit,9073.14 RON
Palit,Finish 4900,6 GB,128 bit,4943.77 RON
MSI,Race 4600,12 GB,192 bit,9207.46 RON
Gigabyte,Tough 4300,16 GB,256 bit,3097.64 RON
MSI,Entire 3700,16 GB,128 bit,6506.61 RON
Asus,Hot 4300,12 GB,256 bit,4108.07 RON
Asus,Friend 3800,24 GB,256 bit,6320.77 RON
Zotac,Argue 3600,16 GB,192 bit,3170.15 RON
Asus,Pull 3400,8 GB,256 bit,5764.56 RON
Asus,Dream 5200,16 GB,128 bit,8580.96 RON
MSI,Turn 5500,24 GB,256 bit,9167.61 RON
Gigabyte,Pm 4400,24 GB,192 bit,2462.22 RON
MSI,Wait 3900,6 GB,192 bit,1555.0 RON
Asus,Rule 5400,6 GB,192 bit,9918.3 RON
Palit,Blue 3700,8 GB,128 bit,6776.18 RON
Palit,Of 4500,4 GB,128 bit,9056.39 RON
Gigabyte,Physical 4500,8 GB,128 bit,3896.34 RON
Asus,Catch 4800,6 GB,128 bit,9162.38 RON
Zotac,Effort 4300,8 GB,256 bit,6677.14 RON
MSI,System 5500,6 GB,128 bit,8696.2 RON
Gigabyte,Response 5400,12 GB,192 bit,3322.77 RON
MSI,Worker 4600,16 GB,128 bit,8179.71 RON
Gigabyte,Security 5400,24 GB,128 bit,6000.48 RON
Palit,Require 3700,6 GB,256 bit,9749.32 RON
Palit,From 4600,6 GB,128 bit,9919.54 RON
Zotac,Glass 5400,16 GB,128 bit,2524.34 RON
Zotac,Around 3900,8 GB,256 bit,5606.58 RON
Gigabyte,Card 4500,6 GB,256 bit,5305.91 RON
Palit,Study 4000,16 GB,256 bit,1613.4 RON
Gigabyte,Throw 5200,12 GB,192 bit,2432.55 RON
Palit,True 5000,16 GB,256 bit,4462.88 RON
MSI,Along 4800,6 GB,192 bit,7175.03 RON
Palit,Interesting 3300,16 GB,192 bit,6273.52 RON
MSI,Mind 4000,24 GB,192 bit,7697.34 RON
Palit,Beautiful 5200,6 GB,256 bit,8981.6 RON
MSI,Bar 4300,12 GB,192 bit,7942.67 RON
Palit,Join 4800,24 GB,256 bit,3284.72 RON
Gigabyte,Present 3500,8 GB,192 bit,5331.07 RON
Asus,Thank 4400,8 GB,192 bit,7166.66 RON
Zotac,Away 5500,8 GB,128 bit,5198.95 RON
MSI,Tend 3400,12 GB,256 bit,1686.48 RON
Asus,Commercial 3300,8 GB,256 bit,6485.72 RON
Palit,Building 4900,16 GB,192 bit,3916.59 RON
Zotac,Exactly 5400,4 GB,128 bit,2348.35 RON
Zotac,Special 4000,4 GB,192 bit,9843.33 RON
Gigabyte,Wind 4000,24 GB,128 bit,4522.29 RON
Palit,Operation 4600,8 GB,256 bit,2889.87 RON
Asus,Door 3400,16 GB,192 bit,2477.6 RON
Palit,Bad 3400,12 GB,192 bit,2691.68 RON
Zotac,Leg 3500,12 GB,256 bit,1485.12 RON
Asus,Red 3800,12 GB,256 bit,2406.17 RON
Palit,West 4400,8 GB,256 bit,5398.47 RON
MSI,Thought 4800,24 GB,192 bit,9069.33 RON
Zotac,Performance 5500,12 GB,256 bit,8281.42 RON
MSI,Produce 3900,6 GB,192 bit,9342.65 RON
Gigabyte,Might 4900,6 GB,128 bit,6820.35 RON
Zotac,New 4300,6 GB,256 bit,2733.36 RON
Palit,Feel 3600,6 GB,128 bit,6413.53 RON
Asus,Outside 4100,8 GB,192 bit,7025.49 RON
MSI,Car 5200,16 GB,128 bit,2900.63 RON
Palit,Visit 4100,6 GB,128 bit,2973.82 RON
Palit,Run 4300,12 GB,128 bit,2355.15 RON
Zotac,Program 4200,4 GB,192 bit,7467.33 RON
Palit,Capital 4400,4 GB,256 bit,9378.49 RON
Palit,Whether 4300,24 GB,192 bit,9255.71 RON
Gigabyte,Grow 5300,8 GB,192 bit,6221.65 RON
Gigabyte,Particularly 5400,12 GB,192 bit,3874.11 RON
Zotac,Affect 3700,12 GB,192 bit,5934.98 RON
Palit,Prepare 4300,6 GB,128 bit,6295.51 RON
Asus,Civil 5100,12 GB,192 bit,3306.23 RON
Asus,Note 4400,4 GB,192 bit,9241.3 RON
Zotac,Imagine 4900,8 GB,128 bit,7894.53 RON
Gigabyte,We 4900,16 GB,128 bit,4938.08 RON
MSI,Little 3300,24 GB,192 bit,4871.99 RON
MSI,Wide 4600,24 GB,192 bit,6061.34 RON
Asus,Same 4900,16 GB,192 bit,3698.86 RON
Asus,Across 3900,12 GB,128 bit,8567.26 RON
Zotac,Method 4400,4 GB,192 bit,8935.3 RON
Palit,Future 5500,6 GB,192 bit,5508.79 RON
Asus,Blood 5000,4 GB,192 bit,7265.34 RON
Zotac,Herself 5400,24 GB,256 bit,2708.63 RON
Gigabyte,Write 5500,6 GB,256 bit,9147.45 RON
Zotac,Threat 5500,24 GB,192 bit,7202.85 RON
MSI,Apply 5200,4 GB,256 bit,4244.6 RON
Gigabyte,Outside 4100,8 GB,128 bit,3265.94 RON
Gigabyte,Enough 3900,12 GB,128 bit,1263.11 RON
Palit,Receive 4400,16 GB,128 bit,8551.16 RON
Gigabyte,Couple 3700,12 GB,256 bit,5943.9 RON
Zotac,Exist 4000,8 GB,256 bit,6172.02 RON
Asus,Option 5200,16 GB,192 bit,9364.42 RON
Gigabyte,Report 3800,6 GB,128 bit,6864.56 RON
Zotac,Reduce 4800,16 GB,128 bit,1362.0 RON
Palit,Executive 4600,4 GB,256 bit,9786.03 RON
Palit,Product 4200,6 GB,256 bit,2799.54 RON
Palit,Ahead 5400,12 GB,256 bit,3231.88 RON
Palit,Yeah 5500,16 GB,128 bit,6061.21 RON
Gigabyte,Good 4900,24 GB,192 bit,2999.95 RON
Gigabyte,Project 5300,16 GB,128 bit,4421.59 RON
MSI,More 4300,24 GB,192 bit,3861.55 RON
Gigabyte,Sort 3400,6 GB,256 bit,9022.52 RON
Palit,Mission 5000,6 GB,128 bit,1042.24 RON
MSI,Turn 4100,24 GB,256 bit,7495.76 RON
Zotac,System 3300,24 GB,128 bit,5525.62 RON
Gigabyte,Make 3800,8 GB,256 bit,1412.46 RON
Asus,Power 3300,16 GB,128 bit,6019.92 RON
Zotac,Happen 4800,16 GB,192 bit,8983.33 RON
Asus,Suddenly 5500,4 GB,192 bit,5606.99 RON
Asus,Full 4200,4 GB,128 bit,1533.98 RON
MSI,Itself 3400,4 GB,128 bit,3779.21 RON
MSI,Check 5500,16 GB,192 bit,3291.34 RON
Asus,Them 5200,6 GB,192 bit,8239.5 RON
Asus,Either 5500,16 GB,192 bit,6704.96 RON
Asus,Bed 4500,24 GB,192 bit,2938.27 RON
Palit,Dream 4200,4 GB,128 bit,1018.12 RON
Palit,Buy 5200,24 GB,128 bit,1521.99 RON
Asus,Prove 5300,4 GB,128 bit,6259.14 RON
Asus,Wish 4800,4 GB,192 bit,4142.99 RON
Asus,Strategy 3700,12 GB,256 bit,6229.54 RON
Gigabyte,Drug 3900,12 GB,128 bit,4543.9 RON
Palit,Rather 3700,4 GB,256 bit,6030.25 RON
Zotac,Result 5300,6 GB,256 bit,2320.63 RON
Zotac,This 4000,6 GB,128 bit,4039.25 RON
MSI,Development 5100,12 GB,256 bit,1945.3 RON
Gigabyte,Serve 3600,6 GB,192 bit,3427.48 RON
Palit,Live 5100,4 GB,192 bit,5205.19 RON
Gigabyte,Approach 3600,6 GB,256 bit,7958.85 RON
Asus,Various 4500,12 GB,192 bit,9773.71 RON
Zotac,Strong 3700,4 GB,256 bit,4878.6 RON
Asus,Make 3600,24 GB,192 bit,7422.93 RON
MSI,Wish 4700,4 GB,192 bit,9148.9 RON
Asus,Another 4800,12 GB,256 bit,4975.37 RON
Zotac,Dream 3800,24 GB,256 bit,5898.29 RON
Gigabyte,Where 4600,16 GB,128 bit,6043.97 RON
Zotac,Large 3500,12 GB,128 bit,7451.48 RON
MSI,Decade 3700,4 GB,192 bit,2295.19 RON
Asus,Section 4000,16 GB,192 bit,5582.44 RON
Gigabyte,Simply 4400,8 GB,192 bit,2691.5 RON
MSI,Under 4800,4 GB,256 bit,4647.92 RON
MSI,Miss 5400,8 GB,192 bit,2335.58 RON
Palit,Physical 3800,12 GB,256 bit,6725.62 RON
Palit,Buy 5200,12 GB,128 bit,4115.2 RON
Gigabyte,Word 5300,12 GB,256 bit,9502.46 RON
Zotac,Professional 4500,24 GB,128 bit,1137.04 RON
Gigabyte,Modern 4300,4 GB,256 bit,3322.83 RON
Gigabyte,His 5500,16 GB,192 bit,6456.16 RON
Gigabyte,Sign 5100,4 GB,256 bit,7878.01 RON
Gigabyte,Commercial 5200,6 GB,256 bit,6263.84 RON
Palit,Direction 5500,16 GB,128 bit,1046.87 RON
Gigabyte,Quality 4500,24 GB,128 bit,3226.6 RON
Gigabyte,Under 3300,16 GB,128 bit,6659.55 RON
Gigabyte,Tax 5300,4 GB,256 bit,7962.86 RON
Gigabyte,Truth 5100,24 GB,192 bit,6030.37 RON
Palit,Large 3400,16 GB,192 bit,7129.75 RON
Zotac,Interesting 4200,12 GB,256 bit,7797.82 RON
Asus,Education 4600,24 GB,128 bit,2434.9 RON
MSI,Physical 5200,12 GB,256 bit,7132.41 RON
Zotac,Worry 4800,12 GB,192 bit,8119.55 RON
MSI,Development 5000,4 GB,192 bit,4311.76 RON
MSI,Country 4400,6 GB,192 bit,2215.14 RON
Palit,Investment 3300,24 GB,128 bit,8611.94 RON
Zotac,Sign 4700,6 GB,192 bit,4712.27 RON
Asus,Concern 5100,8 GB,128 bit,5051.35 RON
Asus,Director 3300,12 GB,256 bit,4327.17 RON
Zotac,Civil 5000,24 GB,256 bit,5390.38 RON
Asus,Model 4900,24 GB,128 bit,4418.31 RON
Palit,Four 4800,12 GB,128 bit,9431.32 RON
Zotac,President 3800,4 GB,128 bit,3686.24 RON
Asus,Success 4900,8 GB,128 bit,5310.91 RON
Gigabyte,Partner 4400,6 GB,256 bit,1333.85 RON
Zotac,Line 4600,4 GB,192 bit,9516.49 RON
Palit,Summer 3700,24 GB,256 bit,5334.68 RON
Asus,Law 3900,24 GB,128 bit,2531.07 RON
Zotac,System 4700,12 GB,128 bit,9662.99 RON
Gigabyte,Over 5100,6 GB,128 bit,9236.96 RON
Zotac,Card 4700,6 GB,192 bit,5800.39 RON
Asus,Three 3500,8 GB,192 bit,7773.44 RON
Zotac,Allow 5100,24 GB,128 bit,3272.11 RON
MSI,Figure 4400,16 GB,256 bit,2210.14 RON
MSI,Service 4500,24 GB,192 bit,7509.34 RON
MSI,Well 4100,24 GB,256 bit,1439.51 RON
Palit,Soldier 4400,12 GB,256 bit,4000.84 RON
Palit,Statement 4000,24 GB,192 bit,1691.26 RON
Palit,Recently 3800,24 GB,256 bit,8945.17 RON
MSI,Light 3800,8 GB,192 bit,9326.82 RON
Zotac,Believe 4100,24 GB,128 bit,9963.36 RON
Palit,Kid 4100,4 GB,256 bit,7293.61 RON
Gigabyte,South 4300,4 GB,256 bit,3412.46 RON
Zotac,Sport 4600,24 GB,192 bit,8453.24 RON
Gigabyte,Be 4700,16 GB,128 bit,1826.35 RON
Zotac,Piece 4500,12 GB,128 bit,3027.52 RON
Palit,Whether 4100,16 GB,192 bit,6028.46 RON
Palit,Also 5400,16 GB,256 bit,9512.1 RON
Gigabyte,Agency 5500,4 GB,128 bit,9200.57 RON
Asus,Think 3500,12 GB,128 bit,5761.43 RON
Palit,Sea 4800,6 GB,256 bit,3302.96 RON
Zotac,Foot 5300,4 GB,128 bit,9734.87 RON
Palit,Blue 4400,6 GB,192 bit,1709.28 RON
Gigabyte,More 4200,12 GB,192 bit,3663.92 RON
Zotac,Collection 3800,4 GB,192 bit,7324.58 RON
Asus,Actually 5000,24 GB,128 bit,1677.88 RON
Gigabyte,Statement 5500,8 GB,192 bit,4959.15 RON
Asus,Put 4400,8 GB,256 bit,5364.68 RON
Asus,History 4900,12 GB,128 bit,1585.28 RON
Zotac,Government 3600,16 GB,192 bit,7529.6 RON
Palit,Last 4400,24 GB,256 bit,3956.28 RON
Palit,Sure 4200,8 GB,192 bit,2669.43 RON
MSI,Instead 3300,4 GB,192 bit,9096.14 RON
Asus,Include 3400,6 GB,192 bit,9433.52 RON
Gigabyte,Around 4700,8 GB,256 bit,8339.92 RON
Palit,Article 5100,12 GB,192 bit,5836.15 RON
MSI,Guy 5200,12 GB,128 bit,7559.63 RON
Gigabyte,Right 5200,6 GB,128 bit,7202.6 RON
Zotac,Born 5400,6 GB,128 bit,9748.12 RON
Zotac,Find 3400,16 GB,128 bit,3195.11 RON
Gigabyte,Fall 3400,8 GB,192 bit,9704.3 RON
Asus,Foot 3400,6 GB,192 bit,3236.44 RON
Zotac,Fact 4900,4 GB,192 bit,6768.95 RON
Zotac,Culture 4800,6 GB,192 bit,2631.92 RON
Asus,Apply 5300,8 GB,128 bit,4792.6 RON
Asus,Community 3600,4 GB,128 bit,6925.69 RON
MSI,Campaign 4400,16 GB,256 bit,4640.11 RON
Asus,Top 4600,16 GB,192 bit,7472.06 RON
Gigabyte,Back 3800,4 GB,128 bit,7488.36 RON
Zotac,Arm 4300,24 GB,128 bit,8390.24 RON
Palit,Along 3400,8 GB,128 bit,9949.26 RON
Zotac,Dinner 3400,8 GB,192 bit,8507.82 RON
Zotac,Speech 4500,24 GB,192 bit,5190.09 RON
Asus,Ball 4000,16 GB,192 bit,6815.02 RON
Palit,Officer 4200,6 GB,192 bit,2941.41 RON
Palit,Available 4600,24 GB,192 bit,2613.67 RON
Asus,Wife 5400,4 GB,256 bit,4303.54 RON
Zotac,Environmental 5200,6 GB,192 bit,8871.92 RON
Gigabyte,Either 4200,24 GB,128 bit,9427.65 RON
Zotac,Civil 3900,8 GB,128 bit,2008.95 RON
Zotac,Possible 4300,24 GB,256 bit,3843.86 RON
Asus,Defense 5300,4 GB,256 bit,9780.41 RON
Gigabyte,Direction 4100,6 GB,128 bit,4293.58 RON
Asus,Low 3600,8 GB,256 bit,1566.17 RON
Palit,Audience 4500,6 GB,128 bit,8127.29 RON
Palit,Song 3600,12 GB,192 bit,9477.75 RON
Gigabyte,Against 4200,12 GB,128 bit,6825.7 RON
Zotac,Will 3900,6 GB,256 bit,8119.51 RON
Asus,After 3900,12 GB,256 bit,8141.15 RON
Zotac,Audience 4100,6 GB,192 bit,4178.66 RON
Asus,Consumer 5200,6 GB,128 bit,9961.13 RON
MSI,Moment 4700,6 GB,256 bit,8535.2 RON
MSI,State 4800,12 GB,128 bit,2008.09 RON
Gigabyte,Seek 4600,8 GB,192 bit,2258.57 RON
Asus,Type 5200,4 GB,192 bit,3894.76 RON
Zotac,Each 3400,12 GB,192 bit,5138.32 RON
MSI,Fund 4700,8 GB,192 bit,8936.93 RON
Asus,Forward 3300,24 GB,192 bit,3766.8 RON
Palit,Leg 4300,24 GB,192 bit,7845.4 RON
Gigabyte,Rest 3500,4 GB,256 bit,6863.67 RON
Palit,Control 5500,6 GB,192 bit,9932.03 RON
Asus,Particular 4100,16 GB,192 bit,4960.0 RON
Asus,Cold 5200,4 GB,256 bit,2439.84 RON
Gigabyte,Citizen 4600,12 GB,192 bit,9659.67 RON
MSI,Large 4400,12 GB,256 bit,8901.85 RON
Asus,Law 5500,6 GB,128 bit,8484.89 RON
Zotac,Owner 4200,24 GB,192 bit,4361.83 RON
Zotac,Everything 5500,12 GB,192 bit,7817.71 RON
Zotac,Participant 3300,16 GB,128 bit,3194.58 RON
MSI,Public 3500,6 GB,192 bit,3647.89 RON
Palit,Stock 4000,8 GB,256 bit,8503.76 RON
Zotac,Say 5500,6 GB,192 bit,4752.22 RON
Asus,Own 4800,12 GB,256 bit,1833.6 RON
Zotac,Girl 3300,6 GB,192 bit,9799.25 RON
MSI,Manager 4500,4 GB,128 bit,8370.05 RON
Gigabyte,Choice 5100,6 GB,256 bit,9916.46 RON
Asus,Painting 3700,6 GB,256 bit,9646.81 RON
MSI,Street 4200,12 GB,128 bit,6465.25 RON
Gigabyte,Political 5500,8 GB,192 bit,9888.23 RON
Palit,Central 4500,6 GB,128 bit,8104.32 RON
MSI,Effect 3300,16 GB,192 bit,3299.6 RON
Palit,Between 5100,16 GB,192 bit,8655.71 RON
Gigabyte,Four 3700,4 GB,256 bit,2246.12 RON
Zotac,Party 4700,24 GB,256 bit,7344.0 RON
Palit,Than 3300,8 GB,256 bit,3677.49 RON
Gigabyte,Drop 4700,12 GB,192 bit,7045.69 RON
Zotac,We 5500,8 GB,128 bit,2186.06 RON
Gigabyte,Defense 5100,4 GB,128 bit,1436.77 RON
MSI,There 3500,4 GB,192 bit,2933.65 RON
Palit,Side 3500,6 GB,128 bit,4382.82 RON
MSI,Add 5400,6 GB,256 bit,2858.88 RON
Asus,Administration 5400,16 GB,128 bit,8866.27 RON
Palit,Building 5000,12 GB,128 bit,9098.27 RON
Zotac,Pressure 3400,24 GB,256 bit,2127.01 RON
MSI,Way 4000,8 GB,256 bit,7682.23 RON
Palit,Agreement 3800,12 GB,128 bit,8317.09 RON
Asus,Professional 4800,4 GB,192 bit,4986.09 RON
MSI,Military 4800,6 GB,256 bit,4333.34 RON
Palit,Dinner 4700,6 GB,192 bit,6129.45 RON
Asus,Month 4300,4 GB,192 bit,4642.09 RON
Asus,Hospital 4600,24 GB,192 bit,7287.52 RON
MSI,Be 3600,12 GB,192 bit,9113.39 RON
Palit,Form 3400,12 GB,128 bit,8480.98 RON
Zotac,Mission 3400,24 GB,192 bit,8216.2 RON
Zotac,Home 3300,12 GB,192 bit,6041.5 RON
Zotac,Turn 5100,12 GB,192 bit,2576.49 RON
Asus,First 4800,4 GB,256 bit,8698.16 RON
Gigabyte,Vote 3500,6 GB,192 bit,5823.47 RON
MSI,Describe 4800,4 GB,256 bit,4427.71 RON
MSI,Experience 4000,12 GB,128 bit,6969.84 RON
MSI,Why 5300,12 GB,128 bit,8450.91 RON
Zotac,Decade 4200,12 GB,256 bit,5068.91 RON
MSI,Choose 5400,12 GB,256 bit,7805.57 RON
Palit,Pattern 5400,16 GB,192 bit,1743.82 RON
Palit,Important 5000,12 GB,128 bit,5860.38 RON
Zotac,Meeting 3600,24 GB,192 bit,1387.57 RON
Gigabyte,Worker 4800,8 GB,256 bit,2074.81 RON
Palit,Leave 4700,16 GB,128 bit,9092.18 RON
Zotac,Actually 3300,24 GB,128 bit,1116.53 RON
MSI,Statement 5500,24 GB,256 bit,5316.12 RON
Asus,Majority 5500,24 GB,192 bit,8656.07 RON
Asus,National 3500,16 GB,128 bit,2328.38 RON
MSI,Of 5300,8 GB,128 bit,4879.69 RON
Gigabyte,Certain 3600,12 GB,128 bit,1161.15 RON
MSI,Unit 3700,4 GB,192 bit,6284.81 RON
Gigabyte,The 5400,8 GB,256 bit,6606.53 RON
MSI,System 3300,16 GB,192 bit,8697.12 RON
MSI,Tax 5300,6 GB,192 bit,9944.38 RON
Asus,Hope 4300,16 GB,128 bit,7773.63 RON
Palit,Easy 4200,8 GB,192 bit,1352.74 RON
MSI,Worker 4100,8 GB,128 bit,2540.04 RON
Asus,I 4100,24 GB,256 bit,3426.0 RON
Palit,Picture 4500,12 GB,128 bit,7351.48 RON
Palit,Condition 5500,6 GB,192 bit,9766.56 RON
MSI,Environmental 4600,16 GB,128 bit,4396.99 RON
Asus,Shoulder 3600,4 GB,192 bit,2422.76 RON
Palit,It 4300,6 GB,256 bit,8125.0 RON
Palit,Mind 4100,12 GB,192 bit,5631.54 RON
Zotac,Lay 3600,6 GB,192 bit,8074.31 RON
MSI,Central 3700,24 GB,192 bit,6615.77 RON
Asus,Color 4000,16 GB,192 bit,5338.99 RON
Gigabyte,Indeed 4100,24 GB,192 bit,8500.94 RON
Gigabyte,Or 4900,16 GB,128 bit,3916.19 RON
MSI,Should 5500,16 GB,192 bit,8924.01 RON
Zotac,Customer 4000,24 GB,192 bit,3224.79 RON
Palit,Turn 4100,8 GB,256 bit,1906.93 RON
Zotac,Student 4200,6 GB,128 bit,6937.42 RON
Asus,Truth 3300,16 GB,128 bit,5861.23 RON
Zotac,Collection 5100,8 GB,192 bit,4044.58 RON
MSI,Fight 4700,16 GB,192 bit,2863.03 RON
Palit,Leader 5200,16 GB,192 bit,8146.0 RON
Gigabyte,Forget 4200,24 GB,256 bit,3504.7 RON
Zotac,Poor 4200,6 GB,128 bit,5119.96 RON
MSI,Current 4100,6 GB,192 bit,3355.76 RON
Zotac,Deep 4500,24 GB,128 bit,3761.73 RON
MSI,Kitchen 4900,24 GB,128 bit,2840.55 RON
Asus,Fall 3300,4 GB,256 bit,3103.58 RON
Palit,Market 4500,6 GB,192 bit,1410.45 RON
MSI,Author 5200,6 GB,256 bit,2610.53 RON
Zotac,Oil 4400,6 GB,128 bit,7666.07 RON
MSI,Center 5400,12 GB,128 bit,3593.42 RON
Zotac,Others 5300,16 GB,192 bit,4322.38 RON
MSI,Win 4200,8 GB,256 bit,2386.47 RON
Zotac,Level 4700,12 GB,256 bit,4825.71 RON
Zotac,Glass 5000,4 GB,256 bit,7147.95 RON
Zotac,Different 5300,16 GB,128 bit,7219.67 RON
Gigabyte,Various 3600,4 GB,256 bit,8180.92 RON
Asus,Season 3700,6 GB,192 bit,9211.85 RON
MSI,When 4300,8 GB,128 bit,3608.51 RON
Gigabyte,All 4200,6 GB,128 bit,7343.6 RON
Asus,Trip 4100,16 GB,192 bit,3324.52 RON
Zotac,Leave 3300,4 GB,192 bit,7824.5 RON
Gigabyte,Idea 3900,6 GB,128 bit,1905.76 RON
Zotac,Question 3800,6 GB,256 bit,9587.31 RON
Zotac,Check 4500,6 GB,128 bit,4151.29 RON
Gigabyte,Current 4000,16 GB,192 bit,9481.02 RON
MSI,Point 5200,24 GB,128 bit,1011.92 RON
Asus,Alone 4300,8 GB,128 bit,3416.49 RON
Zotac,Relationship 5000,16 GB,256 bit,7112.54 RON
Gigabyte,International 3300,24 GB,192 bit,5203.87 RON
Gigabyte,Audience 4500,24 GB,256 bit,7162.99 RON
MSI,Kid 5500,12 GB,192 bit,8814.1 RON
Asus,Research 4600,24 GB,128 bit,5993.19 RON
MSI,Air 4500,12 GB,256 bit,8771.26 RON
MSI,Successful 4800,8 GB,256 bit,3805.15 RON
Asus,Then 3800,24 GB,192 bit,3555.56 RON
Palit,So 4700,6 GB,192 bit,5260.09 RON
Gigabyte,Later 5000,12 GB,128 bit,8376.78 RON
MSI,Material 5000,6 GB,256 bit,5795.24 RON
Zotac,Pull 5300,24 GB,128 bit,6126.04 RON
Gigabyte,Although 4300,4 GB,128 bit,4742.67 RON
Gigabyte,Single 4500,6 GB,192 bit,3854.64 RON
MSI,Fish 3600,16 GB,128 bit,5770.67 RON
Palit,Leader 5400,12 GB,256 bit,6262.48 RON
Asus,Me 4000,24 GB,192 bit,7349.02 RON
Asus,Only 3600,12 GB,128 bit,4277.76 RON
MSI,Reason 4500,24 GB,192 bit,8961.55 RON
Palit,Foot 4400,24 GB,128 bit,4134.82 RON
Gigabyte,Evidence 3300,8 GB,256 bit,9352.69 RON
Zotac,Recently 4600,6 GB,192 bit,3511.83 RON
Gigabyte,Reach 4800,4 GB,256 bit,3331.72 RON
Palit,Be 3600,4 GB,256 bit,2750.28 RON
MSI,Well 5000,24 GB,128 bit,7615.63 RON
Palit,Learn 3300,8 GB,256 bit,1573.18 RON
Asus,Change 4400,8 GB,128 bit,6743.46 RON
Asus,Seem 5500,8 GB,128 bit,2654.5 RON
Zotac,Finish 3500,24 GB,256 bit,5779.04 RON
MSI,Many 3300,8 GB,192 bit,2023.52 RON
Asus,From 3300,12 GB,128 bit,2739.42 RON
MSI,Although 3900,8 GB,192 bit,2638.04 RON
Asus,Lose 4800,4 GB,192 bit,1603.47 RON
Gigabyte,Range 4200,12 GB,256 bit,4523.23 RON
MSI,Decade 3900,8 GB,192 bit,7195.34 RON
Gigabyte,Bit 4700,12 GB,256 bit,5044.06 RON
MSI,Above 5000,24 GB,192 bit,6512.42 RON
Palit,By 3600,8 GB,128 bit,8251.61 RON
Asus,Key 5000,8 GB,256 bit,5924.69 RON
MSI,Rock 4800,24 GB,256 bit,7718.91 RON
Zotac,Onto 5200,12 GB,256 bit,2315.69 RON
Asus,The 4700,12 GB,128 bit,5719.16 RON
Zotac,Few 3700,16 GB,128 bit,2775.83 RON
Zotac,List 5000,4 GB,128 bit,5695.73 RON
Zotac,Newspaper 4800,24 GB,128 bit,4448.71 RON
MSI,Challenge 4700,16 GB,256 bit,8613.34 RON
Palit,Serve 4900,16 GB,128 bit,7216.16 RON
MSI,Vote 3600,8 GB,128 bit,1452.13 RON
MSI,State 4200,8 GB,192 bit,5857.79 RON
MSI,Available 3700,24 GB,128 bit,4093.91 RON
Gigabyte,Share 3300,12 GB,128 bit,8287.45 RON
Zotac,Draw 4900,16 GB,192 bit,6134.71 RON
Asus,Magazine 3400,8 GB,128 bit,8577.95 RON
Palit,Run 3700,12 GB,128 bit,4435.72 RON
Palit,Rich 5500,24 GB,128 bit,1645.99 RON
Palit,Travel 4400,12 GB,256 bit,9873.77 RON
Palit,Drug 3300,12 GB,256 bit,7829.63 RON
Asus,Study 4100,24 GB,128 bit,1946.27 RON
Gigabyte,Manager 4900,8 GB,192 bit,2420.2 RON
Gigabyte,Stock 3900,16 GB,128 bit,2668.66 RON
MSI,Write 3700,8 GB,256 bit,1579.02 RON
MSI,Seat 4200,6 GB,192 bit,6486.5 RON
Gigabyte,Sort 5300,4 GB,256 bit,9474.11 RON
MSI,Better 4900,4 GB,256 bit,7611.68 RON
Asus,Civil 5000,12 GB,256 bit,7374.07 RON
Palit,Pretty 4200,4 GB,128 bit,6689.87 RON
MSI,Whole 4800,16 GB,128 bit,7031.07 RON
Palit,Today 3900,16 GB,128 bit,8577.93 RON
Asus,Anything 4200,16 GB,256 bit,4363.35 RON
Palit,Movie 4600,24 GB,128 bit,5047.54 RON
Asus,High 5000,12 GB,192 bit,8921.19 RON
Asus,Open 4900,8 GB,128 bit,1838.64 RON
Zotac,Discover 4800,8 GB,192 bit,1243.06 RON
Asus,Collection 4900,6 GB,256 bit,5288.16 RON
Asus,Decide 3900,4 GB,192 bit,8222.75 RON
Gigabyte,Pay 5100,12 GB,256 bit,1338.48 RON
Asus,Common 4700,4 GB,256 bit,3198.32 RON
MSI,Institution 4700,6 GB,128 bit,1747.99 RON
Gigabyte,Do 5500,6 GB,128 bit,1349.17 RON
Palit,Remain 3500,16 GB,192 bit,1974.92 RON
Gigabyte,Affect 5300,8 GB,128 bit,8050.56 RON
MSI,Agreement 3700,16 GB,256 bit,9257.7 RON
Asus,Drive 3900,24 GB,128 bit,1938.54 RON
Palit,Fund 3900,16 GB,128 bit,7176.84 RON
Gigabyte,Market 5100,16 GB,256 bit,2361.06 RON
MSI,Professional 4500,12 GB,128 bit,1673.72 RON
Gigabyte,Begin 3400,16 GB,192 bit,6326.7 RON
Asus,Future 4700,12 GB,192 bit,6117.57 RON
Palit,Green 4300,6 GB,256 bit,4524.24 RON
Gigabyte,Ago 4700,8 GB,128 bit,2235.63 RON
Asus,Hope 4700,24 GB,128 bit,3980.79 RON
Palit,Once 4900,24 GB,192 bit,9108.41 RON
Palit,Inside 4700,24 GB,128 bit,1035.54 RON
MSI,Have 5300,6 GB,192 bit,3891.97 RON
Asus,Choose 5500,12 GB,128 bit,7807.48 RON
Asus,Country 3700,4 GB,256 bit,3296.37 RON
Palit,Before 5000,6 GB,192 bit,1196.59 RON
Palit,Possible 5200,24 GB,192 bit,1121.55 RON
Zotac,Enough 3900,6 GB,256 bit,8857.65 RON
Asus,Voice 3700,24 GB,128 bit,6339.55 RON
MSI,Interest 4200,4 GB,256 bit,4375.04 RON
